"title","start_time","end_time","description","exercise_title","superset_id","exercise_notes","set_index","set_type","weight_lbs","reps","distance_km","duration_seconds","rpe"
"PULL","28 Jul 2026, 17:09","28 Jul 2026, 18:27","","Pull Up",,"",0,"normal",,10,,,
"PULL","28 Jul 2026, 17:09","28 Jul 2026, 18:27","","Pull Up",,"",1,"normal",,8,,,
"PULL","28 Jul 2026, 17:09","28 Jul 2026, 18:27","","Pull Up",,"",2,"normal",,8,,,
"PULL","28 Jul 2026, 17:09","28 Jul 2026, 18:27","","Lat Pulldown - Close Grip (Cable)",,"",0,"warmup",100,6,,,
"PULL","28 Jul 2026, 17:09","28 Jul 2026, 18:27","","Lat Pulldown - Close Grip (Cable)",,"",1,"normal",160,9,,,
"PULL","28 Jul 2026, 17:09","28 Jul 2026, 18:27","","Lat Pulldown (Cable)",,"",0,"normal",180,6,,,
"PULL","28 Jul 2026, 17:09","28 Jul 2026, 18:27","","Lat Pulldown (Cable)",,"",1,"normal",180,6,,,
"PULL","28 Jul 2026, 17:09","28 Jul 2026, 18:27","","Single Arm Cable Row",,"",0,"warmup",29,7,,,
"PULL","28 Jul 2026, 17:09","28 Jul 2026, 18:27","","Bent Over Row (Smith Machine)",,"",0,"warmup",70,6,,,
"PULL","28 Jul 2026, 17:09","28 Jul 2026, 18:27","","Bent Over Row (Smith Machine)",,"",1,"normal",120,6,,,
"PULL","28 Jul 2026, 17:09","28 Jul 2026, 18:27","","Seated Cable Row - V Grip (Cable)",,"",0,"warmup",100,7,,,
"PULL","28 Jul 2026, 17:09","28 Jul 2026, 18:27","","Seated Cable Row - V Grip (Cable)",,"",1,"normal",160,12,,,
"PULL","28 Jul 2026, 17:09","28 Jul 2026, 18:27","","Seated Cable Row - V Grip (Cable)",,"",2,"normal",160,13,,,
"PULL","28 Jul 2026, 17:09","28 Jul 2026, 18:27","","Seated Cable Row - Bar Grip",,"",0,"normal",160,8,,,
"PULL","28 Jul 2026, 17:09","28 Jul 2026, 18:27","","Seated Cable Row - Bar Grip",,"",1,"normal",145,14,,,
"PULL","28 Jul 2026, 17:09","28 Jul 2026, 18:27","","Preacher Curl (Machine)",,"",0,"warmup",80,5,,,
"PULL","28 Jul 2026, 17:09","28 Jul 2026, 18:27","","Preacher Curl (Machine)",,"",1,"normal",125,6,,,
"PULL","28 Jul 2026, 17:09","28 Jul 2026, 18:27","","Preacher Curl (Machine)",,"",2,"normal",110,9,,,
"PULL","28 Jul 2026, 17:09","28 Jul 2026, 18:27","","Preacher Curl (Machine)",,"",3,"normal",110,7,,,
"PULL","28 Jul 2026, 17:09","28 Jul 2026, 18:27","","Single Arm Hammer Curl (Cable)",,"",0,"normal",29,8,,,
"PULL","28 Jul 2026, 17:09","28 Jul 2026, 18:27","","Single Arm Hammer Curl (Cable)",,"",1,"normal",27.5,8,,,
"PULL","28 Jul 2026, 17:09","28 Jul 2026, 18:27","","Single Arm Hammer Curl (Cable)",,"",2,"normal",27.5,7,,,
"PULL","28 Jul 2026, 17:09","28 Jul 2026, 18:27","","Cable Crunch",,"",0,"normal",100,13,,,
"PULL","28 Jul 2026, 17:09","28 Jul 2026, 18:27","","Cable Crunch",,"",1,"normal",100,11,,,
"PUSH","27 Jul 2026, 18:03","27 Jul 2026, 19:29","Been a few days everything feels heavier","Bench Press (Smith Machine)",,"",0,"warmup",110,4,,,
"PUSH","27 Jul 2026, 18:03","27 Jul 2026, 19:29","Been a few days everything feels heavier","Bench Press (Smith Machine)",,"",1,"warmup",160,4,,,
"PUSH","27 Jul 2026, 18:03","27 Jul 2026, 19:29","Been a few days everything feels heavier","Bench Press (Smith Machine)",,"",2,"normal",160,8,,,
"PUSH","27 Jul 2026, 18:03","27 Jul 2026, 19:29","Been a few days everything feels heavier","Bench Press (Smith Machine)",,"",3,"normal",160,9,,,
"PUSH","27 Jul 2026, 18:03","27 Jul 2026, 19:29","Been a few days everything feels heavier","Incline Bench Press (Smith Machine)",,"",0,"warmup",110,4,,,
"PUSH","27 Jul 2026, 18:03","27 Jul 2026, 19:29","Been a few days everything feels heavier","Incline Bench Press (Smith Machine)",,"",1,"normal",130,10,,,
"PUSH","27 Jul 2026, 18:03","27 Jul 2026, 19:29","Been a few days everything feels heavier","Incline Bench Press (Smith Machine)",,"",2,"normal",140,6,,,
"PUSH","27 Jul 2026, 18:03","27 Jul 2026, 19:29","Been a few days everything feels heavier","Incline Bench Press (Smith Machine)",,"",3,"normal",140,6,,,
"PUSH","27 Jul 2026, 18:03","27 Jul 2026, 19:29","Been a few days everything feels heavier","Chest Fly (Machine)",,"",0,"normal",180,9,,,
"PUSH","27 Jul 2026, 18:03","27 Jul 2026, 19:29","Been a few days everything feels heavier","Chest Fly (Machine)",,"",1,"normal",190,6,,,
"PUSH","27 Jul 2026, 18:03","27 Jul 2026, 19:29","Been a few days everything feels heavier","Chest Fly (Machine)",,"",2,"normal",185,6,,,
"PUSH","27 Jul 2026, 18:03","27 Jul 2026, 19:29","Been a few days everything feels heavier","Single Arm Lateral Raise (Cable)",,"",0,"normal",10,14,,,
"PUSH","27 Jul 2026, 18:03","27 Jul 2026, 19:29","Been a few days everything feels heavier","Single Arm Lateral Raise (Cable)",,"",1,"normal",15,13,,,
"PUSH","27 Jul 2026, 18:03","27 Jul 2026, 19:29","Been a few days everything feels heavier","Single Arm Lateral Raise (Cable)",,"",2,"normal",15,14,,,
"PUSH","27 Jul 2026, 18:03","27 Jul 2026, 19:29","Been a few days everything feels heavier","Overhead Press (Barbell)",,"",0,"warmup",45,7,,,
"PUSH","27 Jul 2026, 18:03","27 Jul 2026, 19:29","Been a few days everything feels heavier","Overhead Press (Barbell)",,"",1,"normal",95,4,,,
"PUSH","27 Jul 2026, 18:03","27 Jul 2026, 19:29","Been a few days everything feels heavier","Overhead Press (Barbell)",,"",2,"normal",95,8,,,
"PUSH","27 Jul 2026, 18:03","27 Jul 2026, 19:29","Been a few days everything feels heavier","Single Arm Triceps Pushdown (Cable)",,"",0,"normal",30.5,9,,,
"PUSH","27 Jul 2026, 18:03","27 Jul 2026, 19:29","Been a few days everything feels heavier","Single Arm Triceps Pushdown (Cable)",,"",1,"normal",30.5,7,,,
"PUSH","27 Jul 2026, 18:03","27 Jul 2026, 19:29","Been a few days everything feels heavier","Triceps Extension (Cable)",,"",0,"normal",25.5,9,,,
"PUSH","27 Jul 2026, 18:03","27 Jul 2026, 19:29","Been a few days everything feels heavier","Triceps Extension (Cable)",,"",1,"normal",25.5,8,,,
"PUSH","27 Jul 2026, 18:03","27 Jul 2026, 19:29","Been a few days everything feels heavier","Cable Crunch",,"",0,"normal",85,18,,,
"PUSH","27 Jul 2026, 18:03","27 Jul 2026, 19:29","Been a few days everything feels heavier","Cable Crunch",,"",1,"normal",100,11,,,
"PUSH","27 Jul 2026, 18:03","27 Jul 2026, 19:29","Been a few days everything feels heavier","Cable Crunch",,"",2,"normal",100,11,,,
"PULL","23 Jul 2026, 16:27","23 Jul 2026, 17:46","","Lat Pulldown (Cable)",,"",0,"warmup",160,6,,,
"PULL","23 Jul 2026, 16:27","23 Jul 2026, 17:46","","Lat Pulldown (Cable)",,"",1,"normal",180,5,,,
"PULL","23 Jul 2026, 16:27","23 Jul 2026, 17:46","","Lat Pulldown (Cable)",,"",2,"normal",165,8,,,
"PULL","23 Jul 2026, 16:27","23 Jul 2026, 17:46","","Lat Pulldown (Cable)",,"",3,"normal",165,9,,,
"PULL","23 Jul 2026, 16:27","23 Jul 2026, 17:46","","Seated Cable Row - Bar Grip",,"",0,"warmup",120,5,,,
"PULL","23 Jul 2026, 16:27","23 Jul 2026, 17:46","","Seated Cable Row - Bar Grip",,"",1,"normal",140,16,,,
"PULL","23 Jul 2026, 16:27","23 Jul 2026, 17:46","","Seated Cable Row - Bar Grip",,"",2,"normal",150,10,,,
"PULL","23 Jul 2026, 16:27","23 Jul 2026, 17:46","","Seated Cable Row - Bar Grip",,"",3,"normal",150,11,,,
"PULL","23 Jul 2026, 16:27","23 Jul 2026, 17:46","","Seated Cable Row - V Grip (Cable)",,"",0,"warmup",100,8,,,
"PULL","23 Jul 2026, 16:27","23 Jul 2026, 17:46","","Seated Cable Row - V Grip (Cable)",,"",1,"normal",140,16,,,
"PULL","23 Jul 2026, 16:27","23 Jul 2026, 17:46","","Seated Cable Row - V Grip (Cable)",,"",2,"normal",160,9,,,
"PULL","23 Jul 2026, 16:27","23 Jul 2026, 17:46","","Seated Cable Row - V Grip (Cable)",,"",3,"normal",160,10,,,
"PULL","23 Jul 2026, 16:27","23 Jul 2026, 17:46","","Shrug (Smith Machine)",,"",0,"warmup",70,7,,,
"PULL","23 Jul 2026, 16:27","23 Jul 2026, 17:46","","Shrug (Smith Machine)",,"",1,"warmup",70,5,,,
"PULL","23 Jul 2026, 16:27","23 Jul 2026, 17:46","","Shrug (Smith Machine)",,"",2,"normal",110,11,,,
"PULL","23 Jul 2026, 16:27","23 Jul 2026, 17:46","","Shrug (Smith Machine)",,"",3,"normal",130,16,,,
"PULL","23 Jul 2026, 16:27","23 Jul 2026, 17:46","","Shrug (Smith Machine)",,"",4,"normal",150,13,,,
"PULL","23 Jul 2026, 16:27","23 Jul 2026, 17:46","","Shrug (Smith Machine)",,"",5,"normal",180,15,,,
"PULL","23 Jul 2026, 16:27","23 Jul 2026, 17:46","","Shrug (Smith Machine)",,"",6,"normal",200,12,,,
"PULL","23 Jul 2026, 16:27","23 Jul 2026, 17:46","","Seated Incline Curl (Dumbbell)",,"",0,"normal",45,12,,,
"PULL","23 Jul 2026, 16:27","23 Jul 2026, 17:46","","Seated Incline Curl (Dumbbell)",,"",1,"normal",45,10,,,
"PULL","23 Jul 2026, 16:27","23 Jul 2026, 17:46","","Seated Incline Curl (Dumbbell)",,"",2,"normal",45,8,,,
"PULL","23 Jul 2026, 16:27","23 Jul 2026, 17:46","","Preacher Curl (Machine)",,"",0,"normal",110,6,,,
"PULL","23 Jul 2026, 16:27","23 Jul 2026, 17:46","","Preacher Curl (Machine)",,"",1,"normal",95,7,,,
"PULL","23 Jul 2026, 16:27","23 Jul 2026, 17:46","","Reverse Curl (Barbell)",,"",0,"normal",70,7,,,
"PULL","23 Jul 2026, 16:27","23 Jul 2026, 17:46","","Reverse Curl (Barbell)",,"",1,"normal",70,7,,,
"PULL","23 Jul 2026, 16:27","23 Jul 2026, 17:46","","Cable Crunch",,"",0,"normal",100.5,13,,,
"PULL","23 Jul 2026, 16:27","23 Jul 2026, 17:46","","Cable Crunch",,"",1,"normal",100.5,11,,,
"PUSH","22 Jul 2026, 17:10","22 Jul 2026, 18:32","","Bench Press (Smith Machine)",,"",0,"warmup",110,5,,,
"PUSH","22 Jul 2026, 17:10","22 Jul 2026, 18:32","","Bench Press (Smith Machine)",,"",1,"normal",160,9,,,
"PUSH","22 Jul 2026, 17:10","22 Jul 2026, 18:32","","Bench Press (Smith Machine)",,"",2,"normal",170,6,,,
"PUSH","22 Jul 2026, 17:10","22 Jul 2026, 18:32","","Bench Press (Smith Machine)",,"",3,"normal",170,6,,,
"PUSH","22 Jul 2026, 17:10","22 Jul 2026, 18:32","","Incline Bench Press (Smith Machine)",,"",0,"warmup",110,5,,,
"PUSH","22 Jul 2026, 17:10","22 Jul 2026, 18:32","","Incline Bench Press (Smith Machine)",,"",1,"normal",140,7,,,
"PUSH","22 Jul 2026, 17:10","22 Jul 2026, 18:32","","Incline Bench Press (Smith Machine)",,"",2,"normal",140,6,,,
"PUSH","22 Jul 2026, 17:10","22 Jul 2026, 18:32","","Incline Bench Press (Smith Machine)",,"",3,"normal",130,5,,,
"PUSH","22 Jul 2026, 17:10","22 Jul 2026, 18:32","","Chest Fly (Machine)",,"",0,"warmup",175,5,,,
"PUSH","22 Jul 2026, 17:10","22 Jul 2026, 18:32","","Chest Fly (Machine)",,"",1,"normal",190,7,,,
"PUSH","22 Jul 2026, 17:10","22 Jul 2026, 18:32","","Chest Fly (Machine)",,"",2,"normal",190,7,,,
"PUSH","22 Jul 2026, 17:10","22 Jul 2026, 18:32","","Single Arm Lateral Raise (Cable)",,"",0,"normal",15.5,15,,,
"PUSH","22 Jul 2026, 17:10","22 Jul 2026, 18:32","","Single Arm Lateral Raise (Cable)",,"",1,"normal",17.5,12,,,
"PUSH","22 Jul 2026, 17:10","22 Jul 2026, 18:32","","Single Arm Lateral Raise (Cable)",,"",2,"normal",17.5,12,,,
"PUSH","22 Jul 2026, 17:10","22 Jul 2026, 18:32","","Overhead Press (Barbell)",,"",0,"warmup",45,7,,,
"PUSH","22 Jul 2026, 17:10","22 Jul 2026, 18:32","","Overhead Press (Barbell)",,"",1,"normal",115,3,,,
"PUSH","22 Jul 2026, 17:10","22 Jul 2026, 18:32","","Overhead Press (Barbell)",,"",2,"normal",95,7,,,
"PUSH","22 Jul 2026, 17:10","22 Jul 2026, 18:32","","Overhead Press (Barbell)",,"",3,"normal",95,8,,,
"PUSH","22 Jul 2026, 17:10","22 Jul 2026, 18:32","","Single Arm Triceps Pushdown (Cable)",,"",0,"normal",30,10,,,
"PUSH","22 Jul 2026, 17:10","22 Jul 2026, 18:32","","Single Arm Triceps Pushdown (Cable)",,"",1,"normal",30,7,,,
"PUSH","22 Jul 2026, 17:10","22 Jul 2026, 18:32","","Single Arm Triceps Pushdown (Cable)",,"",2,"normal",30,8,,,
"PUSH","22 Jul 2026, 17:10","22 Jul 2026, 18:32","","Triceps Extension (Cable)",,"",0,"normal",25,7,,,
"PUSH","22 Jul 2026, 17:10","22 Jul 2026, 18:32","","Triceps Extension (Cable)",,"",1,"normal",25,8,,,
"PUSH","22 Jul 2026, 17:10","22 Jul 2026, 18:32","","Cable Crunch",,"",0,"normal",105,15,,,
"PUSH","22 Jul 2026, 17:10","22 Jul 2026, 18:32","","Cable Crunch",,"",1,"normal",105,11,,,
"PUSH","22 Jul 2026, 17:10","22 Jul 2026, 18:32","","Cable Crunch",,"",2,"normal",105,11,,,
"Quick LEG","21 Jul 2026, 18:34","21 Jul 2026, 19:16","","Cable Crunch",,"",0,"normal",105,12,,,
"Quick LEG","21 Jul 2026, 18:34","21 Jul 2026, 19:16","","Cable Crunch",,"",1,"normal",105,10,,,
"Quick LEG","21 Jul 2026, 18:34","21 Jul 2026, 19:16","","Cable Crunch",,"",2,"normal",105,10,,,
"Quick LEG","21 Jul 2026, 18:34","21 Jul 2026, 19:16","","Romanian Deadlift (Barbell)",,"",0,"warmup",135,3,,,
"Quick LEG","21 Jul 2026, 18:34","21 Jul 2026, 19:16","","Romanian Deadlift (Barbell)",,"",1,"normal",235,9,,,
"Quick LEG","21 Jul 2026, 18:34","21 Jul 2026, 19:16","","Romanian Deadlift (Barbell)",,"",2,"normal",245,9,,,
"Quick LEG","21 Jul 2026, 18:34","21 Jul 2026, 19:16","","Romanian Deadlift (Barbell)",,"",3,"normal",245,6,,,
"Quick LEG","21 Jul 2026, 18:34","21 Jul 2026, 19:16","","Calf Extension (Machine)",,"",0,"normal",285,17,,,
"Quick LEG","21 Jul 2026, 18:34","21 Jul 2026, 19:16","","Calf Extension (Machine)",,"",1,"normal",285,17,,,
"Quick LEG","21 Jul 2026, 18:34","21 Jul 2026, 19:16","","Calf Extension (Machine)",,"",2,"normal",285,18,,,
"Quick LEG","21 Jul 2026, 18:34","21 Jul 2026, 19:16","","Seated Leg Curl (Machine)",,"",0,"normal",160,11,,,
"Quick LEG","21 Jul 2026, 18:34","21 Jul 2026, 19:16","","Leg Extension (Machine)",,"",0,"warmup",145,4,,,
"Quick LEG","21 Jul 2026, 18:34","21 Jul 2026, 19:16","","Leg Extension (Machine)",,"",1,"normal",220,9,,,
"Quick LEG","21 Jul 2026, 18:34","21 Jul 2026, 19:16","","Leg Extension (Machine)",,"",2,"normal",220,11,,,
"PULL","20 Jul 2026, 17:45","20 Jul 2026, 19:00","","Lat Pulldown (Cable)",,"",0,"warmup",160,6,,,
"PULL","20 Jul 2026, 17:45","20 Jul 2026, 19:00","","Lat Pulldown (Cable)",,"",1,"normal",180,8,,,
"PULL","20 Jul 2026, 17:45","20 Jul 2026, 19:00","","Lat Pulldown (Cable)",,"",2,"normal",180,9,,,
"PULL","20 Jul 2026, 17:45","20 Jul 2026, 19:00","","Lat Pulldown (Cable)",,"",3,"normal",180,8,,,
"PULL","20 Jul 2026, 17:45","20 Jul 2026, 19:00","","Iso-Lateral Row (Machine)",,"",0,"warmup",204,5,,,
"PULL","20 Jul 2026, 17:45","20 Jul 2026, 19:00","","Iso-Lateral Row (Machine)",,"",1,"normal",274,10,,,
"PULL","20 Jul 2026, 17:45","20 Jul 2026, 19:00","","Iso-Lateral Row (Machine)",,"",2,"normal",274,8,,,
"PULL","20 Jul 2026, 17:45","20 Jul 2026, 19:00","","Iso-Lateral Row (Machine)",,"",3,"normal",294,10,,,
"PULL","20 Jul 2026, 17:45","20 Jul 2026, 19:00","","Iso-Lateral Low Row",,"",0,"warmup",254,5,,,
"PULL","20 Jul 2026, 17:45","20 Jul 2026, 19:00","","Iso-Lateral Low Row",,"",1,"normal",274,11,,,
"PULL","20 Jul 2026, 17:45","20 Jul 2026, 19:00","","Iso-Lateral Low Row",,"",2,"normal",294,8,,,
"PULL","20 Jul 2026, 17:45","20 Jul 2026, 19:00","","Shrug (Dumbbell)",,"",0,"normal",160,13,,,
"PULL","20 Jul 2026, 17:45","20 Jul 2026, 19:00","","Shrug (Dumbbell)",,"",1,"normal",160,12,,,
"PULL","20 Jul 2026, 17:45","20 Jul 2026, 19:00","","Seated Incline Curl (Dumbbell)",,"",0,"normal",50,10,,,
"PULL","20 Jul 2026, 17:45","20 Jul 2026, 19:00","","Seated Incline Curl (Dumbbell)",,"",1,"normal",50,10,,,
"PULL","20 Jul 2026, 17:45","20 Jul 2026, 19:00","","Seated Incline Curl (Dumbbell)",,"",2,"normal",50,10,,,
"PULL","20 Jul 2026, 17:45","20 Jul 2026, 19:00","","Single Arm Hammer Curl (Cable)",,"",0,"normal",29,8,,,
"PULL","20 Jul 2026, 17:45","20 Jul 2026, 19:00","","Single Arm Hammer Curl (Cable)",,"",1,"normal",29,8,,,
"PULL","20 Jul 2026, 17:45","20 Jul 2026, 19:00","","Preacher Curl (Machine)",,"",0,"normal",110,7,,,
"PULL","20 Jul 2026, 17:45","20 Jul 2026, 19:00","","Preacher Curl (Machine)",,"",1,"normal",110,7,,,
"PULL","20 Jul 2026, 17:45","20 Jul 2026, 19:00","","Cable Crunch",,"",0,"normal",105,8,,,
"PULL","20 Jul 2026, 17:45","20 Jul 2026, 19:00","","Cable Crunch",,"",1,"normal",105,10,,,
"PUSH","19 Jul 2026, 14:08","19 Jul 2026, 15:44","","Bench Press (Smith Machine)",,"",0,"warmup",110,7,,,
"PUSH","19 Jul 2026, 14:08","19 Jul 2026, 15:44","","Bench Press (Smith Machine)",,"",1,"normal",160,7,,,
"PUSH","19 Jul 2026, 14:08","19 Jul 2026, 15:44","","Bench Press (Smith Machine)",,"",2,"normal",160,6,,,
"PUSH","19 Jul 2026, 14:08","19 Jul 2026, 15:44","","Bench Press (Smith Machine)",,"",3,"normal",160,7,,,
"PUSH","19 Jul 2026, 14:08","19 Jul 2026, 15:44","","Incline Bench Press (Smith Machine)",,"",0,"warmup",110,4,,,
"PUSH","19 Jul 2026, 14:08","19 Jul 2026, 15:44","","Incline Bench Press (Smith Machine)",,"",1,"normal",140,8,,,
"PUSH","19 Jul 2026, 14:08","19 Jul 2026, 15:44","","Incline Bench Press (Smith Machine)",,"",2,"normal",140,7,,,
"PUSH","19 Jul 2026, 14:08","19 Jul 2026, 15:44","","Incline Bench Press (Smith Machine)",,"",3,"normal",140,5,,,
"PUSH","19 Jul 2026, 14:08","19 Jul 2026, 15:44","","Chest Fly (Machine)",,"",0,"warmup",175,5,,,
"PUSH","19 Jul 2026, 14:08","19 Jul 2026, 15:44","","Chest Fly (Machine)",,"",1,"normal",190,6,,,
"PUSH","19 Jul 2026, 14:08","19 Jul 2026, 15:44","","Chest Fly (Machine)",,"",2,"normal",190,6,,,
"PUSH","19 Jul 2026, 14:08","19 Jul 2026, 15:44","","Chest Fly (Machine)",,"",3,"normal",175,5,,,
"PUSH","19 Jul 2026, 14:08","19 Jul 2026, 15:44","","Overhead Press (Smith Machine)",,"Deeper ROM",0,"normal",90,9,,,
"PUSH","19 Jul 2026, 14:08","19 Jul 2026, 15:44","","Overhead Press (Smith Machine)",,"Deeper ROM",1,"normal",90,10,,,
"PUSH","19 Jul 2026, 14:08","19 Jul 2026, 15:44","","Single Arm Lateral Raise (Cable)",,"",0,"normal",17.5,11,,,
"PUSH","19 Jul 2026, 14:08","19 Jul 2026, 15:44","","Single Arm Lateral Raise (Cable)",,"",1,"normal",15.5,13,,,
"PUSH","19 Jul 2026, 14:08","19 Jul 2026, 15:44","","Single Arm Lateral Raise (Cable)",,"",2,"normal",14,15,,,
"PUSH","19 Jul 2026, 14:08","19 Jul 2026, 15:44","","Single Arm Triceps Pushdown (Cable)",,"",0,"normal",29,12,,,
"PUSH","19 Jul 2026, 14:08","19 Jul 2026, 15:44","","Single Arm Triceps Pushdown (Cable)",,"",1,"normal",29,12,,,
"PUSH","19 Jul 2026, 14:08","19 Jul 2026, 15:44","","Single Arm Triceps Pushdown (Cable)",,"",2,"normal",29,9,,,
"PUSH","19 Jul 2026, 14:08","19 Jul 2026, 15:44","","Overhead Triceps Extension (Cable)",,"",0,"normal",44,4,,,
"PUSH","19 Jul 2026, 14:08","19 Jul 2026, 15:44","","Triceps Extension (Cable)",,"",0,"normal",25.5,8,,,
"PUSH","19 Jul 2026, 14:08","19 Jul 2026, 15:44","","Cable Crunch",,"",0,"normal",105,13,,,
"PUSH","19 Jul 2026, 14:08","19 Jul 2026, 15:44","","Cable Crunch",,"",1,"normal",105,10,,,
"PUSH","19 Jul 2026, 14:08","19 Jul 2026, 15:44","","Cable Crunch",,"",2,"normal",105,10,,,
"PULL","17 Jul 2026, 12:47","17 Jul 2026, 13:46","","Seated Cable Row - Bar Grip",,"",0,"warmup",120,6,,,
"PULL","17 Jul 2026, 12:47","17 Jul 2026, 13:46","","Seated Cable Row - Bar Grip",,"",1,"normal",165,10,,,
"PULL","17 Jul 2026, 12:47","17 Jul 2026, 13:46","","Seated Cable Row - Bar Grip",,"",2,"normal",165,8,,,
"PULL","17 Jul 2026, 12:47","17 Jul 2026, 13:46","","Seated Cable Row - Bar Grip",,"",3,"normal",165,10,,,
"PULL","17 Jul 2026, 12:47","17 Jul 2026, 13:46","","Pull Up",,"",0,"normal",,6,,,
"PULL","17 Jul 2026, 12:47","17 Jul 2026, 13:46","","Lat Pulldown (Cable)",,"",0,"warmup",165,4,,,
"PULL","17 Jul 2026, 12:47","17 Jul 2026, 13:46","","Lat Pulldown (Cable)",,"",1,"normal",180,7,,,
"PULL","17 Jul 2026, 12:47","17 Jul 2026, 13:46","","Lat Pulldown (Cable)",,"",2,"normal",180,8,,,
"PULL","17 Jul 2026, 12:47","17 Jul 2026, 13:46","","Iso-Lateral Low Row",,"",0,"warmup",204,6,,,
"PULL","17 Jul 2026, 12:47","17 Jul 2026, 13:46","","Iso-Lateral Low Row",,"",1,"normal",254,12,,,
"PULL","17 Jul 2026, 12:47","17 Jul 2026, 13:46","","Iso-Lateral Low Row",,"",2,"normal",274,10,,,
"PULL","17 Jul 2026, 12:47","17 Jul 2026, 13:46","","Shrug (Dumbbell)",,"",0,"normal",160,12,,,
"PULL","17 Jul 2026, 12:47","17 Jul 2026, 13:46","","Shrug (Dumbbell)",,"",1,"normal",160,12,,,
"PULL","17 Jul 2026, 12:47","17 Jul 2026, 13:46","","Preacher Curl (Machine)",,"",0,"normal",125,10,,,
"PULL","17 Jul 2026, 12:47","17 Jul 2026, 13:46","","Preacher Curl (Machine)",,"",1,"normal",125,7,,,
"PULL","17 Jul 2026, 12:47","17 Jul 2026, 13:46","","Preacher Curl (Machine)",,"",2,"normal",117.5,6,,,
"PULL","17 Jul 2026, 12:47","17 Jul 2026, 13:46","","Preacher Curl (Machine)",,"",3,"normal",110,6,,,
"PULL","17 Jul 2026, 12:47","17 Jul 2026, 13:46","","Single Arm Hammer Curl (Cable)",,"",0,"normal",29,8,,,
"PULL","17 Jul 2026, 12:47","17 Jul 2026, 13:46","","Single Arm Hammer Curl (Cable)",,"",1,"normal",29,8,,,
"PUSH","16 Jul 2026, 12:49","16 Jul 2026, 14:14","","Bench Press (Smith Machine)",,"",0,"warmup",110,7,,,
"PUSH","16 Jul 2026, 12:49","16 Jul 2026, 14:14","","Bench Press (Smith Machine)",,"",1,"warmup",160,4,,,
"PUSH","16 Jul 2026, 12:49","16 Jul 2026, 14:14","","Bench Press (Smith Machine)",,"",2,"normal",180,5,,,
"PUSH","16 Jul 2026, 12:49","16 Jul 2026, 14:14","","Bench Press (Smith Machine)",,"",3,"normal",170,6,,,
"PUSH","16 Jul 2026, 12:49","16 Jul 2026, 14:14","","Bench Press (Smith Machine)",,"",4,"normal",160,5,,,
"PUSH","16 Jul 2026, 12:49","16 Jul 2026, 14:14","","Incline Bench Press (Smith Machine)",,"",0,"warmup",110,6,,,
"PUSH","16 Jul 2026, 12:49","16 Jul 2026, 14:14","","Incline Bench Press (Smith Machine)",,"",1,"normal",130,8,,,
"PUSH","16 Jul 2026, 12:49","16 Jul 2026, 14:14","","Incline Bench Press (Smith Machine)",,"",2,"normal",130,9,,,
"PUSH","16 Jul 2026, 12:49","16 Jul 2026, 14:14","","Overhead Press (Smith Machine)",,"",0,"normal",110,9,,,
"PUSH","16 Jul 2026, 12:49","16 Jul 2026, 14:14","","Overhead Press (Smith Machine)",,"",1,"normal",110,8,,,
"PUSH","16 Jul 2026, 12:49","16 Jul 2026, 14:14","","Chest Fly (Machine)",,"",0,"normal",190,7,,,
"PUSH","16 Jul 2026, 12:49","16 Jul 2026, 14:14","","Chest Fly (Machine)",,"",1,"normal",180,6,,,
"PUSH","16 Jul 2026, 12:49","16 Jul 2026, 14:14","","Single Arm Lateral Raise (Cable)",,"",0,"normal",17.5,11,,,
"PUSH","16 Jul 2026, 12:49","16 Jul 2026, 14:14","","Single Arm Lateral Raise (Cable)",,"",1,"normal",17.5,10,,,
"PUSH","16 Jul 2026, 12:49","16 Jul 2026, 14:14","","Single Arm Lateral Raise (Cable)",,"",2,"normal",17.5,11,,,
"PUSH","16 Jul 2026, 12:49","16 Jul 2026, 14:14","","Single Arm Triceps Pushdown (Cable)",,"",0,"normal",30.5,8,,,
"PUSH","16 Jul 2026, 12:49","16 Jul 2026, 14:14","","Single Arm Triceps Pushdown (Cable)",,"",1,"normal",30.5,9,,,
"PUSH","16 Jul 2026, 12:49","16 Jul 2026, 14:14","","Single Arm Triceps Pushdown (Cable)",,"",2,"normal",30.5,8,,,
"PUSH","16 Jul 2026, 12:49","16 Jul 2026, 14:14","","Triceps Extension (Cable)",,"",0,"normal",24,12,,,
"PUSH","16 Jul 2026, 12:49","16 Jul 2026, 14:14","","Triceps Extension (Cable)",,"",1,"normal",25.5,9,,,
"PUSH","16 Jul 2026, 12:49","16 Jul 2026, 14:14","","Cable Crunch",,"",0,"normal",105,14,,,
"PUSH","16 Jul 2026, 12:49","16 Jul 2026, 14:14","","Cable Crunch",,"",1,"normal",105,9,,,
"PUSH","16 Jul 2026, 12:49","16 Jul 2026, 14:14","","Cable Crunch",,"",2,"normal",105,10,,,
"LEG","14 Jul 2026, 16:57","14 Jul 2026, 18:00","","Cable Crunch",,"",0,"normal",99,14,,,
"LEG","14 Jul 2026, 16:57","14 Jul 2026, 18:00","","Cable Crunch",,"",1,"normal",99,11,,,
"LEG","14 Jul 2026, 16:57","14 Jul 2026, 18:00","","Cable Crunch",,"",2,"normal",100.5,11,,,
"LEG","14 Jul 2026, 16:57","14 Jul 2026, 18:00","","Seated Leg Curl (Machine)",,"",0,"normal",160,10,,,
"LEG","14 Jul 2026, 16:57","14 Jul 2026, 18:00","","Seated Leg Curl (Machine)",,"",1,"normal",160,10,,,
"LEG","14 Jul 2026, 16:57","14 Jul 2026, 18:00","","Deadlift (Smith Machine)",,"",0,"warmup",115,6,,,
"LEG","14 Jul 2026, 16:57","14 Jul 2026, 18:00","","Deadlift (Smith Machine)",,"",1,"warmup",205,2,,,
"LEG","14 Jul 2026, 16:57","14 Jul 2026, 18:00","","Deadlift (Smith Machine)",,"",2,"normal",235,9,,,
"LEG","14 Jul 2026, 16:57","14 Jul 2026, 18:00","","Deadlift (Smith Machine)",,"",3,"normal",235,8,,,
"LEG","14 Jul 2026, 16:57","14 Jul 2026, 18:00","","Squat (Smith Machine)",,"",0,"warmup",20,5,,,
"LEG","14 Jul 2026, 16:57","14 Jul 2026, 18:00","","Squat (Smith Machine)",,"",1,"warmup",110,5,,,
"LEG","14 Jul 2026, 16:57","14 Jul 2026, 18:00","","Squat (Smith Machine)",,"",2,"normal",160,9,,,
"LEG","14 Jul 2026, 16:57","14 Jul 2026, 18:00","","Squat (Smith Machine)",,"",3,"normal",180,9,,,
"LEG","14 Jul 2026, 16:57","14 Jul 2026, 18:00","","Calf Extension (Machine)",,"",0,"normal",285,20,,,
"LEG","14 Jul 2026, 16:57","14 Jul 2026, 18:00","","Calf Extension (Machine)",,"",1,"normal",285,20,,,
"LEG","14 Jul 2026, 16:57","14 Jul 2026, 18:00","","Calf Extension (Machine)",,"",2,"normal",285,20,,,
"LEG","14 Jul 2026, 16:57","14 Jul 2026, 18:00","","Hip Adduction (Machine)",,"",0,"normal",80,13,,,
"LEG","14 Jul 2026, 16:57","14 Jul 2026, 18:00","","Hip Adduction (Machine)",,"",1,"normal",80,11,,,
"LEG","14 Jul 2026, 16:57","14 Jul 2026, 18:00","","Hip Abduction (Machine)",,"",0,"normal",140,14,,,
"LEG","14 Jul 2026, 16:57","14 Jul 2026, 18:00","","Hip Abduction (Machine)",,"",1,"normal",140,16,,,
"PULL","13 Jul 2026, 13:11","13 Jul 2026, 14:26","","Lat Pulldown (Cable)",,"",0,"warmup",160,6,,,
"PULL","13 Jul 2026, 13:11","13 Jul 2026, 14:26","","Lat Pulldown (Cable)",,"",1,"normal",180,6,,,
"PULL","13 Jul 2026, 13:11","13 Jul 2026, 14:26","","Lat Pulldown (Cable)",,"",2,"normal",180,7,,,
"PULL","13 Jul 2026, 13:11","13 Jul 2026, 14:26","","Lat Pulldown (Cable)",,"",3,"normal",180,7,,,
"PULL","13 Jul 2026, 13:11","13 Jul 2026, 14:26","","Seated Cable Row - Bar Grip",,"",0,"warmup",120,6,,,
"PULL","13 Jul 2026, 13:11","13 Jul 2026, 14:26","","Seated Cable Row - Bar Grip",,"",1,"normal",165,10,,,
"PULL","13 Jul 2026, 13:11","13 Jul 2026, 14:26","","Seated Cable Row - Bar Grip",,"",2,"normal",165,8,,,
"PULL","13 Jul 2026, 13:11","13 Jul 2026, 14:26","","Seated Cable Row - Bar Grip",,"",3,"normal",165,12,,,
"PULL","13 Jul 2026, 13:11","13 Jul 2026, 14:26","","Iso-Lateral Low Row",,"",0,"warmup",204,6,,,
"PULL","13 Jul 2026, 13:11","13 Jul 2026, 14:26","","Iso-Lateral Low Row",,"",1,"normal",304,8,,,
"PULL","13 Jul 2026, 13:11","13 Jul 2026, 14:26","","Iso-Lateral Low Row",,"",2,"normal",304,9,,,
"PULL","13 Jul 2026, 13:11","13 Jul 2026, 14:26","","Preacher Curl (Machine)",,"",0,"normal",125,8,,,
"PULL","13 Jul 2026, 13:11","13 Jul 2026, 14:26","","Preacher Curl (Machine)",,"",1,"normal",125,7,,,
"PULL","13 Jul 2026, 13:11","13 Jul 2026, 14:26","","Preacher Curl (Machine)",,"",2,"normal",117.5,7,,,
"PULL","13 Jul 2026, 13:11","13 Jul 2026, 14:26","","Shrug (Dumbbell)",,"",0,"normal",140,13,,,
"PULL","13 Jul 2026, 13:11","13 Jul 2026, 14:26","","Shrug (Dumbbell)",,"",1,"normal",140,15,,,
"PULL","13 Jul 2026, 13:11","13 Jul 2026, 14:26","","Single Arm Hammer Curl (Cable)",,"",0,"normal",29,10,,,
"PULL","13 Jul 2026, 13:11","13 Jul 2026, 14:26","","Single Arm Hammer Curl (Cable)",,"",1,"normal",29,9,,,
"PULL","13 Jul 2026, 13:11","13 Jul 2026, 14:26","","Single Arm Hammer Curl (Cable)",,"",2,"normal",29,9,,,
"PUSH","12 Jul 2026, 20:26","12 Jul 2026, 21:25","","Chest Fly (Machine)",,"",0,"warmup",175,6,,,
"PUSH","12 Jul 2026, 20:26","12 Jul 2026, 21:25","","Chest Fly (Machine)",,"",1,"normal",205,8,,,
"PUSH","12 Jul 2026, 20:26","12 Jul 2026, 21:25","","Chest Fly (Machine)",,"",2,"normal",205,5,,,
"PUSH","12 Jul 2026, 20:26","12 Jul 2026, 21:25","","Chest Fly (Machine)",,"",3,"dropset",160,5,,,
"PUSH","12 Jul 2026, 20:26","12 Jul 2026, 21:25","","Incline Bench Press (Smith Machine)",,"",0,"warmup",110,6,,,
"PUSH","12 Jul 2026, 20:26","12 Jul 2026, 21:25","","Incline Bench Press (Smith Machine)",,"",1,"normal",140,8,,,
"PUSH","12 Jul 2026, 20:26","12 Jul 2026, 21:25","","Incline Bench Press (Smith Machine)",,"",2,"normal",140,6,,,
"PUSH","12 Jul 2026, 20:26","12 Jul 2026, 21:25","","Overhead Press (Smith Machine)",,"",0,"normal",110,8,,,
"PUSH","12 Jul 2026, 20:26","12 Jul 2026, 21:25","","Overhead Press (Smith Machine)",,"",1,"normal",110,9,,,
"PUSH","12 Jul 2026, 20:26","12 Jul 2026, 21:25","","Single Arm Lateral Raise (Cable)",,"",0,"normal",17.5,11,,,
"PUSH","12 Jul 2026, 20:26","12 Jul 2026, 21:25","","Single Arm Lateral Raise (Cable)",,"",1,"normal",17.5,10,,,
"PUSH","12 Jul 2026, 20:26","12 Jul 2026, 21:25","","Single Arm Lateral Raise (Cable)",,"",2,"normal",17.5,10,,,
"PUSH","12 Jul 2026, 20:26","12 Jul 2026, 21:25","","Single Arm Triceps Pushdown (Cable)",,"",0,"normal",32.5,7,,,
"PUSH","12 Jul 2026, 20:26","12 Jul 2026, 21:25","","Single Arm Triceps Pushdown (Cable)",,"",1,"normal",32.5,6,,,
"PUSH","12 Jul 2026, 20:26","12 Jul 2026, 21:25","","Triceps Extension (Cable)",,"",0,"normal",24,9,,,
"PUSH","12 Jul 2026, 20:26","12 Jul 2026, 21:25","","Triceps Extension (Cable)",,"",1,"normal",24,9,,,
"PUSH","12 Jul 2026, 20:26","12 Jul 2026, 21:25","","Cable Crunch",,"",0,"normal",99,12,,,
"PUSH","12 Jul 2026, 20:26","12 Jul 2026, 21:25","","Cable Crunch",,"",1,"normal",100.5,9,,,
"PUSH","12 Jul 2026, 20:26","12 Jul 2026, 21:25","","Cable Crunch",,"",2,"normal",100.5,9,,,
"PULL","11 Jul 2026, 09:10","11 Jul 2026, 10:14","","Seated Cable Row - Bar Grip",,"",0,"warmup",120,6,,,
"PULL","11 Jul 2026, 09:10","11 Jul 2026, 10:14","","Seated Cable Row - Bar Grip",,"",1,"normal",140,13,,,
"PULL","11 Jul 2026, 09:10","11 Jul 2026, 10:14","","Seated Cable Row - Bar Grip",,"",2,"normal",160,9,,,
"PULL","11 Jul 2026, 09:10","11 Jul 2026, 10:14","","Lat Pulldown (Cable)",,"",0,"warmup",160,7,,,
"PULL","11 Jul 2026, 09:10","11 Jul 2026, 10:14","","Lat Pulldown (Cable)",,"",1,"normal",180,7,,,
"PULL","11 Jul 2026, 09:10","11 Jul 2026, 10:14","","Lat Pulldown (Cable)",,"",2,"normal",180,6,,,
"PULL","11 Jul 2026, 09:10","11 Jul 2026, 10:14","","Iso-Lateral Low Row",,"",0,"warmup",204,6,,,
"PULL","11 Jul 2026, 09:10","11 Jul 2026, 10:14","","Iso-Lateral Low Row",,"",1,"normal",294,12,,,
"PULL","11 Jul 2026, 09:10","11 Jul 2026, 10:14","","Iso-Lateral Low Row",,"",2,"normal",314,8,,,
"PULL","11 Jul 2026, 09:10","11 Jul 2026, 10:14","","Shrug (Dumbbell)",,"",0,"normal",150,12,,,
"PULL","11 Jul 2026, 09:10","11 Jul 2026, 10:14","","Shrug (Dumbbell)",,"",1,"normal",150,13,,,
"PULL","11 Jul 2026, 09:10","11 Jul 2026, 10:14","","Shrug (Dumbbell)",,"",2,"normal",150,11,,,
"PULL","11 Jul 2026, 09:10","11 Jul 2026, 10:14","","Preacher Curl (Machine)",,"",0,"normal",132.5,7,,,
"PULL","11 Jul 2026, 09:10","11 Jul 2026, 10:14","","Preacher Curl (Machine)",,"",1,"normal",125,7,,,
"PULL","11 Jul 2026, 09:10","11 Jul 2026, 10:14","","Preacher Curl (Machine)",,"",2,"normal",125,6,,,
"PULL","11 Jul 2026, 09:10","11 Jul 2026, 10:14","","Reverse Curl (Barbell)",,"",0,"normal",70,7,,,
"PULL","11 Jul 2026, 09:10","11 Jul 2026, 10:14","","Reverse Curl (Barbell)",,"",1,"normal",70,11,,,
"PULL","11 Jul 2026, 09:10","11 Jul 2026, 10:14","","Cable Crunch",,"",0,"warmup",85,7,,,
"PULL","11 Jul 2026, 09:10","11 Jul 2026, 10:14","","Cable Crunch",,"",1,"normal",100,11,,,
"PULL","11 Jul 2026, 09:10","11 Jul 2026, 10:14","","Cable Crunch",,"",2,"normal",100,10,,,
"PULL","11 Jul 2026, 09:10","11 Jul 2026, 10:14","","Cable Crunch",,"",3,"normal",100,8,,,
"PUSH","9 Jul 2026, 22:27","9 Jul 2026, 23:44","","Chest Press (Machine)",,"",0,"warmup",70,3,,,
"PUSH","9 Jul 2026, 22:27","9 Jul 2026, 23:44","","Chest Press (Machine)",,"",1,"warmup",130,6,,,
"PUSH","9 Jul 2026, 22:27","9 Jul 2026, 23:44","","Chest Press (Machine)",,"",2,"normal",170,6,,,
"PUSH","9 Jul 2026, 22:27","9 Jul 2026, 23:44","","Chest Press (Machine)",,"",3,"normal",170,5,,,
"PUSH","9 Jul 2026, 22:27","9 Jul 2026, 23:44","","Incline Bench Press (Smith Machine)",,"",0,"warmup",115,6,,,
"PUSH","9 Jul 2026, 22:27","9 Jul 2026, 23:44","","Incline Bench Press (Smith Machine)",,"",1,"normal",135,8,,,
"PUSH","9 Jul 2026, 22:27","9 Jul 2026, 23:44","","Incline Bench Press (Smith Machine)",,"",2,"normal",135,8,,,
"PUSH","9 Jul 2026, 22:27","9 Jul 2026, 23:44","","Chest Fly (Machine)",,"",0,"warmup",145,3,,,
"PUSH","9 Jul 2026, 22:27","9 Jul 2026, 23:44","","Hip Thrust (Machine)",,"",0,"normal",100,4,,,
"PUSH","9 Jul 2026, 22:27","9 Jul 2026, 23:44","","Single Arm Lateral Raise (Cable)",,"",0,"normal",10,8,,,
"PUSH","9 Jul 2026, 22:27","9 Jul 2026, 23:44","","Single Arm Lateral Raise (Cable)",,"",1,"normal",15,10,,,
"PUSH","9 Jul 2026, 22:27","9 Jul 2026, 23:44","","Triceps Pushdown",,"",0,"warmup",50,6,,,
"PUSH","9 Jul 2026, 22:27","9 Jul 2026, 23:44","","Triceps Pushdown",,"",1,"normal",75,7,,,
"PUSH","9 Jul 2026, 22:27","9 Jul 2026, 23:44","","Triceps Pushdown",,"",2,"normal",70,10,,,
"PUSH","9 Jul 2026, 22:27","9 Jul 2026, 23:44","","Overhead Triceps Extension (Cable)",,"",0,"normal",57.5,13,,,
"PUSH","9 Jul 2026, 22:27","9 Jul 2026, 23:44","","Overhead Triceps Extension (Cable)",,"",1,"normal",60,10,,,
"PULL","7 Jul 2026, 17:05","7 Jul 2026, 18:02","","Pull Up",,"",0,"normal",,8,,,
"PULL","7 Jul 2026, 17:05","7 Jul 2026, 18:02","","Pull Up",,"",1,"normal",,7,,,
"PULL","7 Jul 2026, 17:05","7 Jul 2026, 18:02","","Pull Up",,"",2,"normal",,7,,,
"PULL","7 Jul 2026, 17:05","7 Jul 2026, 18:02","","Seated Cable Row - Bar Grip",,"",0,"warmup",120,8,,,
"PULL","7 Jul 2026, 17:05","7 Jul 2026, 18:02","","Seated Cable Row - Bar Grip",,"",1,"normal",145,11,,,
"PULL","7 Jul 2026, 17:05","7 Jul 2026, 18:02","","Seated Cable Row - Bar Grip",,"",2,"normal",145,10,,,
"PULL","7 Jul 2026, 17:05","7 Jul 2026, 18:02","","Seated Row (Machine)",,"",0,"warmup",145,6,,,
"PULL","7 Jul 2026, 17:05","7 Jul 2026, 18:02","","Seated Row (Machine)",,"",1,"normal",180,13,,,
"PULL","7 Jul 2026, 17:05","7 Jul 2026, 18:02","","Seated Row (Machine)",,"",2,"normal",185,11,,,
"PULL","7 Jul 2026, 17:05","7 Jul 2026, 18:02","","Shrug (Dumbbell)",,"",0,"normal",190,12,,,
"PULL","7 Jul 2026, 17:05","7 Jul 2026, 18:02","","Shrug (Dumbbell)",,"",1,"normal",150,12,,,
"PULL","7 Jul 2026, 17:05","7 Jul 2026, 18:02","","Shrug (Dumbbell)",,"",2,"normal",140,13,,,
"PULL","7 Jul 2026, 17:05","7 Jul 2026, 18:02","","Preacher Curl (Machine)",,"",0,"normal",132.5,7,,,
"PULL","7 Jul 2026, 17:05","7 Jul 2026, 18:02","","Preacher Curl (Machine)",,"",1,"normal",125,7,,,
"PULL","7 Jul 2026, 17:05","7 Jul 2026, 18:02","","Preacher Curl (Machine)",,"",2,"normal",125,5,,,
"PULL","7 Jul 2026, 17:05","7 Jul 2026, 18:02","","Preacher Curl (Machine)",,"",3,"dropset",80,10,,,
"PULL","7 Jul 2026, 17:05","7 Jul 2026, 18:02","","Single Arm Hammer Curl (Cable)",,"",0,"normal",30.5,7,,,
"PULL","7 Jul 2026, 17:05","7 Jul 2026, 18:02","","Single Arm Hammer Curl (Cable)",,"",1,"normal",30.5,7,,,
"PUSH","6 Jul 2026, 17:23","6 Jul 2026, 18:41","","Bench Press (Barbell)",,"",0,"warmup",45,6,,,
"PUSH","6 Jul 2026, 17:23","6 Jul 2026, 18:41","","Bench Press (Barbell)",,"",1,"warmup",135,6,,,
"PUSH","6 Jul 2026, 17:23","6 Jul 2026, 18:41","","Bench Press (Barbell)",,"",2,"normal",155,6,,,
"PUSH","6 Jul 2026, 17:23","6 Jul 2026, 18:41","","Bench Press (Barbell)",,"",3,"normal",175,8,,,
"PUSH","6 Jul 2026, 17:23","6 Jul 2026, 18:41","","Bench Press (Barbell)",,"",4,"normal",175,6,,,
"PUSH","6 Jul 2026, 17:23","6 Jul 2026, 18:41","","Incline Bench Press (Smith Machine)",,"",0,"warmup",110,6,,,
"PUSH","6 Jul 2026, 17:23","6 Jul 2026, 18:41","","Incline Bench Press (Smith Machine)",,"",1,"normal",130,10,,,
"PUSH","6 Jul 2026, 17:23","6 Jul 2026, 18:41","","Incline Bench Press (Smith Machine)",,"",2,"normal",140,6,,,
"PUSH","6 Jul 2026, 17:23","6 Jul 2026, 18:41","","Chest Fly (Machine)",,"",0,"warmup",145,6,,,
"PUSH","6 Jul 2026, 17:23","6 Jul 2026, 18:41","","Chest Fly (Machine)",,"",1,"normal",175,11,,,
"PUSH","6 Jul 2026, 17:23","6 Jul 2026, 18:41","","Chest Fly (Machine)",,"",2,"normal",185,6,,,
"PUSH","6 Jul 2026, 17:23","6 Jul 2026, 18:41","","Overhead Press (Smith Machine)",,"",0,"normal",110,11,,,
"PUSH","6 Jul 2026, 17:23","6 Jul 2026, 18:41","","Overhead Press (Smith Machine)",,"",1,"normal",130,6,,,
"PUSH","6 Jul 2026, 17:23","6 Jul 2026, 18:41","","Single Arm Lateral Raise (Cable)",,"",0,"normal",19,11,,,
"PUSH","6 Jul 2026, 17:23","6 Jul 2026, 18:41","","Single Arm Lateral Raise (Cable)",,"",1,"normal",19,12,,,
"PUSH","6 Jul 2026, 17:23","6 Jul 2026, 18:41","","Single Arm Triceps Pushdown (Cable)",,"",0,"normal",30.5,12,,,
"PUSH","6 Jul 2026, 17:23","6 Jul 2026, 18:41","","Single Arm Triceps Pushdown (Cable)",,"",1,"normal",32.5,8,,,
"PUSH","6 Jul 2026, 17:23","6 Jul 2026, 18:41","","Single Arm Triceps Pushdown (Cable)",,"",2,"normal",32.5,7,,,
"PUSH","6 Jul 2026, 17:23","6 Jul 2026, 18:41","","Triceps Extension (Cable)",,"",0,"normal",24,7,,,
"PUSH","6 Jul 2026, 17:23","6 Jul 2026, 18:41","","Triceps Extension (Cable)",,"",1,"normal",24,6,,,
"PUSH","6 Jul 2026, 17:23","6 Jul 2026, 18:41","","Cable Crunch",,"",0,"normal",105,12,,,
"PUSH","6 Jul 2026, 17:23","6 Jul 2026, 18:41","","Cable Crunch",,"",1,"normal",105,14,,,
"LEG","5 Jul 2026, 15:51","5 Jul 2026, 16:45","","Cable Crunch",,"",0,"warmup",85,10,,,
"LEG","5 Jul 2026, 15:51","5 Jul 2026, 16:45","","Cable Crunch",,"",1,"normal",100,13,,,
"LEG","5 Jul 2026, 15:51","5 Jul 2026, 16:45","","Cable Crunch",,"",2,"normal",100,13,,,
"LEG","5 Jul 2026, 15:51","5 Jul 2026, 16:45","","Cable Crunch",,"",3,"normal",115,8,,,
"LEG","5 Jul 2026, 15:51","5 Jul 2026, 16:45","","Romanian Deadlift (Barbell)",,"",0,"warmup",135,6,,,
"LEG","5 Jul 2026, 15:51","5 Jul 2026, 16:45","","Romanian Deadlift (Barbell)",,"",1,"warmup",225,4,,,
"LEG","5 Jul 2026, 15:51","5 Jul 2026, 16:45","","Romanian Deadlift (Barbell)",,"",2,"normal",245,8,,,
"LEG","5 Jul 2026, 15:51","5 Jul 2026, 16:45","","Romanian Deadlift (Barbell)",,"",3,"normal",245,8,,,
"LEG","5 Jul 2026, 15:51","5 Jul 2026, 16:45","","Leg Press Horizontal (Machine)",,"",0,"warmup",130,8,,,
"LEG","5 Jul 2026, 15:51","5 Jul 2026, 16:45","","Leg Press Horizontal (Machine)",,"",1,"normal",205,10,,,
"LEG","5 Jul 2026, 15:51","5 Jul 2026, 16:45","","Calf Extension (Machine)",,"",0,"normal",310,20,,,
"LEG","5 Jul 2026, 15:51","5 Jul 2026, 16:45","","Calf Extension (Machine)",,"",1,"normal",310,20,,,
"LEG","5 Jul 2026, 15:51","5 Jul 2026, 16:45","","Calf Extension (Machine)",,"",2,"normal",310,20,,,
"LEG","5 Jul 2026, 15:51","5 Jul 2026, 16:45","","Leg Extension (Machine)",,"",0,"warmup",145,5,,,
"LEG","5 Jul 2026, 15:51","5 Jul 2026, 16:45","","Leg Extension (Machine)",,"",1,"normal",220,8,,,
"LEG","5 Jul 2026, 15:51","5 Jul 2026, 16:45","","Leg Extension (Machine)",,"",2,"normal",220,9,,,
"PULL","3 Jul 2026, 16:46","3 Jul 2026, 18:06","Goated wfh set up","Iso-Lateral Row (Machine)",,"",0,"warmup",254,6,,,
"PULL","3 Jul 2026, 16:46","3 Jul 2026, 18:06","Goated wfh set up","Iso-Lateral Row (Machine)",,"",1,"normal",274,11,,,
"PULL","3 Jul 2026, 16:46","3 Jul 2026, 18:06","Goated wfh set up","Iso-Lateral Row (Machine)",,"",2,"normal",294,9,,,
"PULL","3 Jul 2026, 16:46","3 Jul 2026, 18:06","Goated wfh set up","Iso-Lateral Row (Machine)",,"",3,"normal",294,10,,,
"PULL","3 Jul 2026, 16:46","3 Jul 2026, 18:06","Goated wfh set up","Lat Pulldown (Cable)",,"",0,"warmup",160,5,,,
"PULL","3 Jul 2026, 16:46","3 Jul 2026, 18:06","Goated wfh set up","Lat Pulldown (Cable)",,"",1,"normal",180,6,,,
"PULL","3 Jul 2026, 16:46","3 Jul 2026, 18:06","Goated wfh set up","Lat Pulldown (Cable)",,"",2,"normal",180,7,,,
"PULL","3 Jul 2026, 16:46","3 Jul 2026, 18:06","Goated wfh set up","Reverse Fly Single Arm (Cable)",,"",0,"normal",17.5,8,,,
"PULL","3 Jul 2026, 16:46","3 Jul 2026, 18:06","Goated wfh set up","Reverse Fly Single Arm (Cable)",,"",1,"normal",17.5,9,,,
"PULL","3 Jul 2026, 16:46","3 Jul 2026, 18:06","Goated wfh set up","Reverse Fly Single Arm (Cable)",,"",2,"normal",15.5,11,,,
"PULL","3 Jul 2026, 16:46","3 Jul 2026, 18:06","Goated wfh set up","Iso-Lateral Low Row",,"",0,"warmup",254,6,,,
"PULL","3 Jul 2026, 16:46","3 Jul 2026, 18:06","Goated wfh set up","Iso-Lateral Low Row",,"",1,"normal",274,13,,,
"PULL","3 Jul 2026, 16:46","3 Jul 2026, 18:06","Goated wfh set up","Iso-Lateral Low Row",,"",2,"normal",294,10,,,
"PULL","3 Jul 2026, 16:46","3 Jul 2026, 18:06","Goated wfh set up","Kelso Shrug (Bar)",,"",0,"warmup",60,6,,,
"PULL","3 Jul 2026, 16:46","3 Jul 2026, 18:06","Goated wfh set up","Kelso Shrug (Bar)",,"",1,"normal",80,8,,,
"PULL","3 Jul 2026, 16:46","3 Jul 2026, 18:06","Goated wfh set up","Shrug (Dumbbell)",,"",0,"normal",190,13,,,
"PULL","3 Jul 2026, 16:46","3 Jul 2026, 18:06","Goated wfh set up","Shrug (Dumbbell)",,"",1,"normal",190,11,,,
"PULL","3 Jul 2026, 16:46","3 Jul 2026, 18:06","Goated wfh set up","Preacher Curl (Machine)",,"",0,"normal",132.5,8,,,
"PULL","3 Jul 2026, 16:46","3 Jul 2026, 18:06","Goated wfh set up","Preacher Curl (Machine)",,"",1,"normal",132.5,4,,,
"PULL","3 Jul 2026, 16:46","3 Jul 2026, 18:06","Goated wfh set up","Preacher Curl (Machine)",,"",2,"normal",125,7,,,
"PULL","3 Jul 2026, 16:46","3 Jul 2026, 18:06","Goated wfh set up","Forearm Pushdown",0,"",0,"normal",82.5,15,,,
"PULL","3 Jul 2026, 16:46","3 Jul 2026, 18:06","Goated wfh set up","Forearm Pushdown",0,"",1,"normal",82.5,18,,,
"PULL","3 Jul 2026, 16:46","3 Jul 2026, 18:06","Goated wfh set up","Forearm Pushdown",0,"",2,"normal",82.5,20,,,
"PULL","3 Jul 2026, 16:46","3 Jul 2026, 18:06","Goated wfh set up","Single Arm Hammer Curl (Cable)",0,"",0,"normal",30.5,7,,,
"PULL","3 Jul 2026, 16:46","3 Jul 2026, 18:06","Goated wfh set up","Single Arm Hammer Curl (Cable)",0,"",1,"normal",30.5,7,,,
"PULL","3 Jul 2026, 16:46","3 Jul 2026, 18:06","Goated wfh set up","Single Arm Hammer Curl (Cable)",0,"",2,"normal",27.5,9,,,
"PUSH","2 Jul 2026, 17:40","2 Jul 2026, 18:53","No AirPods, no preworkout carbs 😭😔","Bench Press (Smith Machine)",,"",0,"warmup",110,7,,,
"PUSH","2 Jul 2026, 17:40","2 Jul 2026, 18:53","No AirPods, no preworkout carbs 😭😔","Bench Press (Smith Machine)",,"",1,"normal",180,4,,,
"PUSH","2 Jul 2026, 17:40","2 Jul 2026, 18:53","No AirPods, no preworkout carbs 😭😔","Bench Press (Smith Machine)",,"",2,"normal",160,7,,,
"PUSH","2 Jul 2026, 17:40","2 Jul 2026, 18:53","No AirPods, no preworkout carbs 😭😔","Bench Press (Smith Machine)",,"",3,"normal",160,7,,,
"PUSH","2 Jul 2026, 17:40","2 Jul 2026, 18:53","No AirPods, no preworkout carbs 😭😔","Incline Bench Press (Smith Machine)",,"",0,"warmup",110,8,,,
"PUSH","2 Jul 2026, 17:40","2 Jul 2026, 18:53","No AirPods, no preworkout carbs 😭😔","Incline Bench Press (Smith Machine)",,"",1,"normal",130,9,,,
"PUSH","2 Jul 2026, 17:40","2 Jul 2026, 18:53","No AirPods, no preworkout carbs 😭😔","Incline Bench Press (Smith Machine)",,"",2,"normal",130,7,,,
"PUSH","2 Jul 2026, 17:40","2 Jul 2026, 18:53","No AirPods, no preworkout carbs 😭😔","Single Arm Lateral Raise (Cable)",,"",0,"normal",19,7,,,
"PUSH","2 Jul 2026, 17:40","2 Jul 2026, 18:53","No AirPods, no preworkout carbs 😭😔","Single Arm Lateral Raise (Cable)",,"",1,"normal",17.5,13,,,
"PUSH","2 Jul 2026, 17:40","2 Jul 2026, 18:53","No AirPods, no preworkout carbs 😭😔","Chest Fly (Machine)",,"",0,"warmup",130,6,,,
"PUSH","2 Jul 2026, 17:40","2 Jul 2026, 18:53","No AirPods, no preworkout carbs 😭😔","Chest Fly (Machine)",,"",1,"normal",160,9,,,
"PUSH","2 Jul 2026, 17:40","2 Jul 2026, 18:53","No AirPods, no preworkout carbs 😭😔","Chest Fly (Machine)",,"",2,"normal",160,10,,,
"PUSH","2 Jul 2026, 17:40","2 Jul 2026, 18:53","No AirPods, no preworkout carbs 😭😔","Single Arm Triceps Pushdown (Cable)",,"",0,"normal",32.5,7,,,
"PUSH","2 Jul 2026, 17:40","2 Jul 2026, 18:53","No AirPods, no preworkout carbs 😭😔","Single Arm Triceps Pushdown (Cable)",,"",1,"normal",29,10,,,
"PUSH","2 Jul 2026, 17:40","2 Jul 2026, 18:53","No AirPods, no preworkout carbs 😭😔","Triceps Extension (Cable)",,"",0,"normal",24,9,,,
"PUSH","2 Jul 2026, 17:40","2 Jul 2026, 18:53","No AirPods, no preworkout carbs 😭😔","Triceps Extension (Cable)",,"",1,"normal",24,8,,,
"PUSH","2 Jul 2026, 17:40","2 Jul 2026, 18:53","No AirPods, no preworkout carbs 😭😔","Cable Crunch",,"",0,"warmup",85,6,,,
"PUSH","2 Jul 2026, 17:40","2 Jul 2026, 18:53","No AirPods, no preworkout carbs 😭😔","Cable Crunch",,"",1,"normal",100,12,,,
"PUSH","2 Jul 2026, 17:40","2 Jul 2026, 18:53","No AirPods, no preworkout carbs 😭😔","Cable Crunch",,"",2,"normal",100,9,,,
"PUSH","2 Jul 2026, 17:40","2 Jul 2026, 18:53","No AirPods, no preworkout carbs 😭😔","Cable Crunch",,"",3,"normal",100,9,,,
"SHARM","30 Jun 2026, 13:22","30 Jun 2026, 14:29","Bday lift","Single Arm Lateral Raise (Cable)",,"",0,"normal",17.5,11,,,
"SHARM","30 Jun 2026, 13:22","30 Jun 2026, 14:29","Bday lift","Single Arm Lateral Raise (Cable)",,"",1,"normal",19,11,,,
"SHARM","30 Jun 2026, 13:22","30 Jun 2026, 14:29","Bday lift","Single Arm Lateral Raise (Cable)",,"",2,"normal",19,12,,,
"SHARM","30 Jun 2026, 13:22","30 Jun 2026, 14:29","Bday lift","Reverse Fly Single Arm (Cable)",,"",0,"warmup",12.5,6,,,
"SHARM","30 Jun 2026, 13:22","30 Jun 2026, 14:29","Bday lift","Reverse Fly Single Arm (Cable)",,"",1,"normal",17.5,10,,,
"SHARM","30 Jun 2026, 13:22","30 Jun 2026, 14:29","Bday lift","Reverse Fly Single Arm (Cable)",,"",2,"normal",17.5,10,,,
"SHARM","30 Jun 2026, 13:22","30 Jun 2026, 14:29","Bday lift","Preacher Curl (Machine)",,"",0,"normal",132.5,8,,,
"SHARM","30 Jun 2026, 13:22","30 Jun 2026, 14:29","Bday lift","Preacher Curl (Machine)",,"",1,"normal",132.5,6,,,
"SHARM","30 Jun 2026, 13:22","30 Jun 2026, 14:29","Bday lift","Preacher Curl (Machine)",,"",2,"normal",132.5,5,,,
"SHARM","30 Jun 2026, 13:22","30 Jun 2026, 14:29","Bday lift","Preacher Curl (Machine)",,"",3,"normal",110,7,,,
"SHARM","30 Jun 2026, 13:22","30 Jun 2026, 14:29","Bday lift","Single Arm Triceps Pushdown (Cable)",,"",0,"normal",32.5,8,,,
"SHARM","30 Jun 2026, 13:22","30 Jun 2026, 14:29","Bday lift","Single Arm Triceps Pushdown (Cable)",,"",1,"normal",32.5,8,,,
"SHARM","30 Jun 2026, 13:22","30 Jun 2026, 14:29","Bday lift","Single Arm Triceps Pushdown (Cable)",,"",2,"normal",30.5,9,,,
"SHARM","30 Jun 2026, 13:22","30 Jun 2026, 14:29","Bday lift","Single Arm Hammer Curl (Cable)",,"",0,"normal",30.5,9,,,
"SHARM","30 Jun 2026, 13:22","30 Jun 2026, 14:29","Bday lift","Single Arm Hammer Curl (Cable)",,"",1,"normal",30.5,9,,,
"SHARM","30 Jun 2026, 13:22","30 Jun 2026, 14:29","Bday lift","Single Arm Hammer Curl (Cable)",,"",2,"normal",30.5,10,,,
"SHARM","30 Jun 2026, 13:22","30 Jun 2026, 14:29","Bday lift","Triceps Extension (Cable)",,"",0,"normal",24,13,,,
"SHARM","30 Jun 2026, 13:22","30 Jun 2026, 14:29","Bday lift","Triceps Extension (Cable)",,"",1,"normal",25.5,9,,,
"CHEST BACK","29 Jun 2026, 12:20","29 Jun 2026, 13:39","","Seated Cable Row - Bar Grip",,"",0,"warmup",100,8,,,
"CHEST BACK","29 Jun 2026, 12:20","29 Jun 2026, 13:39","","Seated Cable Row - Bar Grip",,"",1,"normal",160,10,,,
"CHEST BACK","29 Jun 2026, 12:20","29 Jun 2026, 13:39","","Seated Cable Row - Bar Grip",,"",2,"normal",165,8,,,
"CHEST BACK","29 Jun 2026, 12:20","29 Jun 2026, 13:39","","Seated Cable Row - Bar Grip",,"",3,"normal",165,7,,,
"CHEST BACK","29 Jun 2026, 12:20","29 Jun 2026, 13:39","","Bench Press (Barbell)",,"",0,"warmup",45,6,,,
"CHEST BACK","29 Jun 2026, 12:20","29 Jun 2026, 13:39","","Bench Press (Barbell)",,"",1,"warmup",135,6,,,
"CHEST BACK","29 Jun 2026, 12:20","29 Jun 2026, 13:39","","Bench Press (Barbell)",,"",2,"normal",155,9,,,
"CHEST BACK","29 Jun 2026, 12:20","29 Jun 2026, 13:39","","Bench Press (Barbell)",,"",3,"normal",165,6,,,
"CHEST BACK","29 Jun 2026, 12:20","29 Jun 2026, 13:39","","Bench Press (Barbell)",,"",4,"normal",165,7,,,
"CHEST BACK","29 Jun 2026, 12:20","29 Jun 2026, 13:39","","Bench Press (Barbell)",,"",5,"dropset",135,5,,,
"CHEST BACK","29 Jun 2026, 12:20","29 Jun 2026, 13:39","","Lat Pulldown (Cable)",,"",0,"warmup",140,6,,,
"CHEST BACK","29 Jun 2026, 12:20","29 Jun 2026, 13:39","","Lat Pulldown (Cable)",,"",1,"normal",180,7,,,
"CHEST BACK","29 Jun 2026, 12:20","29 Jun 2026, 13:39","","Lat Pulldown (Cable)",,"",2,"normal",180,7,,,
"CHEST BACK","29 Jun 2026, 12:20","29 Jun 2026, 13:39","","Chest Fly (Machine)",,"",0,"warmup",160,6,,,
"CHEST BACK","29 Jun 2026, 12:20","29 Jun 2026, 13:39","","Chest Fly (Machine)",,"",1,"normal",180,9,,,
"CHEST BACK","29 Jun 2026, 12:20","29 Jun 2026, 13:39","","Chest Fly (Machine)",,"",2,"normal",180,7,,,
"CHEST BACK","29 Jun 2026, 12:20","29 Jun 2026, 13:39","","Seated Row (Machine)",,"",0,"warmup",165,3,,,
"CHEST BACK","29 Jun 2026, 12:20","29 Jun 2026, 13:39","","Seated Row (Machine)",,"",1,"normal",175,9,,,
"CHEST BACK","29 Jun 2026, 12:20","29 Jun 2026, 13:39","","Seated Row (Machine)",,"",2,"normal",175,11,,,
"CHEST BACK","29 Jun 2026, 12:20","29 Jun 2026, 13:39","","Incline Bench Press (Barbell)",,"",0,"warmup",45,4,,,
"CHEST BACK","29 Jun 2026, 12:20","29 Jun 2026, 13:39","","Incline Bench Press (Barbell)",,"",1,"warmup",95,6,,,
"CHEST BACK","29 Jun 2026, 12:20","29 Jun 2026, 13:39","","Incline Bench Press (Barbell)",,"",2,"normal",135,8,,,
"CHEST BACK","29 Jun 2026, 12:20","29 Jun 2026, 13:39","","Incline Bench Press (Barbell)",,"",3,"normal",145,6,,,
"CHEST BACK","29 Jun 2026, 12:20","29 Jun 2026, 13:39","","Cable Crunch",,"",0,"warmup",85,10,,,
"CHEST BACK","29 Jun 2026, 12:20","29 Jun 2026, 13:39","","Cable Crunch",,"",1,"normal",100,12,,,
"CHEST BACK","29 Jun 2026, 12:20","29 Jun 2026, 13:39","","Cable Crunch",,"",2,"normal",105,9,,,
"CHEST BACK","29 Jun 2026, 12:20","29 Jun 2026, 13:39","","Cable Crunch",,"",3,"normal",105,10,,,
"LEG","27 Jun 2026, 14:50","27 Jun 2026, 15:51","","Cable Crunch",,"",0,"warmup",87.5,5,,,
"LEG","27 Jun 2026, 14:50","27 Jun 2026, 15:51","","Cable Crunch",,"",1,"normal",99,12,,,
"LEG","27 Jun 2026, 14:50","27 Jun 2026, 15:51","","Cable Crunch",,"",2,"normal",99,9,,,
"LEG","27 Jun 2026, 14:50","27 Jun 2026, 15:51","","Cable Crunch",,"",3,"normal",99,10,,,
"LEG","27 Jun 2026, 14:50","27 Jun 2026, 15:51","","Romanian Deadlift (Barbell)",,"",0,"warmup",45,5,,,
"LEG","27 Jun 2026, 14:50","27 Jun 2026, 15:51","","Romanian Deadlift (Barbell)",,"",1,"warmup",135,5,,,
"LEG","27 Jun 2026, 14:50","27 Jun 2026, 15:51","","Romanian Deadlift (Barbell)",,"",2,"warmup",225,5,,,
"LEG","27 Jun 2026, 14:50","27 Jun 2026, 15:51","","Romanian Deadlift (Barbell)",,"",3,"normal",245,7,,,
"LEG","27 Jun 2026, 14:50","27 Jun 2026, 15:51","","Romanian Deadlift (Barbell)",,"",4,"normal",255,5,,,
"LEG","27 Jun 2026, 14:50","27 Jun 2026, 15:51","","Leg Press Horizontal (Machine)",,"",0,"warmup",100,8,,,
"LEG","27 Jun 2026, 14:50","27 Jun 2026, 15:51","","Leg Press Horizontal (Machine)",,"",1,"normal",160,12,,,
"LEG","27 Jun 2026, 14:50","27 Jun 2026, 15:51","","Leg Press Horizontal (Machine)",,"",2,"normal",220,7,,,
"LEG","27 Jun 2026, 14:50","27 Jun 2026, 15:51","","Calf Extension (Machine)",,"",0,"normal",310,20,,,
"LEG","27 Jun 2026, 14:50","27 Jun 2026, 15:51","","Calf Extension (Machine)",,"",1,"normal",310,20,,,
"LEG","27 Jun 2026, 14:50","27 Jun 2026, 15:51","","Leg Extension (Machine)",,"",0,"normal",230,10,,,
"LEG","27 Jun 2026, 14:50","27 Jun 2026, 15:51","","Leg Extension (Machine)",,"",1,"normal",230,10,,,
"LEG","27 Jun 2026, 14:50","27 Jun 2026, 15:51","","Seated Leg Curl (Machine)",,"",0,"normal",160,10,,,
"LEG","27 Jun 2026, 14:50","27 Jun 2026, 15:51","","Seated Leg Curl (Machine)",,"",1,"normal",160,8,,,
"LEG","27 Jun 2026, 14:50","27 Jun 2026, 15:51","","Hip Adduction (Machine)",0,"",0,"normal",75,15,,,
"LEG","27 Jun 2026, 14:50","27 Jun 2026, 15:51","","Hip Adduction (Machine)",0,"",1,"normal",80,17,,,
"LEG","27 Jun 2026, 14:50","27 Jun 2026, 15:51","","Hip Abduction (Machine)",0,"",0,"normal",140,15,,,
"LEG","27 Jun 2026, 14:50","27 Jun 2026, 15:51","","Hip Abduction (Machine)",0,"",1,"normal",140,16,,,
"PULL","26 Jun 2026, 17:01","26 Jun 2026, 18:21","","Pull Up",,"",0,"normal",,8,,,
"PULL","26 Jun 2026, 17:01","26 Jun 2026, 18:21","","Pull Up",,"",1,"normal",,7,,,
"PULL","26 Jun 2026, 17:01","26 Jun 2026, 18:21","","Pull Up",,"",2,"normal",,6,,,
"PULL","26 Jun 2026, 17:01","26 Jun 2026, 18:21","","Bent Over Row (Barbell)",,"",0,"warmup",95,6,,,
"PULL","26 Jun 2026, 17:01","26 Jun 2026, 18:21","","Lat Pulldown (Cable)",,"",0,"normal",160,10,,,
"PULL","26 Jun 2026, 17:01","26 Jun 2026, 18:21","","Lat Pulldown (Cable)",,"",1,"normal",180,7,,,
"PULL","26 Jun 2026, 17:01","26 Jun 2026, 18:21","","Lat Pulldown (Cable)",,"",2,"normal",180,6,,,
"PULL","26 Jun 2026, 17:01","26 Jun 2026, 18:21","","Seated Cable Row - Bar Grip",,"",0,"warmup",100,6,,,
"PULL","26 Jun 2026, 17:01","26 Jun 2026, 18:21","","Seated Cable Row - Bar Grip",,"",1,"normal",160,6,,,
"PULL","26 Jun 2026, 17:01","26 Jun 2026, 18:21","","Seated Cable Row - Bar Grip",,"",2,"normal",145,10,,,
"PULL","26 Jun 2026, 17:01","26 Jun 2026, 18:21","","Seated Cable Row - Bar Grip",,"",3,"normal",145,12,,,
"PULL","26 Jun 2026, 17:01","26 Jun 2026, 18:21","","Single Arm Cable Row",,"Seated",0,"warmup",55,7,,,
"PULL","26 Jun 2026, 17:01","26 Jun 2026, 18:21","","Single Arm Cable Row",,"Seated",1,"normal",70,14,,,
"PULL","26 Jun 2026, 17:01","26 Jun 2026, 18:21","","Single Arm Cable Row",,"Seated",2,"normal",85,11,,,
"PULL","26 Jun 2026, 17:01","26 Jun 2026, 18:21","","Preacher Curl (Machine)",,"",0,"normal",132.5,9,,,
"PULL","26 Jun 2026, 17:01","26 Jun 2026, 18:21","","Preacher Curl (Machine)",,"",1,"normal",132.5,7,,,
"PULL","26 Jun 2026, 17:01","26 Jun 2026, 18:21","","Preacher Curl (Machine)",,"",2,"normal",132.5,6,,,
"PULL","26 Jun 2026, 17:01","26 Jun 2026, 18:21","","Shrug (Dumbbell)",,"",0,"normal",180,17,,,
"PULL","26 Jun 2026, 17:01","26 Jun 2026, 18:21","","Shrug (Dumbbell)",,"",1,"normal",190,11,,,
"PULL","26 Jun 2026, 17:01","26 Jun 2026, 18:21","","Reverse Fly Single Arm (Cable)",,"Bow",0,"normal",20,8,,,
"PULL","26 Jun 2026, 17:01","26 Jun 2026, 18:21","","Single Arm Hammer Curl (Cable)",,"",0,"normal",25,10,,,
"PULL","26 Jun 2026, 17:01","26 Jun 2026, 18:21","","Single Arm Hammer Curl (Cable)",,"",1,"normal",30,10,,,
"PULL","26 Jun 2026, 17:01","26 Jun 2026, 18:21","","Single Arm Hammer Curl (Cable)",,"",2,"normal",30,8,,,
"PULL","26 Jun 2026, 17:01","26 Jun 2026, 18:21","","Forearm Pushdown",,"",0,"normal",79,20,,,
"PULL","26 Jun 2026, 17:01","26 Jun 2026, 18:21","","Forearm Pushdown",,"",1,"normal",82.5,15,,,
"PUSH","25 Jun 2026, 17:29","25 Jun 2026, 18:43","","Bench Press (Smith Machine)",,"",0,"warmup",110,6,,,
"PUSH","25 Jun 2026, 17:29","25 Jun 2026, 18:43","","Bench Press (Smith Machine)",,"",1,"warmup",160,4,,,
"PUSH","25 Jun 2026, 17:29","25 Jun 2026, 18:43","","Bench Press (Smith Machine)",,"",2,"normal",180,7,,,
"PUSH","25 Jun 2026, 17:29","25 Jun 2026, 18:43","","Bench Press (Smith Machine)",,"",3,"normal",190,4,,,
"PUSH","25 Jun 2026, 17:29","25 Jun 2026, 18:43","","Bench Press (Smith Machine)",,"",4,"normal",160,7,,,
"PUSH","25 Jun 2026, 17:29","25 Jun 2026, 18:43","","Chest Fly (Machine)",,"",0,"warmup",185,4,,,
"PUSH","25 Jun 2026, 17:29","25 Jun 2026, 18:43","","Chest Fly (Machine)",,"",1,"normal",185,4,,,
"PUSH","25 Jun 2026, 17:29","25 Jun 2026, 18:43","","Chest Fly (Machine)",,"",2,"normal",175,7,,,
"PUSH","25 Jun 2026, 17:29","25 Jun 2026, 18:43","","Chest Fly (Machine)",,"",3,"normal",165,6,,,
"PUSH","25 Jun 2026, 17:29","25 Jun 2026, 18:43","","Incline Bench Press (Barbell)",,"",0,"warmup",45,6,,,
"PUSH","25 Jun 2026, 17:29","25 Jun 2026, 18:43","","Incline Bench Press (Barbell)",,"",1,"normal",135,6,,,
"PUSH","25 Jun 2026, 17:29","25 Jun 2026, 18:43","","Incline Bench Press (Barbell)",,"",2,"normal",135,8,,,
"PUSH","25 Jun 2026, 17:29","25 Jun 2026, 18:43","","Single Arm Lateral Raise (Cable)",,"",0,"warmup",12.5,8,,,
"PUSH","25 Jun 2026, 17:29","25 Jun 2026, 18:43","","Single Arm Lateral Raise (Cable)",,"",1,"normal",17.5,10,,,
"PUSH","25 Jun 2026, 17:29","25 Jun 2026, 18:43","","Single Arm Lateral Raise (Cable)",,"",2,"normal",17.5,11,,,
"PUSH","25 Jun 2026, 17:29","25 Jun 2026, 18:43","","Single Arm Triceps Pushdown (Cable)",,"",0,"normal",32.5,14,,,
"PUSH","25 Jun 2026, 17:29","25 Jun 2026, 18:43","","Single Arm Triceps Pushdown (Cable)",,"",1,"normal",34,7,,,
"PUSH","25 Jun 2026, 17:29","25 Jun 2026, 18:43","","Single Arm Triceps Pushdown (Cable)",,"",2,"normal",27.5,11,,,
"PUSH","25 Jun 2026, 17:29","25 Jun 2026, 18:43","","Triceps Extension (Cable)",,"",0,"warmup",17.5,6,,,
"PUSH","25 Jun 2026, 17:29","25 Jun 2026, 18:43","","Triceps Extension (Cable)",,"",1,"normal",24,8,,,
"PUSH","25 Jun 2026, 17:29","25 Jun 2026, 18:43","","Triceps Extension (Cable)",,"",2,"normal",24,7,,,
"PUSH","25 Jun 2026, 17:29","25 Jun 2026, 18:43","","Cable Crunch",,"",0,"warmup",85,8,,,
"PUSH","25 Jun 2026, 17:29","25 Jun 2026, 18:43","","Cable Crunch",,"",1,"normal",100,15,,,
"PUSH","25 Jun 2026, 17:29","25 Jun 2026, 18:43","","Cable Crunch",,"",2,"normal",105,8,,,
"PUSH","25 Jun 2026, 17:29","25 Jun 2026, 18:43","","Cable Crunch",,"",3,"normal",100,10,,,
"SHARM","23 Jun 2026, 17:38","23 Jun 2026, 18:50","","Overhead Press (Barbell)",,"",0,"warmup",45,6,,,
"SHARM","23 Jun 2026, 17:38","23 Jun 2026, 18:50","","Overhead Press (Barbell)",,"",1,"warmup",95,6,,,
"SHARM","23 Jun 2026, 17:38","23 Jun 2026, 18:50","","Overhead Press (Barbell)",,"",2,"normal",105,9,,,
"SHARM","23 Jun 2026, 17:38","23 Jun 2026, 18:50","","Overhead Press (Barbell)",,"",3,"normal",105,8,,,
"SHARM","23 Jun 2026, 17:38","23 Jun 2026, 18:50","","Overhead Press (Barbell)",,"",4,"normal",105,7,,,
"SHARM","23 Jun 2026, 17:38","23 Jun 2026, 18:50","","Preacher Curl (Machine)",,"",0,"normal",125,10,,,
"SHARM","23 Jun 2026, 17:38","23 Jun 2026, 18:50","","Preacher Curl (Machine)",,"",1,"normal",132.5,8,,,
"SHARM","23 Jun 2026, 17:38","23 Jun 2026, 18:50","","Preacher Curl (Machine)",,"",2,"normal",132.5,5,,,
"SHARM","23 Jun 2026, 17:38","23 Jun 2026, 18:50","","Preacher Curl (Machine)",,"",3,"dropset",80,10,,,
"SHARM","23 Jun 2026, 17:38","23 Jun 2026, 18:50","","Single Arm Triceps Pushdown (Cable)",,"",0,"warmup",22.5,8,,,
"SHARM","23 Jun 2026, 17:38","23 Jun 2026, 18:50","","Single Arm Triceps Pushdown (Cable)",,"",1,"normal",27.5,12,,,
"SHARM","23 Jun 2026, 17:38","23 Jun 2026, 18:50","","Single Arm Triceps Pushdown (Cable)",,"",2,"normal",27.5,15,,,
"SHARM","23 Jun 2026, 17:38","23 Jun 2026, 18:50","","Single Arm Triceps Pushdown (Cable)",,"",3,"normal",32.5,12,,,
"SHARM","23 Jun 2026, 17:38","23 Jun 2026, 18:50","","Lateral Raise (Cable)",,"",0,"normal",19,6,,,
"SHARM","23 Jun 2026, 17:38","23 Jun 2026, 18:50","","Lateral Raise (Cable)",,"",1,"normal",17.5,4,,,
"SHARM","23 Jun 2026, 17:38","23 Jun 2026, 18:50","","Lateral Raise (Cable)",,"",2,"normal",12.5,12,,,
"SHARM","23 Jun 2026, 17:38","23 Jun 2026, 18:50","","Reverse Curl (Barbell)",,"",0,"normal",70,9,,,
"SHARM","23 Jun 2026, 17:38","23 Jun 2026, 18:50","","Reverse Curl (Barbell)",,"",1,"normal",70,10,,,
"SHARM","23 Jun 2026, 17:38","23 Jun 2026, 18:50","","Reverse Curl (Barbell)",,"",2,"normal",70,9,,,
"SHARM","23 Jun 2026, 17:38","23 Jun 2026, 18:50","","Triceps Extension (Cable)",,"",0,"warmup",12.5,5,,,
"SHARM","23 Jun 2026, 17:38","23 Jun 2026, 18:50","","Triceps Extension (Cable)",,"",1,"warmup",22.5,6,,,
"SHARM","23 Jun 2026, 17:38","23 Jun 2026, 18:50","","Triceps Extension (Cable)",,"",2,"normal",27.5,10,,,
"SHARM","23 Jun 2026, 17:38","23 Jun 2026, 18:50","","Triceps Extension (Cable)",,"",3,"normal",27.5,8,,,
"SHARM","23 Jun 2026, 17:38","23 Jun 2026, 18:50","","Triceps Extension (Cable)",,"",4,"normal",24,9,,,
"SHARM","23 Jun 2026, 17:38","23 Jun 2026, 18:50","","Forearm Pushdown",,"",0,"normal",74,20,,,
"SHARM","23 Jun 2026, 17:38","23 Jun 2026, 18:50","","Forearm Pushdown",,"",1,"normal",79,17,,,
"CHEST BACK","22 Jun 2026, 17:14","22 Jun 2026, 18:28","","Bench Press (Smith Machine)",,"",0,"warmup",110,5,,,
"CHEST BACK","22 Jun 2026, 17:14","22 Jun 2026, 18:28","","Bench Press (Smith Machine)",,"",1,"warmup",160,5,,,
"CHEST BACK","22 Jun 2026, 17:14","22 Jun 2026, 18:28","","Bench Press (Smith Machine)",,"",2,"normal",180,7,,,
"CHEST BACK","22 Jun 2026, 17:14","22 Jun 2026, 18:28","","Bench Press (Smith Machine)",,"",3,"normal",180,5,,,
"CHEST BACK","22 Jun 2026, 17:14","22 Jun 2026, 18:28","","Bench Press (Smith Machine)",,"",4,"normal",160,7,,,
"CHEST BACK","22 Jun 2026, 17:14","22 Jun 2026, 18:28","","Incline Bench Press (Smith Machine)",,"",0,"warmup",110,4,,,
"CHEST BACK","22 Jun 2026, 17:14","22 Jun 2026, 18:28","","Incline Bench Press (Smith Machine)",,"",1,"warmup",110,2,,,
"CHEST BACK","22 Jun 2026, 17:14","22 Jun 2026, 18:28","","Incline Bench Press (Smith Machine)",,"",2,"warmup",130,3,,,
"CHEST BACK","22 Jun 2026, 17:14","22 Jun 2026, 18:28","","Incline Bench Press (Smith Machine)",,"",3,"normal",150,3,,,
"CHEST BACK","22 Jun 2026, 17:14","22 Jun 2026, 18:28","","Incline Bench Press (Smith Machine)",,"",4,"normal",130,5,,,
"CHEST BACK","22 Jun 2026, 17:14","22 Jun 2026, 18:28","","Lat Pulldown (Cable)",,"",0,"warmup",140,6,,,
"CHEST BACK","22 Jun 2026, 17:14","22 Jun 2026, 18:28","","Lat Pulldown (Cable)",,"",1,"normal",180,9,,,
"CHEST BACK","22 Jun 2026, 17:14","22 Jun 2026, 18:28","","Lat Pulldown (Cable)",,"",2,"normal",180,7,,,
"CHEST BACK","22 Jun 2026, 17:14","22 Jun 2026, 18:28","","Seated Cable Row - Bar Grip",,"",0,"warmup",100,4,,,
"CHEST BACK","22 Jun 2026, 17:14","22 Jun 2026, 18:28","","Seated Cable Row - Bar Grip",,"",1,"warmup",120,7,,,
"CHEST BACK","22 Jun 2026, 17:14","22 Jun 2026, 18:28","","Seated Cable Row - Bar Grip",,"",2,"normal",160,10,,,
"CHEST BACK","22 Jun 2026, 17:14","22 Jun 2026, 18:28","","Seated Cable Row - Bar Grip",,"",3,"normal",160,8,,,
"CHEST BACK","22 Jun 2026, 17:14","22 Jun 2026, 18:28","","Chest Fly (Machine)",,"",0,"normal",175,8,,,
"CHEST BACK","22 Jun 2026, 17:14","22 Jun 2026, 18:28","","Chest Fly (Machine)",,"",1,"normal",185,6,,,
"CHEST BACK","22 Jun 2026, 17:14","22 Jun 2026, 18:28","","Chest Fly (Machine)",,"",2,"normal",185,5,,,
"CHEST BACK","22 Jun 2026, 17:14","22 Jun 2026, 18:28","","Single Arm Cable Row",,"",0,"warmup",40,7,,,
"CHEST BACK","22 Jun 2026, 17:14","22 Jun 2026, 18:28","","Single Arm Cable Row",,"",1,"normal",70,7,,,
"CHEST BACK","22 Jun 2026, 17:14","22 Jun 2026, 18:28","","Single Arm Cable Row",,"",2,"normal",60,11,,,
"CHEST BACK","22 Jun 2026, 17:14","22 Jun 2026, 18:28","","Cable Crunch",,"",0,"normal",100,11,,,
"CHEST BACK","22 Jun 2026, 17:14","22 Jun 2026, 18:28","","Cable Crunch",,"",1,"normal",100,11,,,
"LEG","21 Jun 2026, 13:34","21 Jun 2026, 14:36","","Cable Crunch",,"",0,"warmup",85,11,,,
"LEG","21 Jun 2026, 13:34","21 Jun 2026, 14:36","","Cable Crunch",,"",1,"normal",100,8,,,
"LEG","21 Jun 2026, 13:34","21 Jun 2026, 14:36","","Cable Crunch",,"",2,"normal",100,9,,,
"LEG","21 Jun 2026, 13:34","21 Jun 2026, 14:36","","Cable Crunch",,"",3,"normal",100,8,,,
"LEG","21 Jun 2026, 13:34","21 Jun 2026, 14:36","","Calf Extension (Machine)",,"",0,"normal",310,20,,,
"LEG","21 Jun 2026, 13:34","21 Jun 2026, 14:36","","Calf Extension (Machine)",,"",1,"normal",310,18,,,
"LEG","21 Jun 2026, 13:34","21 Jun 2026, 14:36","","Romanian Deadlift (Barbell)",,"",0,"warmup",45,5,,,
"LEG","21 Jun 2026, 13:34","21 Jun 2026, 14:36","","Romanian Deadlift (Barbell)",,"",1,"warmup",135,5,,,
"LEG","21 Jun 2026, 13:34","21 Jun 2026, 14:36","","Romanian Deadlift (Barbell)",,"",2,"warmup",225,5,,,
"LEG","21 Jun 2026, 13:34","21 Jun 2026, 14:36","","Romanian Deadlift (Barbell)",,"",3,"normal",245,6,,,
"LEG","21 Jun 2026, 13:34","21 Jun 2026, 14:36","","Romanian Deadlift (Barbell)",,"",4,"normal",245,5,,,
"LEG","21 Jun 2026, 13:34","21 Jun 2026, 14:36","","Leg Extension (Machine)",,"",0,"normal",230,8,,,
"LEG","21 Jun 2026, 13:34","21 Jun 2026, 14:36","","Leg Extension (Machine)",,"",1,"normal",230,10,,,
"LEG","21 Jun 2026, 13:34","21 Jun 2026, 14:36","","Seated Leg Curl (Machine)",,"",0,"normal",150,11,,,
"LEG","21 Jun 2026, 13:34","21 Jun 2026, 14:36","","Seated Leg Curl (Machine)",,"",1,"normal",160,10,,,
"LEG","21 Jun 2026, 13:34","21 Jun 2026, 14:36","","Hip Adduction (Machine)",0,"",0,"normal",65,17,,,
"LEG","21 Jun 2026, 13:34","21 Jun 2026, 14:36","","Hip Adduction (Machine)",0,"",1,"normal",75,11,,,
"LEG","21 Jun 2026, 13:34","21 Jun 2026, 14:36","","Hip Abduction (Machine)",0,"",0,"normal",140,15,,,
"LEG","21 Jun 2026, 13:34","21 Jun 2026, 14:36","","Hip Abduction (Machine)",0,"",1,"normal",140,12,,,
"PULL","19 Jun 2026, 16:57","19 Jun 2026, 18:02","","Pull Up",,"",0,"normal",,10,,,
"PULL","19 Jun 2026, 16:57","19 Jun 2026, 18:02","","Pull Up",,"",1,"normal",,7,,,
"PULL","19 Jun 2026, 16:57","19 Jun 2026, 18:02","","Lat Pulldown (Cable)",,"",0,"warmup",160,7,,,
"PULL","19 Jun 2026, 16:57","19 Jun 2026, 18:02","","Lat Pulldown (Cable)",,"",1,"normal",180,7,,,
"PULL","19 Jun 2026, 16:57","19 Jun 2026, 18:02","","Lat Pulldown (Cable)",,"",2,"normal",180,6,,,
"PULL","19 Jun 2026, 16:57","19 Jun 2026, 18:02","","Iso-Lateral Row (Machine)",,"",0,"warmup",204,7,,,
"PULL","19 Jun 2026, 16:57","19 Jun 2026, 18:02","","Iso-Lateral Row (Machine)",,"",1,"normal",344,5,,,
"PULL","19 Jun 2026, 16:57","19 Jun 2026, 18:02","","Iso-Lateral Row (Machine)",,"",2,"normal",314,9,,,
"PULL","19 Jun 2026, 16:57","19 Jun 2026, 18:02","","Iso-Lateral Row (Machine)",,"",3,"normal",314,8,,,
"PULL","19 Jun 2026, 16:57","19 Jun 2026, 18:02","","Iso-Lateral Low Row",,"",0,"normal",254,13,,,
"PULL","19 Jun 2026, 16:57","19 Jun 2026, 18:02","","Iso-Lateral Low Row",,"",1,"normal",274,13,,,
"PULL","19 Jun 2026, 16:57","19 Jun 2026, 18:02","","Shrug (Dumbbell)",,"",0,"normal",170,15,,,
"PULL","19 Jun 2026, 16:57","19 Jun 2026, 18:02","","Shrug (Dumbbell)",,"",1,"normal",180,12,,,
"PULL","19 Jun 2026, 16:57","19 Jun 2026, 18:02","","Preacher Curl (Machine)",,"",0,"normal",125,9,,,
"PULL","19 Jun 2026, 16:57","19 Jun 2026, 18:02","","Preacher Curl (Machine)",,"",1,"normal",132.5,6,,,
"PULL","19 Jun 2026, 16:57","19 Jun 2026, 18:02","","Preacher Curl (Machine)",,"",2,"normal",125,7,,,
"PULL","19 Jun 2026, 16:57","19 Jun 2026, 18:02","","Hammer Curl (Cable)",,"",0,"normal",54,12,,,
"PULL","19 Jun 2026, 16:57","19 Jun 2026, 18:02","","Hammer Curl (Cable)",,"",1,"normal",55.5,11,,,
"PULL","19 Jun 2026, 16:57","19 Jun 2026, 18:02","","Single Arm Forearm Curl (Cable)",0,"",0,"normal",35.5,17,,,
"PULL","19 Jun 2026, 16:57","19 Jun 2026, 18:02","","Single Arm Wrist Extension (Cable)",0,"",0,"normal",20.5,12,,,
"PULL","19 Jun 2026, 16:57","19 Jun 2026, 18:02","","Forearm Pushdown",,"",0,"normal",70.5,18,,,
"PULL","19 Jun 2026, 16:57","19 Jun 2026, 18:02","","Forearm Pushdown",,"",1,"normal",74,14,,,
"PUSH","18 Jun 2026, 17:48","18 Jun 2026, 19:00","","Chest Dip",,"",0,"normal",,10,,,
"PUSH","18 Jun 2026, 17:48","18 Jun 2026, 19:00","","Chest Dip",,"",1,"normal",,4,,,
"PUSH","18 Jun 2026, 17:48","18 Jun 2026, 19:00","","Pull Up",,"",0,"normal",,4,,,
"PUSH","18 Jun 2026, 17:48","18 Jun 2026, 19:00","","Chest Fly (Machine)",,"",0,"warmup",175,6,,,
"PUSH","18 Jun 2026, 17:48","18 Jun 2026, 19:00","","Chest Fly (Machine)",,"",1,"normal",200,7,,,
"PUSH","18 Jun 2026, 17:48","18 Jun 2026, 19:00","","Chest Fly (Machine)",,"",2,"normal",200,4,,,
"PUSH","18 Jun 2026, 17:48","18 Jun 2026, 19:00","","Chest Fly (Machine)",,"",3,"normal",195,5,,,
"PUSH","18 Jun 2026, 17:48","18 Jun 2026, 19:00","","Chest Fly (Machine)",,"",4,"normal",185,7,,,
"PUSH","18 Jun 2026, 17:48","18 Jun 2026, 19:00","","Incline Bench Press (Barbell)",,"",0,"warmup",45,6,,,
"PUSH","18 Jun 2026, 17:48","18 Jun 2026, 19:00","","Incline Bench Press (Barbell)",,"",1,"warmup",135,6,,,
"PUSH","18 Jun 2026, 17:48","18 Jun 2026, 19:00","","Incline Bench Press (Barbell)",,"",2,"normal",145,6,,,
"PUSH","18 Jun 2026, 17:48","18 Jun 2026, 19:00","","Incline Bench Press (Barbell)",,"",3,"normal",145,6,,,
"PUSH","18 Jun 2026, 17:48","18 Jun 2026, 19:00","","Single Arm Lateral Raise (Cable)",,"",0,"normal",19,7,,,
"PUSH","18 Jun 2026, 17:48","18 Jun 2026, 19:00","","Single Arm Lateral Raise (Cable)",,"",1,"normal",19,9,,,
"PUSH","18 Jun 2026, 17:48","18 Jun 2026, 19:00","","Single Arm Lateral Raise (Cable)",,"",2,"normal",19,9,,,
"PUSH","18 Jun 2026, 17:48","18 Jun 2026, 19:00","","Triceps Pushdown",,"",0,"normal",85,9,,,
"PUSH","18 Jun 2026, 17:48","18 Jun 2026, 19:00","","Triceps Pushdown",,"",1,"normal",85,8,,,
"PUSH","18 Jun 2026, 17:48","18 Jun 2026, 19:00","","Overhead Triceps Extension (Cable)",,"",0,"normal",69,8,,,
"PUSH","18 Jun 2026, 17:48","18 Jun 2026, 19:00","","Overhead Triceps Extension (Cable)",,"",1,"normal",69,8,,,
"PUSH","18 Jun 2026, 17:48","18 Jun 2026, 19:00","","Cable Crunch",,"",0,"normal",105,11,,,
"PUSH","18 Jun 2026, 17:48","18 Jun 2026, 19:00","","Cable Crunch",,"",1,"normal",105,10,,,
"PUSH","18 Jun 2026, 17:48","18 Jun 2026, 19:00","","Cable Crunch",,"",2,"normal",105,9,,,
"SHARM","16 Jun 2026, 17:12","16 Jun 2026, 18:33","Bit of leg","Overhead Press (Barbell)",,"",0,"warmup",45,10,,,
"SHARM","16 Jun 2026, 17:12","16 Jun 2026, 18:33","Bit of leg","Overhead Press (Barbell)",,"",1,"warmup",95,6,,,
"SHARM","16 Jun 2026, 17:12","16 Jun 2026, 18:33","Bit of leg","Overhead Press (Barbell)",,"",2,"normal",115,8,,,
"SHARM","16 Jun 2026, 17:12","16 Jun 2026, 18:33","Bit of leg","Overhead Press (Barbell)",,"",3,"normal",115,7,,,
"SHARM","16 Jun 2026, 17:12","16 Jun 2026, 18:33","Bit of leg","Single Arm Lateral Raise (Cable)",,"",0,"normal",19,13,,,
"SHARM","16 Jun 2026, 17:12","16 Jun 2026, 18:33","Bit of leg","Single Arm Lateral Raise (Cable)",,"",1,"normal",19,14,,,
"SHARM","16 Jun 2026, 17:12","16 Jun 2026, 18:33","Bit of leg","Single Arm Lateral Raise (Cable)",,"",2,"normal",20.5,11,,,
"SHARM","16 Jun 2026, 17:12","16 Jun 2026, 18:33","Bit of leg","Triceps Pushdown",,"",0,"warmup",50,7,,,
"SHARM","16 Jun 2026, 17:12","16 Jun 2026, 18:33","Bit of leg","Triceps Pushdown",,"",1,"normal",85,6,,,
"SHARM","16 Jun 2026, 17:12","16 Jun 2026, 18:33","Bit of leg","Triceps Pushdown",,"",2,"normal",85,9,,,
"SHARM","16 Jun 2026, 17:12","16 Jun 2026, 18:33","Bit of leg","Triceps Pushdown",,"",3,"normal",85,6,,,
"SHARM","16 Jun 2026, 17:12","16 Jun 2026, 18:33","Bit of leg","Preacher Curl (Machine)",,"",0,"normal",125,10,,,
"SHARM","16 Jun 2026, 17:12","16 Jun 2026, 18:33","Bit of leg","Preacher Curl (Machine)",,"",1,"normal",125,9,,,
"SHARM","16 Jun 2026, 17:12","16 Jun 2026, 18:33","Bit of leg","Preacher Curl (Machine)",,"",2,"normal",125,8,,,
"SHARM","16 Jun 2026, 17:12","16 Jun 2026, 18:33","Bit of leg","Hammer Curl (Dumbbell)",,"",0,"normal",70,8,,,
"SHARM","16 Jun 2026, 17:12","16 Jun 2026, 18:33","Bit of leg","Hammer Curl (Dumbbell)",,"",1,"normal",70,8,,,
"SHARM","16 Jun 2026, 17:12","16 Jun 2026, 18:33","Bit of leg","Romanian Deadlift (Barbell)",,"",0,"warmup",135,6,,,
"SHARM","16 Jun 2026, 17:12","16 Jun 2026, 18:33","Bit of leg","Romanian Deadlift (Barbell)",,"",1,"normal",225,6,,,
"SHARM","16 Jun 2026, 17:12","16 Jun 2026, 18:33","Bit of leg","Romanian Deadlift (Barbell)",,"",2,"normal",185,10,,,
"SHARM","16 Jun 2026, 17:12","16 Jun 2026, 18:33","Bit of leg","Single Arm Forearm Curl (Cable)",0,"",0,"warmup",25.5,10,,,
"SHARM","16 Jun 2026, 17:12","16 Jun 2026, 18:33","Bit of leg","Single Arm Forearm Curl (Cable)",0,"",1,"normal",27.5,20,,,
"SHARM","16 Jun 2026, 17:12","16 Jun 2026, 18:33","Bit of leg","Single Arm Forearm Curl (Cable)",0,"",2,"normal",30.5,15,,,
"SHARM","16 Jun 2026, 17:12","16 Jun 2026, 18:33","Bit of leg","Single Arm Forearm Curl (Cable)",0,"",3,"normal",32.5,13,,,
"SHARM","16 Jun 2026, 17:12","16 Jun 2026, 18:33","Bit of leg","Single Arm Wrist Extension (Cable)",0,"",0,"normal",25.5,15,,,
"SHARM","16 Jun 2026, 17:12","16 Jun 2026, 18:33","Bit of leg","Single Arm Wrist Extension (Cable)",0,"",1,"normal",22.5,15,,,
"SHARM","16 Jun 2026, 17:12","16 Jun 2026, 18:33","Bit of leg","Single Arm Wrist Extension (Cable)",0,"",2,"normal",25.5,9,,,
"SHARM","16 Jun 2026, 17:12","16 Jun 2026, 18:33","Bit of leg","Single Arm Wrist Extension (Cable)",0,"",3,"normal",22.5,10,,,
"CHEST BACK","15 Jun 2026, 17:33","15 Jun 2026, 18:46","","Incline Bench Press (Barbell)",,"",0,"warmup",135,6,,,
"CHEST BACK","15 Jun 2026, 17:33","15 Jun 2026, 18:46","","Incline Bench Press (Barbell)",,"",1,"normal",155,7,,,
"CHEST BACK","15 Jun 2026, 17:33","15 Jun 2026, 18:46","","Incline Bench Press (Barbell)",,"",2,"normal",165,6,,,
"CHEST BACK","15 Jun 2026, 17:33","15 Jun 2026, 18:46","","Incline Bench Press (Barbell)",,"",3,"normal",165,4,,,
"CHEST BACK","15 Jun 2026, 17:33","15 Jun 2026, 18:46","","Incline Bench Press (Barbell)",,"",4,"dropset",135,5,,,
"CHEST BACK","15 Jun 2026, 17:33","15 Jun 2026, 18:46","","Iso-Lateral Row (Machine)",,"",0,"warmup",204,7,,,
"CHEST BACK","15 Jun 2026, 17:33","15 Jun 2026, 18:46","","Iso-Lateral Row (Machine)",,"",1,"warmup",294,6,,,
"CHEST BACK","15 Jun 2026, 17:33","15 Jun 2026, 18:46","","Iso-Lateral Row (Machine)",,"",2,"normal",324,10,,,
"CHEST BACK","15 Jun 2026, 17:33","15 Jun 2026, 18:46","","Iso-Lateral Row (Machine)",,"",3,"normal",344,6,,,
"CHEST BACK","15 Jun 2026, 17:33","15 Jun 2026, 18:46","","Lat Pulldown (Cable)",,"",0,"warmup",140,6,,,
"CHEST BACK","15 Jun 2026, 17:33","15 Jun 2026, 18:46","","Lat Pulldown (Cable)",,"",1,"normal",180,6,,,
"CHEST BACK","15 Jun 2026, 17:33","15 Jun 2026, 18:46","","Lat Pulldown (Cable)",,"",2,"normal",180,7,,,
"CHEST BACK","15 Jun 2026, 17:33","15 Jun 2026, 18:46","","Seated Row (Machine)",,"",0,"warmup",165,7,,,
"CHEST BACK","15 Jun 2026, 17:33","15 Jun 2026, 18:46","","Seated Row (Machine)",,"",1,"normal",180,10,,,
"CHEST BACK","15 Jun 2026, 17:33","15 Jun 2026, 18:46","","Seated Row (Machine)",,"",2,"normal",185,10,,,
"CHEST BACK","15 Jun 2026, 17:33","15 Jun 2026, 18:46","","Pull Up",,"",0,"normal",,10,,,
"CHEST BACK","15 Jun 2026, 17:33","15 Jun 2026, 18:46","","Chest Fly (Machine)",,"",0,"warmup",175,6,,,
"CHEST BACK","15 Jun 2026, 17:33","15 Jun 2026, 18:46","","Chest Fly (Machine)",,"",1,"normal",200,8,,,
"CHEST BACK","15 Jun 2026, 17:33","15 Jun 2026, 18:46","","Chest Fly (Machine)",,"",2,"normal",200,5,,,
"CHEST BACK","15 Jun 2026, 17:33","15 Jun 2026, 18:46","","Chest Fly (Machine)",,"",3,"normal",190,5,,,
"CHEST BACK","15 Jun 2026, 17:33","15 Jun 2026, 18:46","","Cable Crunch",,"",0,"normal",105,10,,,
"CHEST BACK","15 Jun 2026, 17:33","15 Jun 2026, 18:46","","Cable Crunch",,"",1,"normal",105,9,,,
"CHEST BACK","15 Jun 2026, 17:33","15 Jun 2026, 18:46","","Cable Crunch",,"",2,"normal",105,8,,,
"LEG","13 Jun 2026, 17:54","13 Jun 2026, 18:55","","Cable Crunch",,"",0,"normal",105,12,,,
"LEG","13 Jun 2026, 17:54","13 Jun 2026, 18:55","","Cable Crunch",,"",1,"normal",115,6,,,
"LEG","13 Jun 2026, 17:54","13 Jun 2026, 18:55","","Cable Crunch",,"",2,"normal",105,11,,,
"LEG","13 Jun 2026, 17:54","13 Jun 2026, 18:55","","Cable Crunch",,"",3,"normal",100,10,,,
"LEG","13 Jun 2026, 17:54","13 Jun 2026, 18:55","","Leg Extension (Machine)",,"",0,"normal",230,9,,,
"LEG","13 Jun 2026, 17:54","13 Jun 2026, 18:55","","Leg Extension (Machine)",,"",1,"normal",230,10,,,
"LEG","13 Jun 2026, 17:54","13 Jun 2026, 18:55","","Romanian Deadlift (Barbell)",,"",0,"warmup",135,5,,,
"LEG","13 Jun 2026, 17:54","13 Jun 2026, 18:55","","Romanian Deadlift (Barbell)",,"",1,"warmup",225,5,,,
"LEG","13 Jun 2026, 17:54","13 Jun 2026, 18:55","","Romanian Deadlift (Barbell)",,"",2,"normal",245,6,,,
"LEG","13 Jun 2026, 17:54","13 Jun 2026, 18:55","","Romanian Deadlift (Barbell)",,"",3,"normal",245,7,,,
"LEG","13 Jun 2026, 17:54","13 Jun 2026, 18:55","","Seated Leg Curl (Machine)",,"",0,"normal",150,9,,,
"LEG","13 Jun 2026, 17:54","13 Jun 2026, 18:55","","Seated Leg Curl (Machine)",,"",1,"normal",150,10,,,
"LEG","13 Jun 2026, 17:54","13 Jun 2026, 18:55","","Hip Adduction (Machine)",0,"",0,"normal",60,17,,,
"LEG","13 Jun 2026, 17:54","13 Jun 2026, 18:55","","Hip Adduction (Machine)",0,"",1,"normal",65,10,,,
"LEG","13 Jun 2026, 17:54","13 Jun 2026, 18:55","","Hip Abduction (Machine)",0,"",0,"normal",140,12,,,
"LEG","13 Jun 2026, 17:54","13 Jun 2026, 18:55","","Hip Abduction (Machine)",0,"",1,"normal",140,9,,,
"Bicep forearms","12 Jun 2026, 19:51","12 Jun 2026, 20:40","","Preacher Curl (Machine)",,"",0,"warmup",110,6,,,
"Bicep forearms","12 Jun 2026, 19:51","12 Jun 2026, 20:40","","Preacher Curl (Machine)",,"",1,"normal",125,7,,,
"Bicep forearms","12 Jun 2026, 19:51","12 Jun 2026, 20:40","","Preacher Curl (Machine)",,"",2,"normal",125,8,,,
"Bicep forearms","12 Jun 2026, 19:51","12 Jun 2026, 20:40","","Preacher Curl (Machine)",,"",3,"normal",125,6,,,
"Bicep forearms","12 Jun 2026, 19:51","12 Jun 2026, 20:40","","Single Arm Behind the Back Curl (Cable)",,"",0,"normal",25,8,,,
"Bicep forearms","12 Jun 2026, 19:51","12 Jun 2026, 20:40","","Single Arm Behind the Back Curl (Cable)",,"",1,"normal",25,8,,,
"Bicep forearms","12 Jun 2026, 19:51","12 Jun 2026, 20:40","","Hammer Curl (Dumbbell)",,"",0,"normal",60,10,,,
"Bicep forearms","12 Jun 2026, 19:51","12 Jun 2026, 20:40","","Hammer Curl (Dumbbell)",,"",1,"normal",60,10,,,
"Bicep forearms","12 Jun 2026, 19:51","12 Jun 2026, 20:40","","Reverse Curl (Barbell)",,"",0,"normal",60,15,,,
"Bicep forearms","12 Jun 2026, 19:51","12 Jun 2026, 20:40","","Reverse Curl (Barbell)",,"",1,"normal",60,16,,,
"Bicep forearms","12 Jun 2026, 19:51","12 Jun 2026, 20:40","","Forearm Pushdown",,"",0,"normal",72.5,15,,,
"Bicep forearms","12 Jun 2026, 19:51","12 Jun 2026, 20:40","","Forearm Pushdown",,"",1,"normal",72.5,18,,,
"Bicep forearms","12 Jun 2026, 19:51","12 Jun 2026, 20:40","","Forearm Pushdown",,"",2,"normal",72.5,14,,,
"Bicep forearms","12 Jun 2026, 19:51","12 Jun 2026, 20:40","","Single Arm Forearm Curl",,"",0,"normal",22.5,11,,,
"Bicep forearms","12 Jun 2026, 19:51","12 Jun 2026, 20:40","","Single Arm Forearm Curl",,"",1,"normal",24,16,,,
"Bicep forearms","12 Jun 2026, 19:51","12 Jun 2026, 20:40","","Single Arm Forearm Curl",,"",2,"normal",25.5,17,,,
"BACK","12 Jun 2026, 17:06","12 Jun 2026, 17:50","Need to do biceps later, no time rn","Pull Up",,"",0,"normal",,10,,,
"BACK","12 Jun 2026, 17:06","12 Jun 2026, 17:50","Need to do biceps later, no time rn","Pull Up",,"",1,"normal",,9,,,
"BACK","12 Jun 2026, 17:06","12 Jun 2026, 17:50","Need to do biceps later, no time rn","Pull Up",,"",2,"normal",,8,,,
"BACK","12 Jun 2026, 17:06","12 Jun 2026, 17:50","Need to do biceps later, no time rn","Chin Up",,"",0,"normal",,4,,,
"BACK","12 Jun 2026, 17:06","12 Jun 2026, 17:50","Need to do biceps later, no time rn","Lat Pulldown (Cable)",,"",0,"warmup",145,6,,,
"BACK","12 Jun 2026, 17:06","12 Jun 2026, 17:50","Need to do biceps later, no time rn","Lat Pulldown (Cable)",,"",1,"normal",165,6,,,
"BACK","12 Jun 2026, 17:06","12 Jun 2026, 17:50","Need to do biceps later, no time rn","Lat Pulldown (Cable)",,"",2,"normal",165,7,,,
"BACK","12 Jun 2026, 17:06","12 Jun 2026, 17:50","Need to do biceps later, no time rn","Seated Row (Machine)",,"",0,"normal",160,11,,,
"BACK","12 Jun 2026, 17:06","12 Jun 2026, 17:50","Need to do biceps later, no time rn","Seated Row (Machine)",,"",1,"normal",175,11,,,
"BACK","12 Jun 2026, 17:06","12 Jun 2026, 17:50","Need to do biceps later, no time rn","Iso-Lateral Row (Machine)",,"",0,"warmup",204,8,,,
"BACK","12 Jun 2026, 17:06","12 Jun 2026, 17:50","Need to do biceps later, no time rn","Iso-Lateral Row (Machine)",,"",1,"normal",294,11,,,
"BACK","12 Jun 2026, 17:06","12 Jun 2026, 17:50","Need to do biceps later, no time rn","Iso-Lateral Row (Machine)",,"",2,"normal",294,11,,,
"BACK","12 Jun 2026, 17:06","12 Jun 2026, 17:50","Need to do biceps later, no time rn","Shrug (Dumbbell)",,"",0,"normal",160,16,,,
"BACK","12 Jun 2026, 17:06","12 Jun 2026, 17:50","Need to do biceps later, no time rn","Shrug (Dumbbell)",,"",1,"normal",160,18,,,
"PUSH","11 Jun 2026, 17:40","11 Jun 2026, 18:43","","Overhead Press (Barbell)",,"",0,"warmup",45,6,,,
"PUSH","11 Jun 2026, 17:40","11 Jun 2026, 18:43","","Overhead Press (Barbell)",,"",1,"normal",115,9,,,
"PUSH","11 Jun 2026, 17:40","11 Jun 2026, 18:43","","Incline Bench Press (Barbell)",,"",0,"warmup",135,8,,,
"PUSH","11 Jun 2026, 17:40","11 Jun 2026, 18:43","","Incline Bench Press (Barbell)",,"",1,"normal",145,8,,,
"PUSH","11 Jun 2026, 17:40","11 Jun 2026, 18:43","","Incline Bench Press (Barbell)",,"",2,"normal",155,5,,,
"PUSH","11 Jun 2026, 17:40","11 Jun 2026, 18:43","","Chest Fly (Machine)",,"",0,"warmup",175,7,,,
"PUSH","11 Jun 2026, 17:40","11 Jun 2026, 18:43","","Chest Fly (Machine)",,"",1,"normal",200,5,,,
"PUSH","11 Jun 2026, 17:40","11 Jun 2026, 18:43","","Chest Fly (Machine)",,"",2,"normal",195,6,,,
"PUSH","11 Jun 2026, 17:40","11 Jun 2026, 18:43","","Chest Fly (Machine)",,"",3,"normal",195,4,,,
"PUSH","11 Jun 2026, 17:40","11 Jun 2026, 18:43","","Single Arm Lateral Raise (Cable)",,"",0,"normal",19,13,,,
"PUSH","11 Jun 2026, 17:40","11 Jun 2026, 18:43","","Single Arm Lateral Raise (Cable)",,"",1,"normal",19,14,,,
"PUSH","11 Jun 2026, 17:40","11 Jun 2026, 18:43","","Single Arm Lateral Raise (Cable)",,"",2,"normal",20.5,8,,,
"PUSH","11 Jun 2026, 17:40","11 Jun 2026, 18:43","","Triceps Pushdown",,"",0,"normal",85,8,,,
"PUSH","11 Jun 2026, 17:40","11 Jun 2026, 18:43","","Triceps Pushdown",,"",1,"normal",85,8,,,
"PUSH","11 Jun 2026, 17:40","11 Jun 2026, 18:43","","Overhead Triceps Extension (Cable)",,"",0,"normal",69,7,,,
"PUSH","11 Jun 2026, 17:40","11 Jun 2026, 18:43","","Overhead Triceps Extension (Cable)",,"",1,"normal",69,6,,,
"PUSH","11 Jun 2026, 17:40","11 Jun 2026, 18:43","","Cable Crunch",,"",0,"normal",105,12,,,
"PUSH","11 Jun 2026, 17:40","11 Jun 2026, 18:43","","Cable Crunch",,"",1,"normal",105,8,,,
"PUSH","11 Jun 2026, 17:40","11 Jun 2026, 18:43","","Cable Crunch",,"",2,"normal",100.5,9,,,
"LEG SHARM","9 Jun 2026, 17:09","9 Jun 2026, 18:24","250 deadlift 🫪","Leg Extension (Machine)",,"",0,"warmup",185,5,,,
"LEG SHARM","9 Jun 2026, 17:09","9 Jun 2026, 18:24","250 deadlift 🫪","Leg Extension (Machine)",,"",1,"normal",235,8,,,
"LEG SHARM","9 Jun 2026, 17:09","9 Jun 2026, 18:24","250 deadlift 🫪","Leg Extension (Machine)",,"",2,"normal",235,9,,,
"LEG SHARM","9 Jun 2026, 17:09","9 Jun 2026, 18:24","250 deadlift 🫪","Deadlift (Smith Machine)",,"",0,"warmup",110,6,,,
"LEG SHARM","9 Jun 2026, 17:09","9 Jun 2026, 18:24","250 deadlift 🫪","Deadlift (Smith Machine)",,"",1,"normal",200,8,,,
"LEG SHARM","9 Jun 2026, 17:09","9 Jun 2026, 18:24","250 deadlift 🫪","Deadlift (Smith Machine)",,"",2,"normal",220,8,,,
"LEG SHARM","9 Jun 2026, 17:09","9 Jun 2026, 18:24","250 deadlift 🫪","Deadlift (Smith Machine)",,"",3,"normal",250,4,,,
"LEG SHARM","9 Jun 2026, 17:09","9 Jun 2026, 18:24","250 deadlift 🫪","Preacher Curl (Machine)",,"",0,"warmup",110,5,,,
"LEG SHARM","9 Jun 2026, 17:09","9 Jun 2026, 18:24","250 deadlift 🫪","Preacher Curl (Machine)",,"",1,"normal",125,9,,,
"LEG SHARM","9 Jun 2026, 17:09","9 Jun 2026, 18:24","250 deadlift 🫪","Preacher Curl (Machine)",,"",2,"normal",125,7,,,
"LEG SHARM","9 Jun 2026, 17:09","9 Jun 2026, 18:24","250 deadlift 🫪","Preacher Curl (Machine)",,"",3,"normal",125,9,,,
"LEG SHARM","9 Jun 2026, 17:09","9 Jun 2026, 18:24","250 deadlift 🫪","Overhead Press (Barbell)",,"",0,"warmup",45,10,,,
"LEG SHARM","9 Jun 2026, 17:09","9 Jun 2026, 18:24","250 deadlift 🫪","Overhead Press (Barbell)",,"",1,"normal",95,11,,,
"LEG SHARM","9 Jun 2026, 17:09","9 Jun 2026, 18:24","250 deadlift 🫪","Overhead Press (Barbell)",,"",2,"normal",105,9,,,
"LEG SHARM","9 Jun 2026, 17:09","9 Jun 2026, 18:24","250 deadlift 🫪","Overhead Press (Barbell)",,"",3,"normal",115,5,,,
"LEG SHARM","9 Jun 2026, 17:09","9 Jun 2026, 18:24","250 deadlift 🫪","Triceps Rope Pushdown",,"",0,"normal",70,7,,,
"LEG SHARM","9 Jun 2026, 17:09","9 Jun 2026, 18:24","250 deadlift 🫪","Triceps Rope Pushdown",,"",1,"normal",70,7,,,
"LEG SHARM","9 Jun 2026, 17:09","9 Jun 2026, 18:24","250 deadlift 🫪","Pull Up",,"",0,"normal",,5,,,
"LEG SHARM","9 Jun 2026, 17:09","9 Jun 2026, 18:24","250 deadlift 🫪","Hammer Curl (Cable)",,"",0,"normal",52.5,11,,,
"LEG SHARM","9 Jun 2026, 17:09","9 Jun 2026, 18:24","250 deadlift 🫪","Hammer Curl (Cable)",,"",1,"normal",54,10,,,
"CHEST BACK","8 Jun 2026, 17:49","8 Jun 2026, 19:09","","Lat Pulldown (Cable)",,"",0,"warmup",160,8,,,
"CHEST BACK","8 Jun 2026, 17:49","8 Jun 2026, 19:09","","Lat Pulldown (Cable)",,"",1,"normal",180,7,,,
"CHEST BACK","8 Jun 2026, 17:49","8 Jun 2026, 19:09","","Lat Pulldown (Cable)",,"",2,"normal",180,6,,,
"CHEST BACK","8 Jun 2026, 17:49","8 Jun 2026, 19:09","","Chest Fly (Machine)",,"",0,"warmup",190,5,,,
"CHEST BACK","8 Jun 2026, 17:49","8 Jun 2026, 19:09","","Chest Fly (Machine)",,"",1,"normal",200,6,,,
"CHEST BACK","8 Jun 2026, 17:49","8 Jun 2026, 19:09","","Chest Fly (Machine)",,"",2,"normal",195,6,,,
"CHEST BACK","8 Jun 2026, 17:49","8 Jun 2026, 19:09","","Chest Fly (Machine)",,"",3,"normal",195,5,,,
"CHEST BACK","8 Jun 2026, 17:49","8 Jun 2026, 19:09","","Iso-Lateral Row (Machine)",,"",0,"warmup",294,6,,,
"CHEST BACK","8 Jun 2026, 17:49","8 Jun 2026, 19:09","","Iso-Lateral Row (Machine)",,"",1,"normal",324,7,,,
"CHEST BACK","8 Jun 2026, 17:49","8 Jun 2026, 19:09","","Iso-Lateral Row (Machine)",,"",2,"normal",324,8,,,
"CHEST BACK","8 Jun 2026, 17:49","8 Jun 2026, 19:09","","Shrug (Dumbbell)",,"",0,"normal",180,14,,,
"CHEST BACK","8 Jun 2026, 17:49","8 Jun 2026, 19:09","","Shrug (Dumbbell)",,"",1,"normal",180,15,,,
"CHEST BACK","8 Jun 2026, 17:49","8 Jun 2026, 19:09","","Incline Bench Press (Barbell)",,"",0,"warmup",95,8,,,
"CHEST BACK","8 Jun 2026, 17:49","8 Jun 2026, 19:09","","Incline Bench Press (Barbell)",,"",1,"warmup",135,8,,,
"CHEST BACK","8 Jun 2026, 17:49","8 Jun 2026, 19:09","","Incline Bench Press (Barbell)",,"",2,"normal",145,9,,,
"CHEST BACK","8 Jun 2026, 17:49","8 Jun 2026, 19:09","","Incline Bench Press (Barbell)",,"",3,"normal",145,7,,,
"CHEST BACK","8 Jun 2026, 17:49","8 Jun 2026, 19:09","","Seated Row (Machine)",,"",0,"warmup",165,6,,,
"CHEST BACK","8 Jun 2026, 17:49","8 Jun 2026, 19:09","","Seated Row (Machine)",,"",1,"normal",180,9,,,
"CHEST BACK","8 Jun 2026, 17:49","8 Jun 2026, 19:09","","Seated Row (Machine)",,"",2,"normal",180,8,,,
"CHEST BACK","8 Jun 2026, 17:49","8 Jun 2026, 19:09","","Cable Crunch",,"",0,"normal",105,11,,,
"CHEST BACK","8 Jun 2026, 17:49","8 Jun 2026, 19:09","","Cable Crunch",,"",1,"normal",105,10,,,
"CHEST BACK","8 Jun 2026, 17:49","8 Jun 2026, 19:09","","Cable Crunch",,"",2,"normal",105,11,,,
"Quick arm","7 Jun 2026, 20:47","7 Jun 2026, 21:06","","Preacher Curl (Machine)",,"",0,"warmup",110,8,,,
"Quick arm","7 Jun 2026, 20:47","7 Jun 2026, 21:06","","Preacher Curl (Machine)",,"",1,"normal",125,6,,,
"Quick arm","7 Jun 2026, 20:47","7 Jun 2026, 21:06","","Preacher Curl (Machine)",,"",2,"normal",125,5,,,
"Quick arm","7 Jun 2026, 20:47","7 Jun 2026, 21:06","","Seated Dip Machine",,"",0,"normal",175,12,,,
"Quick arm","7 Jun 2026, 20:47","7 Jun 2026, 21:06","","Seated Dip Machine",,"",1,"normal",205,8,,,
"Quick arm","7 Jun 2026, 20:47","7 Jun 2026, 21:06","","Hammer Curl (Cable)",0,"",0,"normal",49,13,,,
"Quick arm","7 Jun 2026, 20:47","7 Jun 2026, 21:06","","Hammer Curl (Cable)",0,"",1,"normal",50.5,11,,,
"Quick arm","7 Jun 2026, 20:47","7 Jun 2026, 21:06","","Pull Up",0,"",0,"normal",,5,,,
"Quick arm","7 Jun 2026, 20:47","7 Jun 2026, 21:06","","Pull Up",0,"",1,"normal",,3,,,
"Quick arm","7 Jun 2026, 20:47","7 Jun 2026, 21:06","","Seated Shoulder Press (Machine)",,"",0,"normal",70,8,,,
"LEG","6 Jun 2026, 20:52","6 Jun 2026, 21:44","Starting RDLs again 💪","Seated Leg Curl (Machine)",,"",0,"warmup",155,7,,,
"LEG","6 Jun 2026, 20:52","6 Jun 2026, 21:44","Starting RDLs again 💪","Seated Leg Curl (Machine)",,"",1,"normal",185,6,,,
"LEG","6 Jun 2026, 20:52","6 Jun 2026, 21:44","Starting RDLs again 💪","Seated Leg Curl (Machine)",,"",2,"normal",175,9,,,
"LEG","6 Jun 2026, 20:52","6 Jun 2026, 21:44","Starting RDLs again 💪","Romanian Deadlift (Barbell)",,"",0,"warmup",135,7,,,
"LEG","6 Jun 2026, 20:52","6 Jun 2026, 21:44","Starting RDLs again 💪","Romanian Deadlift (Barbell)",,"",1,"warmup",185,6,,,
"LEG","6 Jun 2026, 20:52","6 Jun 2026, 21:44","Starting RDLs again 💪","Romanian Deadlift (Barbell)",,"",2,"normal",225,6,,,
"LEG","6 Jun 2026, 20:52","6 Jun 2026, 21:44","Starting RDLs again 💪","Romanian Deadlift (Barbell)",,"",3,"normal",235,5,,,
"LEG","6 Jun 2026, 20:52","6 Jun 2026, 21:44","Starting RDLs again 💪","Leg Extension (Machine)",,"",0,"normal",225,11,,,
"LEG","6 Jun 2026, 20:52","6 Jun 2026, 21:44","Starting RDLs again 💪","Leg Extension (Machine)",,"",1,"normal",230,9,,,
"LEG","6 Jun 2026, 20:52","6 Jun 2026, 21:44","Starting RDLs again 💪","Hip Adduction (Machine)",0,"",0,"normal",60,12,,,
"LEG","6 Jun 2026, 20:52","6 Jun 2026, 21:44","Starting RDLs again 💪","Hip Adduction (Machine)",0,"",1,"normal",65,10,,,
"LEG","6 Jun 2026, 20:52","6 Jun 2026, 21:44","Starting RDLs again 💪","Hip Abduction (Machine)",0,"",0,"normal",140,12,,,
"LEG","6 Jun 2026, 20:52","6 Jun 2026, 21:44","Starting RDLs again 💪","Hip Abduction (Machine)",0,"",1,"normal",140,13,,,
"LEG","6 Jun 2026, 20:52","6 Jun 2026, 21:44","Starting RDLs again 💪","Cable Crunch",,"",0,"normal",100.5,13,,,
"LEG","6 Jun 2026, 20:52","6 Jun 2026, 21:44","Starting RDLs again 💪","Cable Crunch",,"",1,"normal",100.5,11,,,
"PULL","5 Jun 2026, 17:18","5 Jun 2026, 18:26","","Seated Cable Row - V Grip (Cable)",,"",0,"normal",135,13,,,
"PULL","5 Jun 2026, 17:18","5 Jun 2026, 18:26","","Seated Cable Row - V Grip (Cable)",,"",1,"normal",165,10,,,
"PULL","5 Jun 2026, 17:18","5 Jun 2026, 18:26","","Seated Cable Row - V Grip (Cable)",,"",2,"normal",175,9,,,
"PULL","5 Jun 2026, 17:18","5 Jun 2026, 18:26","","MAC Chest Supported Row Machine",,"",0,"normal",165,16,,,
"PULL","5 Jun 2026, 17:18","5 Jun 2026, 18:26","","MAC Chest Supported Row Machine",,"",1,"normal",210,10,,,
"PULL","5 Jun 2026, 17:18","5 Jun 2026, 18:26","","Lat Pulldown (Cable)",,"",0,"normal",180,10,,,
"PULL","5 Jun 2026, 17:18","5 Jun 2026, 18:26","","Lat Pulldown (Cable)",,"",1,"normal",180,8,,,
"PULL","5 Jun 2026, 17:18","5 Jun 2026, 18:26","","Single Arm Behind the Back Curl (Cable)",,"",0,"normal",40,16,,,
"PULL","5 Jun 2026, 17:18","5 Jun 2026, 18:26","","Single Arm Behind the Back Curl (Cable)",,"",1,"normal",50,12,,,
"PULL","5 Jun 2026, 17:18","5 Jun 2026, 18:26","","Hammer Curl (Cable)",,"",0,"normal",72.5,12,,,
"PULL","5 Jun 2026, 17:18","5 Jun 2026, 18:26","","Hammer Curl (Cable)",,"",1,"normal",47.5,10,,,
"PULL","5 Jun 2026, 17:18","5 Jun 2026, 18:26","","Pull Up",,"",0,"normal",,5,,,
"PUSH","4 Jun 2026, 17:39","4 Jun 2026, 18:45","","Bench Press (Smith Machine)",,"",0,"warmup",110,7,,,
"PUSH","4 Jun 2026, 17:39","4 Jun 2026, 18:45","","Bench Press (Smith Machine)",,"",1,"normal",160,10,,,
"PUSH","4 Jun 2026, 17:39","4 Jun 2026, 18:45","","Bench Press (Smith Machine)",,"",2,"normal",170,6,,,
"PUSH","4 Jun 2026, 17:39","4 Jun 2026, 18:45","","Incline Bench Press (Smith Machine)",,"",0,"warmup",110,6,,,
"PUSH","4 Jun 2026, 17:39","4 Jun 2026, 18:45","","Incline Bench Press (Smith Machine)",,"",1,"normal",150,5,,,
"PUSH","4 Jun 2026, 17:39","4 Jun 2026, 18:45","","Incline Bench Press (Smith Machine)",,"",2,"normal",140,6,,,
"PUSH","4 Jun 2026, 17:39","4 Jun 2026, 18:45","","Chest Dip",,"",0,"normal",,5,,,
"PUSH","4 Jun 2026, 17:39","4 Jun 2026, 18:45","","Triceps Pushdown",,"",0,"normal",85,7,,,
"PUSH","4 Jun 2026, 17:39","4 Jun 2026, 18:45","","Triceps Pushdown",,"",1,"normal",85,8,,,
"PUSH","4 Jun 2026, 17:39","4 Jun 2026, 18:45","","Single Arm Lateral Raise (Cable)",,"",0,"normal",17.5,14,,,
"PUSH","4 Jun 2026, 17:39","4 Jun 2026, 18:45","","Single Arm Lateral Raise (Cable)",,"",1,"normal",19,15,,,
"PUSH","4 Jun 2026, 17:39","4 Jun 2026, 18:45","","Chest Fly (Machine)",,"",0,"warmup",145,4,,,
"PUSH","4 Jun 2026, 17:39","4 Jun 2026, 18:45","","Chest Fly (Machine)",,"",1,"warmup",145,5,,,
"PUSH","4 Jun 2026, 17:39","4 Jun 2026, 18:45","","Chest Fly (Machine)",,"",2,"normal",175,5,,,
"PUSH","4 Jun 2026, 17:39","4 Jun 2026, 18:45","","Chest Fly (Machine)",,"",3,"normal",175,4,,,
"PUSH","4 Jun 2026, 17:39","4 Jun 2026, 18:45","","Overhead Triceps Extension (Cable)",,"",0,"normal",69,6,,,
"PUSH","4 Jun 2026, 17:39","4 Jun 2026, 18:45","","Overhead Triceps Extension (Cable)",,"",1,"normal",69,8,,,
"PUSH","4 Jun 2026, 17:39","4 Jun 2026, 18:45","","Cable Crunch",,"",0,"normal",99,14,,,
"PUSH","4 Jun 2026, 17:39","4 Jun 2026, 18:45","","Cable Crunch",,"",1,"normal",100.5,10,,,
"PUSH","4 Jun 2026, 17:39","4 Jun 2026, 18:45","","Cable Crunch",,"",2,"normal",100.5,9,,,
"Leg sharm","2 Jun 2026, 17:34","2 Jun 2026, 18:33","Barely legs","Overhead Press (Smith Machine)",,"",0,"normal",110,14,,,
"Leg sharm","2 Jun 2026, 17:34","2 Jun 2026, 18:33","Barely legs","Overhead Press (Smith Machine)",,"",1,"normal",130,11,,,
"Leg sharm","2 Jun 2026, 17:34","2 Jun 2026, 18:33","Barely legs","Seated Lateral Raise (Dumbbell)",,"",0,"normal",45,10,,,
"Leg sharm","2 Jun 2026, 17:34","2 Jun 2026, 18:33","Barely legs","Seated Lateral Raise (Dumbbell)",,"",1,"normal",45,9,,,
"Leg sharm","2 Jun 2026, 17:34","2 Jun 2026, 18:33","Barely legs","Preacher Curl (Machine)",,"",0,"normal",125,11,,,
"Leg sharm","2 Jun 2026, 17:34","2 Jun 2026, 18:33","Barely legs","Preacher Curl (Machine)",,"",1,"normal",125,8,,,
"Leg sharm","2 Jun 2026, 17:34","2 Jun 2026, 18:33","Barely legs","Preacher Curl (Machine)",,"",2,"normal",110,7,,,
"Leg sharm","2 Jun 2026, 17:34","2 Jun 2026, 18:33","Barely legs","Triceps Pushdown",,"",0,"normal",85,10,,,
"Leg sharm","2 Jun 2026, 17:34","2 Jun 2026, 18:33","Barely legs","Triceps Pushdown",,"",1,"normal",85,8,,,
"Leg sharm","2 Jun 2026, 17:34","2 Jun 2026, 18:33","Barely legs","Reverse Curl (Barbell)",,"",0,"normal",70,14,,,
"Leg sharm","2 Jun 2026, 17:34","2 Jun 2026, 18:33","Barely legs","Reverse Curl (Barbell)",,"",1,"normal",70,12,,,
"Leg sharm","2 Jun 2026, 17:34","2 Jun 2026, 18:33","Barely legs","Leg Extension (Machine)",,"",0,"normal",220,8,,,
"Leg sharm","2 Jun 2026, 17:34","2 Jun 2026, 18:33","Barely legs","Leg Extension (Machine)",,"",1,"normal",220,10,,,
"Leg sharm","2 Jun 2026, 17:34","2 Jun 2026, 18:33","Barely legs","Cable Crunch",,"",0,"normal",99,6,,,
"Leg sharm","2 Jun 2026, 17:34","2 Jun 2026, 18:33","Barely legs","Cable Crunch",,"",1,"normal",99,15,,,
"Leg sharm","2 Jun 2026, 17:34","2 Jun 2026, 18:33","Barely legs","Cable Crunch",,"",2,"normal",100.5,12,,,
"CHEST BACK","1 Jun 2026, 18:11","1 Jun 2026, 19:09","","Chest Fly (Machine)",,"",0,"warmup",190,6,,,
"CHEST BACK","1 Jun 2026, 18:11","1 Jun 2026, 19:09","","Chest Fly (Machine)",,"",1,"normal",200,9,,,
"CHEST BACK","1 Jun 2026, 18:11","1 Jun 2026, 19:09","","Chest Fly (Machine)",,"",2,"normal",205,7,,,
"CHEST BACK","1 Jun 2026, 18:11","1 Jun 2026, 19:09","","Iso-Lateral Row (Machine)",,"",0,"warmup",254,7,,,
"CHEST BACK","1 Jun 2026, 18:11","1 Jun 2026, 19:09","","Iso-Lateral Row (Machine)",,"",1,"normal",324,10,,,
"CHEST BACK","1 Jun 2026, 18:11","1 Jun 2026, 19:09","","Iso-Lateral Row (Machine)",,"",2,"normal",324,8,,,
"CHEST BACK","1 Jun 2026, 18:11","1 Jun 2026, 19:09","","Seated Row (Machine)",,"",0,"warmup",165,7,,,
"CHEST BACK","1 Jun 2026, 18:11","1 Jun 2026, 19:09","","Seated Row (Machine)",,"",1,"normal",180,12,,,
"CHEST BACK","1 Jun 2026, 18:11","1 Jun 2026, 19:09","","Seated Row (Machine)",,"",2,"normal",185,11,,,
"CHEST BACK","1 Jun 2026, 18:11","1 Jun 2026, 19:09","","Incline Bench Press (Barbell)",,"",0,"normal",135,11,,,
"CHEST BACK","1 Jun 2026, 18:11","1 Jun 2026, 19:09","","Incline Bench Press (Barbell)",,"",1,"normal",135,10,,,
"CHEST BACK","1 Jun 2026, 18:11","1 Jun 2026, 19:09","","Lat Pulldown (Cable)",,"",0,"normal",160,11,,,
"CHEST BACK","1 Jun 2026, 18:11","1 Jun 2026, 19:09","","Lat Pulldown (Cable)",,"",1,"normal",170,7,,,
"CHEST BACK","1 Jun 2026, 18:11","1 Jun 2026, 19:09","","Cable Crunch",,"",0,"normal",100,12,,,
"CHEST BACK","1 Jun 2026, 18:11","1 Jun 2026, 19:09","","Cable Crunch",,"",1,"normal",105,9,,,
"CHEST BACK","1 Jun 2026, 18:11","1 Jun 2026, 19:09","","Cable Crunch",,"",2,"normal",100,10,,,
"Leg","30 May 2026, 08:35","30 May 2026, 09:33","","Leg Extension (Machine)",,"",0,"warmup",175,6,,,
"Leg","30 May 2026, 08:35","30 May 2026, 09:33","","Leg Extension (Machine)",,"",1,"normal",220,8,,,
"Leg","30 May 2026, 08:35","30 May 2026, 09:33","","Leg Extension (Machine)",,"",2,"normal",220,10,,,
"Leg","30 May 2026, 08:35","30 May 2026, 09:33","","Seated Leg Curl (Machine)",,"Leaning forward",0,"normal",160,8,,,
"Leg","30 May 2026, 08:35","30 May 2026, 09:33","","Seated Leg Curl (Machine)",,"Leaning forward",1,"normal",160,8,,,
"Leg","30 May 2026, 08:35","30 May 2026, 09:33","","Hip Adduction (Machine)",0,"",0,"normal",60,13,,,
"Leg","30 May 2026, 08:35","30 May 2026, 09:33","","Hip Adduction (Machine)",0,"",1,"normal",60,12,,,
"Leg","30 May 2026, 08:35","30 May 2026, 09:33","","Hip Abduction (Machine)",0,"",0,"normal",135,13,,,
"Leg","30 May 2026, 08:35","30 May 2026, 09:33","","Hip Abduction (Machine)",0,"",1,"normal",142.5,15,,,
"Leg","30 May 2026, 08:35","30 May 2026, 09:33","","Back Extension (Machine)",,"",0,"normal",245,12,,,
"Leg","30 May 2026, 08:35","30 May 2026, 09:33","","Back Extension (Machine)",,"",1,"normal",250,13,,,
"Leg","30 May 2026, 08:35","30 May 2026, 09:33","","Shrug (Dumbbell)",,"",0,"normal",160,17,,,
"Leg","30 May 2026, 08:35","30 May 2026, 09:33","","Shrug (Dumbbell)",,"",1,"normal",170,17,,,
"Leg","30 May 2026, 08:35","30 May 2026, 09:33","","EZ Bar Biceps Curl",,"",0,"normal",80,9,,,
"Leg","30 May 2026, 08:35","30 May 2026, 09:33","","EZ Bar Biceps Curl",,"",1,"normal",80,8,,,
"Leg","30 May 2026, 08:35","30 May 2026, 09:33","","Cable Crunch",,"",0,"normal",95.5,11,,,
"Leg","30 May 2026, 08:35","30 May 2026, 09:33","","Cable Crunch",,"",1,"normal",95.5,9,,,
"Leg","30 May 2026, 08:35","30 May 2026, 09:33","","Preacher Curl (Machine)",,"",0,"normal",125,10,,,
"Leg","30 May 2026, 08:35","30 May 2026, 09:33","","Preacher Curl (Machine)",,"",1,"normal",125,8,,,
"PULL","29 May 2026, 17:38","29 May 2026, 18:24","","Iso-Lateral Row (Machine)",,"",0,"warmup",204,7,,,
"PULL","29 May 2026, 17:38","29 May 2026, 18:24","","Iso-Lateral Row (Machine)",,"",1,"normal",294,13,,,
"PULL","29 May 2026, 17:38","29 May 2026, 18:24","","Iso-Lateral Row (Machine)",,"",2,"normal",314,10,,,
"PULL","29 May 2026, 17:38","29 May 2026, 18:24","","Lat Pulldown (Cable)",,"",0,"warmup",160,6,,,
"PULL","29 May 2026, 17:38","29 May 2026, 18:24","","Lat Pulldown (Cable)",,"",1,"normal",180,8,,,
"PULL","29 May 2026, 17:38","29 May 2026, 18:24","","Lat Pulldown (Cable)",,"",2,"normal",180,7,,,
"PULL","29 May 2026, 17:38","29 May 2026, 18:24","","Seated Row (Machine)",,"",0,"warmup",150,7,,,
"PULL","29 May 2026, 17:38","29 May 2026, 18:24","","Seated Row (Machine)",,"",1,"normal",165,15,,,
"PULL","29 May 2026, 17:38","29 May 2026, 18:24","","Seated Row (Machine)",,"",2,"normal",175,11,,,
"PULL","29 May 2026, 17:38","29 May 2026, 18:24","","Preacher Curl (Machine)",,"",0,"normal",125,10,,,
"PULL","29 May 2026, 17:38","29 May 2026, 18:24","","Preacher Curl (Machine)",,"",1,"normal",125,10,,,
"PULL","29 May 2026, 17:38","29 May 2026, 18:24","","Reverse Curl (Barbell)",,"",0,"normal",70,11,,,
"PULL","29 May 2026, 17:38","29 May 2026, 18:24","","Reverse Curl (Barbell)",,"",1,"normal",70,11,,,
"PUSH","28 May 2026, 17:22","28 May 2026, 18:23","","Chest Fly (Machine)",,"",0,"warmup",180,6,,,
"PUSH","28 May 2026, 17:22","28 May 2026, 18:23","","Chest Fly (Machine)",,"",1,"normal",195,8,,,
"PUSH","28 May 2026, 17:22","28 May 2026, 18:23","","Chest Fly (Machine)",,"",2,"normal",195,7,,,
"PUSH","28 May 2026, 17:22","28 May 2026, 18:23","","Incline Bench Press (Barbell)",,"",0,"warmup",135,6,,,
"PUSH","28 May 2026, 17:22","28 May 2026, 18:23","","Incline Bench Press (Barbell)",,"",1,"normal",145,6,,,
"PUSH","28 May 2026, 17:22","28 May 2026, 18:23","","Incline Bench Press (Barbell)",,"",2,"normal",145,8,,,
"PUSH","28 May 2026, 17:22","28 May 2026, 18:23","","Overhead Press (Barbell)",,"",0,"warmup",45,6,,,
"PUSH","28 May 2026, 17:22","28 May 2026, 18:23","","Overhead Press (Barbell)",,"",1,"normal",95,9,,,
"PUSH","28 May 2026, 17:22","28 May 2026, 18:23","","Overhead Press (Barbell)",,"",2,"normal",95,12,,,
"PUSH","28 May 2026, 17:22","28 May 2026, 18:23","","Single Arm Lateral Raise (Cable)",,"",0,"normal",24,7,,,
"PUSH","28 May 2026, 17:22","28 May 2026, 18:23","","Single Arm Lateral Raise (Cable)",,"",1,"normal",22.5,7,,,
"PUSH","28 May 2026, 17:22","28 May 2026, 18:23","","Triceps Pushdown",,"",0,"normal",79,10,,,
"PUSH","28 May 2026, 17:22","28 May 2026, 18:23","","Triceps Pushdown",,"",1,"normal",79,9,,,
"PUSH","28 May 2026, 17:22","28 May 2026, 18:23","","Overhead Triceps Extension (Cable)",,"",0,"normal",69,8,,,
"PUSH","28 May 2026, 17:22","28 May 2026, 18:23","","Overhead Triceps Extension (Cable)",,"",1,"normal",69,9,,,
"PUSH","28 May 2026, 17:22","28 May 2026, 18:23","","Cable Crunch",,"",0,"normal",94,15,,,
"PUSH","28 May 2026, 17:22","28 May 2026, 18:23","","Cable Crunch",,"",1,"normal",95.5,11,,,
"PUSH","28 May 2026, 17:22","28 May 2026, 18:23","","Cable Crunch",,"",2,"normal",95.5,9,,,
"SHARM","26 May 2026, 18:20","26 May 2026, 19:11","","Overhead Press (Smith Machine)",,"",0,"warmup",70,10,,,
"SHARM","26 May 2026, 18:20","26 May 2026, 19:11","","Overhead Press (Smith Machine)",,"",1,"normal",110,15,,,
"SHARM","26 May 2026, 18:20","26 May 2026, 19:11","","Overhead Press (Smith Machine)",,"",2,"normal",130,9,,,
"SHARM","26 May 2026, 18:20","26 May 2026, 19:11","","Lateral Raise (Dumbbell)",,"",0,"normal",35,15,,,
"SHARM","26 May 2026, 18:20","26 May 2026, 19:11","","Lateral Raise (Dumbbell)",,"",1,"normal",35,13,,,
"SHARM","26 May 2026, 18:20","26 May 2026, 19:11","","Preacher Curl (Machine)",,"",0,"normal",125,12,,,
"SHARM","26 May 2026, 18:20","26 May 2026, 19:11","","Preacher Curl (Machine)",,"",1,"normal",132.5,4,,,
"SHARM","26 May 2026, 18:20","26 May 2026, 19:11","","Preacher Curl (Machine)",,"",2,"normal",125,7,,,
"SHARM","26 May 2026, 18:20","26 May 2026, 19:11","","Triceps Pushdown",,"",0,"normal",72.5,15,,,
"SHARM","26 May 2026, 18:20","26 May 2026, 19:11","","Triceps Pushdown",,"",1,"normal",80,8,,,
"SHARM","26 May 2026, 18:20","26 May 2026, 19:11","","Reverse Curl (Barbell)",,"",0,"normal",60,15,,,
"SHARM","26 May 2026, 18:20","26 May 2026, 19:11","","Reverse Curl (Barbell)",,"",1,"normal",70,10,,,
"SHARM","26 May 2026, 18:20","26 May 2026, 19:11","","Forearm Pushdown",,"",0,"normal",65,20,,,
"SHARM","26 May 2026, 18:20","26 May 2026, 19:11","","Forearm Pushdown",,"",1,"normal",72.5,15,,,
"SHARM","26 May 2026, 18:20","26 May 2026, 19:11","","Overhead Triceps Extension (Cable)",,"",0,"normal",59,4,,,
"SHARM","26 May 2026, 18:20","26 May 2026, 19:11","","Cable Crunch",,"",0,"normal",89,13,,,
"SHARM","26 May 2026, 18:20","26 May 2026, 19:11","","Cable Crunch",,"",1,"normal",92.5,7,,,
"SHARM","26 May 2026, 18:20","26 May 2026, 19:11","","Cable Crunch",,"",2,"normal",92.5,10,,,
"CHEST BACK","25 May 2026, 19:38","25 May 2026, 20:39","","Lat Pulldown (Cable)",,"",0,"warmup",160,7,,,
"CHEST BACK","25 May 2026, 19:38","25 May 2026, 20:39","","Lat Pulldown (Cable)",,"",1,"normal",180,9,,,
"CHEST BACK","25 May 2026, 19:38","25 May 2026, 20:39","","Lat Pulldown (Cable)",,"",2,"normal",180,8,,,
"CHEST BACK","25 May 2026, 19:38","25 May 2026, 20:39","","Chest Fly (Machine)",,"",0,"warmup",180,6,,,
"CHEST BACK","25 May 2026, 19:38","25 May 2026, 20:39","","Chest Fly (Machine)",,"",1,"normal",195,6,,,
"CHEST BACK","25 May 2026, 19:38","25 May 2026, 20:39","","Chest Fly (Machine)",,"",2,"normal",195,6,,,
"CHEST BACK","25 May 2026, 19:38","25 May 2026, 20:39","","Chest Fly (Machine)",,"",3,"normal",190,5,,,
"CHEST BACK","25 May 2026, 19:38","25 May 2026, 20:39","","Iso-Lateral Row (Machine)",,"",0,"warmup",204,7,,,
"CHEST BACK","25 May 2026, 19:38","25 May 2026, 20:39","","Iso-Lateral Row (Machine)",,"",1,"normal",284,12,,,
"CHEST BACK","25 May 2026, 19:38","25 May 2026, 20:39","","Iso-Lateral Row (Machine)",,"",2,"normal",284,13,,,
"CHEST BACK","25 May 2026, 19:38","25 May 2026, 20:39","","Incline Bench Press (Barbell)",,"",0,"normal",135,10,,,
"CHEST BACK","25 May 2026, 19:38","25 May 2026, 20:39","","Incline Bench Press (Barbell)",,"",1,"normal",145,6,,,
"CHEST BACK","25 May 2026, 19:38","25 May 2026, 20:39","","Seated Row (Machine)",,"",0,"warmup",150,6,,,
"CHEST BACK","25 May 2026, 19:38","25 May 2026, 20:39","","Seated Row (Machine)",,"",1,"normal",165,11,,,
"CHEST BACK","25 May 2026, 19:38","25 May 2026, 20:39","","Seated Row (Machine)",,"",2,"normal",170,12,,,
"CHEST BACK","25 May 2026, 19:38","25 May 2026, 20:39","","Cable Crunch",,"",0,"warmup",84,7,,,
"CHEST BACK","25 May 2026, 19:38","25 May 2026, 20:39","","Cable Crunch",,"",1,"normal",94,8,,,
"CHEST BACK","25 May 2026, 19:38","25 May 2026, 20:39","","Cable Crunch",,"",2,"normal",89,10,,,
"CHEST BACK","25 May 2026, 19:38","25 May 2026, 20:39","","Cable Crunch",,"",3,"normal",89,8,,,
"Legs","23 May 2026, 17:32","23 May 2026, 18:27","Been in a while so machine only","Seated Leg Curl (Machine)",,"",0,"warmup",130,6,,,
"Legs","23 May 2026, 17:32","23 May 2026, 18:27","Been in a while so machine only","Seated Leg Curl (Machine)",,"",1,"normal",185,7,,,
"Legs","23 May 2026, 17:32","23 May 2026, 18:27","Been in a while so machine only","Seated Leg Curl (Machine)",,"",2,"normal",180,7,,,
"Legs","23 May 2026, 17:32","23 May 2026, 18:27","Been in a while so machine only","Leg Extension (Machine)",,"",0,"warmup",175,6,,,
"Legs","23 May 2026, 17:32","23 May 2026, 18:27","Been in a while so machine only","Leg Extension (Machine)",,"",1,"normal",220,8,,,
"Legs","23 May 2026, 17:32","23 May 2026, 18:27","Been in a while so machine only","Leg Extension (Machine)",,"",2,"normal",220,10,,,
"Legs","23 May 2026, 17:32","23 May 2026, 18:27","Been in a while so machine only","Hip Adduction (Machine)",0,"",0,"normal",60,15,,,
"Legs","23 May 2026, 17:32","23 May 2026, 18:27","Been in a while so machine only","Hip Adduction (Machine)",0,"",1,"normal",65,6,,,
"Legs","23 May 2026, 17:32","23 May 2026, 18:27","Been in a while so machine only","Hip Abduction (Machine)",0,"",0,"normal",135,15,,,
"Legs","23 May 2026, 17:32","23 May 2026, 18:27","Been in a while so machine only","Hip Abduction (Machine)",0,"",1,"normal",140,15,,,
"Legs","23 May 2026, 17:32","23 May 2026, 18:27","Been in a while so machine only","Calf Press (Machine)",,"",0,"normal",310,20,,,
"Legs","23 May 2026, 17:32","23 May 2026, 18:27","Been in a while so machine only","Calf Press (Machine)",,"",1,"normal",320,20,,,
"Legs","23 May 2026, 17:32","23 May 2026, 18:27","Been in a while so machine only","Back Extension (Machine)",,"",0,"normal",235,12,,,
"Legs","23 May 2026, 17:32","23 May 2026, 18:27","Been in a while so machine only","Back Extension (Machine)",,"",1,"normal",245,12,,,
"Legs","23 May 2026, 17:32","23 May 2026, 18:27","Been in a while so machine only","Cable Crunch",,"",0,"normal",99,15,,,
"Legs","23 May 2026, 17:32","23 May 2026, 18:27","Been in a while so machine only","Cable Crunch",,"",1,"normal",99,12,,,
"PULL","22 May 2026, 16:46","22 May 2026, 17:34","","Iso-Lateral Row (Machine)",,"",0,"warmup",204,8,,,
"PULL","22 May 2026, 16:46","22 May 2026, 17:34","","Iso-Lateral Row (Machine)",,"",1,"normal",274,12,,,
"PULL","22 May 2026, 16:46","22 May 2026, 17:34","","Iso-Lateral Row (Machine)",,"",2,"normal",284,13,,,
"PULL","22 May 2026, 16:46","22 May 2026, 17:34","","Pull Up",,"",0,"normal",,7,,,
"PULL","22 May 2026, 16:46","22 May 2026, 17:34","","Pull Up",,"",1,"normal",,7,,,
"PULL","22 May 2026, 16:46","22 May 2026, 17:34","","Pull Up",,"",2,"normal",,8,,,
"PULL","22 May 2026, 16:46","22 May 2026, 17:34","","Seated Row (Machine)",,"",0,"warmup",145,7,,,
"PULL","22 May 2026, 16:46","22 May 2026, 17:34","","Seated Row (Machine)",,"",1,"normal",160,11,,,
"PULL","22 May 2026, 16:46","22 May 2026, 17:34","","Seated Row (Machine)",,"",2,"normal",165,9,,,
"PULL","22 May 2026, 16:46","22 May 2026, 17:34","","Preacher Curl (Machine)",,"",0,"normal",125,10,,,
"PULL","22 May 2026, 16:46","22 May 2026, 17:34","","Preacher Curl (Machine)",,"",1,"normal",125,8,,,
"PULL","22 May 2026, 16:46","22 May 2026, 17:34","","Reverse Curl (Barbell)",,"",0,"normal",60,14,,,
"PULL","22 May 2026, 16:46","22 May 2026, 17:34","","Reverse Curl (Barbell)",,"",1,"normal",60,15,,,
"PUSH","21 May 2026, 18:24","21 May 2026, 19:09","","Chest Fly (Machine)",,"",0,"warmup",180,6,,,
"PUSH","21 May 2026, 18:24","21 May 2026, 19:09","","Chest Fly (Machine)",,"",1,"normal",195,9,,,
"PUSH","21 May 2026, 18:24","21 May 2026, 19:09","","Chest Fly (Machine)",,"",2,"normal",195,7,,,
"PUSH","21 May 2026, 18:24","21 May 2026, 19:09","","Incline Bench Press (Barbell)",,"",0,"normal",135,10,,,
"PUSH","21 May 2026, 18:24","21 May 2026, 19:09","","Incline Bench Press (Barbell)",,"",1,"normal",135,9,,,
"PUSH","21 May 2026, 18:24","21 May 2026, 19:09","","Single Arm Lateral Raise (Cable)",,"",0,"normal",22.5,13,,,
"PUSH","21 May 2026, 18:24","21 May 2026, 19:09","","Single Arm Lateral Raise (Cable)",,"",1,"normal",24,11,,,
"PUSH","21 May 2026, 18:24","21 May 2026, 19:09","","Triceps Pushdown",,"",0,"normal",69,13,,,
"PUSH","21 May 2026, 18:24","21 May 2026, 19:09","","Triceps Pushdown",,"",1,"normal",70.5,10,,,
"PUSH","21 May 2026, 18:24","21 May 2026, 19:09","","Overhead Triceps Extension (Cable)",,"",0,"normal",70.5,6,,,
"PUSH","21 May 2026, 18:24","21 May 2026, 19:09","","Overhead Triceps Extension (Cable)",,"",1,"normal",65.5,8,,,
"PUSH","21 May 2026, 18:24","21 May 2026, 19:09","","Cable Crunch",,"",0,"normal",95.5,15,,,
"PUSH","21 May 2026, 18:24","21 May 2026, 19:09","","Cable Crunch",,"",1,"normal",99,12,,,
"PULL","19 May 2026, 18:38","19 May 2026, 19:30","","Lat Pulldown (Cable)",,"",0,"warmup",160,5,,,
"PULL","19 May 2026, 18:38","19 May 2026, 19:30","","Lat Pulldown (Cable)",,"",1,"normal",170,10,,,
"PULL","19 May 2026, 18:38","19 May 2026, 19:30","","Lat Pulldown (Cable)",,"",2,"normal",170,10,,,
"PULL","19 May 2026, 18:38","19 May 2026, 19:30","","Seated Row (Machine)",,"",0,"normal",155,9,,,
"PULL","19 May 2026, 18:38","19 May 2026, 19:30","","Seated Row (Machine)",,"",1,"normal",155,11,,,
"PULL","19 May 2026, 18:38","19 May 2026, 19:30","","Iso-Lateral Row (Machine)",,"",0,"warmup",204,6,,,
"PULL","19 May 2026, 18:38","19 May 2026, 19:30","","Iso-Lateral Row (Machine)",,"",1,"normal",274,11,,,
"PULL","19 May 2026, 18:38","19 May 2026, 19:30","","Iso-Lateral Row (Machine)",,"",2,"normal",274,12,,,
"PULL","19 May 2026, 18:38","19 May 2026, 19:30","","Shrug (Dumbbell)",,"",0,"normal",160,17,,,
"PULL","19 May 2026, 18:38","19 May 2026, 19:30","","Shrug (Dumbbell)",,"",1,"normal",160,15,,,
"PULL","19 May 2026, 18:38","19 May 2026, 19:30","","Preacher Curl (Machine)",,"",0,"normal",125,9,,,
"PULL","19 May 2026, 18:38","19 May 2026, 19:30","","Preacher Curl (Machine)",,"",1,"normal",125,8,,,
"PULL","19 May 2026, 18:38","19 May 2026, 19:30","","Preacher Curl (Machine)",,"",2,"normal",125,5,,,
"PULL","19 May 2026, 18:38","19 May 2026, 19:30","","Reverse Curl (Barbell)",,"",0,"normal",60,13,,,
"PULL","19 May 2026, 18:38","19 May 2026, 19:30","","Reverse Curl (Barbell)",,"",1,"normal",60,14,,,
"PUSH","18 May 2026, 20:43","18 May 2026, 21:41","","Chest Fly (Machine)",,"",0,"warmup",180,6,,,
"PUSH","18 May 2026, 20:43","18 May 2026, 21:41","","Chest Fly (Machine)",,"",1,"normal",195,10,,,
"PUSH","18 May 2026, 20:43","18 May 2026, 21:41","","Chest Fly (Machine)",,"",2,"normal",195,8,,,
"PUSH","18 May 2026, 20:43","18 May 2026, 21:41","","Incline Bench Press (Smith Machine)",,"",0,"warmup",110,6,,,
"PUSH","18 May 2026, 20:43","18 May 2026, 21:41","","Incline Bench Press (Smith Machine)",,"",1,"normal",140,8,,,
"PUSH","18 May 2026, 20:43","18 May 2026, 21:41","","Incline Bench Press (Smith Machine)",,"",2,"normal",140,5,,,
"PUSH","18 May 2026, 20:43","18 May 2026, 21:41","","Overhead Press (Smith Machine)",,"",0,"normal",110,7,,,
"PUSH","18 May 2026, 20:43","18 May 2026, 21:41","","Overhead Press (Smith Machine)",,"",1,"normal",110,11,,,
"PUSH","18 May 2026, 20:43","18 May 2026, 21:41","","Triceps Pushdown",,"",0,"normal",69,10,,,
"PUSH","18 May 2026, 20:43","18 May 2026, 21:41","","Triceps Pushdown",,"",1,"normal",69,10,,,
"PUSH","18 May 2026, 20:43","18 May 2026, 21:41","","Lateral Raise (Dumbbell)",,"",0,"warmup",30,8,,,
"PUSH","18 May 2026, 20:43","18 May 2026, 21:41","","Lateral Raise (Dumbbell)",,"",1,"normal",35,13,,,
"PUSH","18 May 2026, 20:43","18 May 2026, 21:41","","Lateral Raise (Dumbbell)",,"",2,"normal",35,14,,,
"PUSH","18 May 2026, 20:43","18 May 2026, 21:41","","Overhead Triceps Extension (Cable)",,"",0,"normal",70.5,10,,,
"PUSH","18 May 2026, 20:43","18 May 2026, 21:41","","Overhead Triceps Extension (Cable)",,"",1,"normal",70.5,6,,,
"PUSH","18 May 2026, 20:43","18 May 2026, 21:41","","Cable Crunch",,"",0,"normal",95.5,16,,,
"PUSH","18 May 2026, 20:43","18 May 2026, 21:41","","Cable Crunch",,"",1,"normal",95.5,16,,,
"PULL","16 May 2026, 14:55","16 May 2026, 15:51","Missing england already 🥀","Lat Pulldown (Cable)",,"",0,"warmup",160,6,,,
"PULL","16 May 2026, 14:55","16 May 2026, 15:51","Missing england already 🥀","Lat Pulldown (Cable)",,"",1,"normal",180,7,,,
"PULL","16 May 2026, 14:55","16 May 2026, 15:51","Missing england already 🥀","Lat Pulldown (Cable)",,"",2,"normal",180,7,,,
"PULL","16 May 2026, 14:55","16 May 2026, 15:51","Missing england already 🥀","Iso-Lateral Row (Machine)",,"",0,"warmup",204,9,,,
"PULL","16 May 2026, 14:55","16 May 2026, 15:51","Missing england already 🥀","Iso-Lateral Row (Machine)",,"",1,"normal",274,11,,,
"PULL","16 May 2026, 14:55","16 May 2026, 15:51","Missing england already 🥀","Iso-Lateral Row (Machine)",,"",2,"normal",274,11,,,
"PULL","16 May 2026, 14:55","16 May 2026, 15:51","Missing england already 🥀","Seated Cable Row - V Grip (Cable)",,"",0,"warmup",140,6,,,
"PULL","16 May 2026, 14:55","16 May 2026, 15:51","Missing england already 🥀","Seated Cable Row - V Grip (Cable)",,"",1,"normal",160,11,,,
"PULL","16 May 2026, 14:55","16 May 2026, 15:51","Missing england already 🥀","Seated Cable Row - V Grip (Cable)",,"",2,"normal",160,9,,,
"PULL","16 May 2026, 14:55","16 May 2026, 15:51","Missing england already 🥀","Shrug (Dumbbell)",,"",0,"normal",150,15,,,
"PULL","16 May 2026, 14:55","16 May 2026, 15:51","Missing england already 🥀","Shrug (Dumbbell)",,"",1,"normal",160,15,,,
"PULL","16 May 2026, 14:55","16 May 2026, 15:51","Missing england already 🥀","Preacher Curl (Machine)",,"",0,"normal",125,11,,,
"PULL","16 May 2026, 14:55","16 May 2026, 15:51","Missing england already 🥀","Preacher Curl (Machine)",,"",1,"normal",125,8,,,
"PULL","16 May 2026, 14:55","16 May 2026, 15:51","Missing england already 🥀","Preacher Curl (Machine)",,"",2,"normal",110,6,,,
"PULL","16 May 2026, 14:55","16 May 2026, 15:51","Missing england already 🥀","Reverse Curl (Barbell)",,"",0,"normal",60,11,,,
"PULL","16 May 2026, 14:55","16 May 2026, 15:51","Missing england already 🥀","Reverse Curl (Barbell)",,"",1,"normal",60,11,,,
"PUSH","15 May 2026, 07:58","15 May 2026, 09:05","First lift after england","Chest Fly (Machine)",,"",0,"warmup",180,7,,,
"PUSH","15 May 2026, 07:58","15 May 2026, 09:05","First lift after england","Chest Fly (Machine)",,"",1,"normal",195,9,,,
"PUSH","15 May 2026, 07:58","15 May 2026, 09:05","First lift after england","Chest Fly (Machine)",,"",2,"normal",195,6,,,
"PUSH","15 May 2026, 07:58","15 May 2026, 09:05","First lift after england","Incline Bench Press (Smith Machine)",,"",0,"warmup",110,8,,,
"PUSH","15 May 2026, 07:58","15 May 2026, 09:05","First lift after england","Incline Bench Press (Smith Machine)",,"",1,"normal",140,7,,,
"PUSH","15 May 2026, 07:58","15 May 2026, 09:05","First lift after england","Incline Bench Press (Smith Machine)",,"",2,"normal",140,6,,,
"PUSH","15 May 2026, 07:58","15 May 2026, 09:05","First lift after england","Overhead Press (Smith Machine)",,"",0,"normal",110,7,,,
"PUSH","15 May 2026, 07:58","15 May 2026, 09:05","First lift after england","Overhead Press (Smith Machine)",,"",1,"normal",110,8,,,
"PUSH","15 May 2026, 07:58","15 May 2026, 09:05","First lift after england","Triceps Pushdown",,"",0,"normal",70,7,,,
"PUSH","15 May 2026, 07:58","15 May 2026, 09:05","First lift after england","Triceps Pushdown",,"",1,"normal",70,10,,,
"PUSH","15 May 2026, 07:58","15 May 2026, 09:05","First lift after england","Single Arm Lateral Raise (Cable)",,"",0,"normal",24,5,,,
"PUSH","15 May 2026, 07:58","15 May 2026, 09:05","First lift after england","Single Arm Lateral Raise (Cable)",,"",1,"normal",20.5,8,,,
"PUSH","15 May 2026, 07:58","15 May 2026, 09:05","First lift after england","Overhead Triceps Extension (Cable)",,"",0,"normal",67.5,1,,,
"PUSH","15 May 2026, 07:58","15 May 2026, 09:05","First lift after england","Overhead Triceps Extension (Cable)",,"",1,"normal",70.5,9,,,
"PUSH","15 May 2026, 07:58","15 May 2026, 09:05","First lift after england","Cable Crunch",,"",0,"normal",95.5,15,,,
"PUSH","15 May 2026, 07:58","15 May 2026, 09:05","First lift after england","Cable Crunch",,"",1,"normal",95.5,12,,,
"Leg sharm","5 May 2026, 13:59","5 May 2026, 14:59","","Leg Extension (Machine)",,"",0,"warmup",180,5,,,
"Leg sharm","5 May 2026, 13:59","5 May 2026, 14:59","","Leg Extension (Machine)",,"",1,"normal",220,8,,,
"Leg sharm","5 May 2026, 13:59","5 May 2026, 14:59","","Leg Extension (Machine)",,"",2,"normal",220,8,,,
"Leg sharm","5 May 2026, 13:59","5 May 2026, 14:59","","Romanian Deadlift (Barbell)",,"",0,"normal",185,8,,,
"Leg sharm","5 May 2026, 13:59","5 May 2026, 14:59","","Romanian Deadlift (Barbell)",,"",1,"normal",205,8,,,
"Leg sharm","5 May 2026, 13:59","5 May 2026, 14:59","","Overhead Press (Smith Machine)",,"",0,"normal",110,10,,,
"Leg sharm","5 May 2026, 13:59","5 May 2026, 14:59","","Overhead Press (Smith Machine)",,"",1,"normal",110,10,,,
"Leg sharm","5 May 2026, 13:59","5 May 2026, 14:59","","Single Arm Lateral Raise (Cable)",,"",0,"normal",24,8,,,
"Leg sharm","5 May 2026, 13:59","5 May 2026, 14:59","","Single Arm Lateral Raise (Cable)",,"",1,"normal",22.5,10,,,
"Leg sharm","5 May 2026, 13:59","5 May 2026, 14:59","","Preacher Curl (Machine)",,"",0,"normal",125,11,,,
"Leg sharm","5 May 2026, 13:59","5 May 2026, 14:59","","Preacher Curl (Machine)",,"",1,"normal",125,9,,,
"Leg sharm","5 May 2026, 13:59","5 May 2026, 14:59","","Triceps Rope Pushdown",,"",0,"normal",70,6,,,
"Leg sharm","5 May 2026, 13:59","5 May 2026, 14:59","","Triceps Rope Pushdown",,"",1,"normal",65,8,,,
"Leg sharm","5 May 2026, 13:59","5 May 2026, 14:59","","Triceps Rope Pushdown",,"",2,"normal",65,6,,,
"Leg sharm","5 May 2026, 13:59","5 May 2026, 14:59","","Cable Crunch",,"",0,"normal",95.5,15,,,
"Leg sharm","5 May 2026, 13:59","5 May 2026, 14:59","","Cable Crunch",,"",1,"normal",95.5,11,,,
"Leg sharm","5 May 2026, 13:59","5 May 2026, 14:59","","Cable Crunch",,"",2,"normal",95.5,12,,,
"CHEST BACK","4 May 2026, 15:16","4 May 2026, 16:22","","Chest Fly (Machine)",,"",0,"warmup",180,6,,,
"CHEST BACK","4 May 2026, 15:16","4 May 2026, 16:22","","Chest Fly (Machine)",,"",1,"normal",195,8,,,
"CHEST BACK","4 May 2026, 15:16","4 May 2026, 16:22","","Chest Fly (Machine)",,"",2,"normal",195,6,,,
"CHEST BACK","4 May 2026, 15:16","4 May 2026, 16:22","","Iso-Lateral Row (Machine)",,"",0,"warmup",204,10,,,
"CHEST BACK","4 May 2026, 15:16","4 May 2026, 16:22","","Iso-Lateral Row (Machine)",,"",1,"normal",294,11,,,
"CHEST BACK","4 May 2026, 15:16","4 May 2026, 16:22","","Iso-Lateral Row (Machine)",,"",2,"normal",294,8,,,
"CHEST BACK","4 May 2026, 15:16","4 May 2026, 16:22","","Incline Bench Press (Smith Machine)",,"",0,"warmup",110,7,,,
"CHEST BACK","4 May 2026, 15:16","4 May 2026, 16:22","","Incline Bench Press (Smith Machine)",,"",1,"normal",130,11,,,
"CHEST BACK","4 May 2026, 15:16","4 May 2026, 16:22","","Incline Bench Press (Smith Machine)",,"",2,"normal",130,8,,,
"CHEST BACK","4 May 2026, 15:16","4 May 2026, 16:22","","Pull Up",,"",0,"normal",,8,,,
"CHEST BACK","4 May 2026, 15:16","4 May 2026, 16:22","","Pull Up",,"",1,"normal",,5,,,
"CHEST BACK","4 May 2026, 15:16","4 May 2026, 16:22","","Pull Up",,"",2,"normal",,6,,,
"CHEST BACK","4 May 2026, 15:16","4 May 2026, 16:22","","Seated Cable Row - V Grip (Cable)",,"",0,"normal",165,9,,,
"CHEST BACK","4 May 2026, 15:16","4 May 2026, 16:22","","Seated Cable Row - V Grip (Cable)",,"",1,"normal",165,12,,,
"CHEST BACK","4 May 2026, 15:16","4 May 2026, 16:22","","Cable Crunch",,"",0,"normal",95.5,15,,,
"CHEST BACK","4 May 2026, 15:16","4 May 2026, 16:22","","Cable Crunch",,"",1,"normal",95.5,12,,,
"CHEST BACK","4 May 2026, 15:16","4 May 2026, 16:22","","Treadmill",,"",0,"normal",,,0.48,600,
"PUSH","2 May 2026, 16:49","2 May 2026, 17:44","Life must go on.","Chest Fly (Machine)",,"",0,"warmup",180,6,,,
"PUSH","2 May 2026, 16:49","2 May 2026, 17:44","Life must go on.","Chest Fly (Machine)",,"",1,"normal",190,11,,,
"PUSH","2 May 2026, 16:49","2 May 2026, 17:44","Life must go on.","Chest Fly (Machine)",,"",2,"normal",195,6,,,
"PUSH","2 May 2026, 16:49","2 May 2026, 17:44","Life must go on.","Incline Bench Press (Smith Machine)",,"",0,"warmup",110,7,,,
"PUSH","2 May 2026, 16:49","2 May 2026, 17:44","Life must go on.","Incline Bench Press (Smith Machine)",,"",1,"normal",150,6,,,
"PUSH","2 May 2026, 16:49","2 May 2026, 17:44","Life must go on.","Incline Bench Press (Smith Machine)",,"",2,"normal",150,5,,,
"PUSH","2 May 2026, 16:49","2 May 2026, 17:44","Life must go on.","Incline Bench Press (Smith Machine)",,"",3,"dropset",130,6,,,
"PUSH","2 May 2026, 16:49","2 May 2026, 17:44","Life must go on.","Overhead Press (Smith Machine)",,"Seated",0,"normal",110,6,,,
"PUSH","2 May 2026, 16:49","2 May 2026, 17:44","Life must go on.","Overhead Press (Smith Machine)",,"Seated",1,"normal",110,7,,,
"PUSH","2 May 2026, 16:49","2 May 2026, 17:44","Life must go on.","Lateral Raise (Dumbbell)",,"Bench supported",0,"normal",35,8,,,
"PUSH","2 May 2026, 16:49","2 May 2026, 17:44","Life must go on.","Lateral Raise (Dumbbell)",,"Bench supported",1,"normal",35,12,,,
"PUSH","2 May 2026, 16:49","2 May 2026, 17:44","Life must go on.","Triceps Pushdown",,"",0,"normal",72.5,10,,,
"PUSH","2 May 2026, 16:49","2 May 2026, 17:44","Life must go on.","Triceps Pushdown",,"",1,"normal",72.5,8,,,
"PUSH","2 May 2026, 16:49","2 May 2026, 17:44","Life must go on.","Overhead Triceps Extension (Cable)",,"",0,"normal",67.5,9,,,
"PUSH","2 May 2026, 16:49","2 May 2026, 17:44","Life must go on.","Overhead Triceps Extension (Cable)",,"",1,"normal",67.5,10,,,
"PUSH","2 May 2026, 16:49","2 May 2026, 17:44","Life must go on.","Cable Crunch",,"",0,"normal",95.5,16,,,
"PUSH","2 May 2026, 16:49","2 May 2026, 17:44","Life must go on.","Cable Crunch",,"",1,"normal",95.5,15,,,
"PULL","30 Apr 2026, 13:50","30 Apr 2026, 14:34","","Pull Up",,"",0,"normal",,4,,,
"PULL","30 Apr 2026, 13:50","30 Apr 2026, 14:34","","Lat Pulldown (Cable)",,"",0,"normal",180,6,,,
"PULL","30 Apr 2026, 13:50","30 Apr 2026, 14:34","","Lat Pulldown (Cable)",,"",1,"normal",170,9,,,
"PULL","30 Apr 2026, 13:50","30 Apr 2026, 14:34","","Seated Cable Row - V Grip (Cable)",,"",0,"normal",170,9,,,
"PULL","30 Apr 2026, 13:50","30 Apr 2026, 14:34","","Seated Cable Row - V Grip (Cable)",,"",1,"normal",170,9,,,
"PULL","30 Apr 2026, 13:50","30 Apr 2026, 14:34","","Iso-Lateral Row (Machine)",,"",0,"warmup",204,8,,,
"PULL","30 Apr 2026, 13:50","30 Apr 2026, 14:34","","Iso-Lateral Row (Machine)",,"",1,"normal",294,9,,,
"PULL","30 Apr 2026, 13:50","30 Apr 2026, 14:34","","Iso-Lateral Row (Machine)",,"",2,"normal",294,10,,,
"PULL","30 Apr 2026, 13:50","30 Apr 2026, 14:34","","Preacher Curl (Machine)",,"",0,"normal",125,10,,,
"PULL","30 Apr 2026, 13:50","30 Apr 2026, 14:34","","Preacher Curl (Machine)",,"",1,"normal",125,8,,,
"PULL","30 Apr 2026, 13:50","30 Apr 2026, 14:34","","Reverse Curl (Barbell)",,"",0,"normal",60,15,,,
"PULL","30 Apr 2026, 13:50","30 Apr 2026, 14:34","","Reverse Curl (Barbell)",,"",1,"normal",60,14,,,
"PULL","30 Apr 2026, 13:50","30 Apr 2026, 14:34","","Cable Crunch",,"",0,"normal",95.5,13,,,
"PULL","30 Apr 2026, 13:50","30 Apr 2026, 14:34","","Cable Crunch",,"",1,"normal",95.5,14,,,
"PUSH","28 Apr 2026, 19:04","28 Apr 2026, 19:54","","Bench Press (Smith Machine)",,"",0,"warmup",110,8,,,
"PUSH","28 Apr 2026, 19:04","28 Apr 2026, 19:54","","Bench Press (Smith Machine)",,"",1,"normal",160,8,,,
"PUSH","28 Apr 2026, 19:04","28 Apr 2026, 19:54","","Incline Bench Press (Smith Machine)",,"",0,"warmup",110,7,,,
"PUSH","28 Apr 2026, 19:04","28 Apr 2026, 19:54","","Incline Bench Press (Smith Machine)",,"",1,"normal",150,8,,,
"PUSH","28 Apr 2026, 19:04","28 Apr 2026, 19:54","","Incline Bench Press (Smith Machine)",,"",2,"normal",150,7,,,
"PUSH","28 Apr 2026, 19:04","28 Apr 2026, 19:54","","Overhead Press (Smith Machine)",,"",0,"normal",110,6,,,
"PUSH","28 Apr 2026, 19:04","28 Apr 2026, 19:54","","Overhead Press (Smith Machine)",,"",1,"normal",110,9,,,
"PUSH","28 Apr 2026, 19:04","28 Apr 2026, 19:54","","Chest Fly (Machine)",,"",0,"normal",190,6,,,
"PUSH","28 Apr 2026, 19:04","28 Apr 2026, 19:54","","Chest Fly (Machine)",,"",1,"normal",190,5,,,
"PUSH","28 Apr 2026, 19:04","28 Apr 2026, 19:54","","Triceps Pushdown",,"",0,"normal",72.5,8,,,
"PUSH","28 Apr 2026, 19:04","28 Apr 2026, 19:54","","Triceps Pushdown",,"",1,"normal",72.5,8,,,
"PUSH","28 Apr 2026, 19:04","28 Apr 2026, 19:54","","Overhead Triceps Extension (Cable)",,"",0,"normal",67.5,11,,,
"PUSH","28 Apr 2026, 19:04","28 Apr 2026, 19:54","","Overhead Triceps Extension (Cable)",,"",1,"normal",67.5,9,,,
"PUSH","28 Apr 2026, 19:04","28 Apr 2026, 19:54","","Cable Crunch",,"",0,"normal",95.5,15,,,
"PUSH","28 Apr 2026, 19:04","28 Apr 2026, 19:54","","Cable Crunch",,"",1,"normal",95.5,12,,,
"PUSH","28 Apr 2026, 19:04","28 Apr 2026, 19:54","","Pull Up",,"",0,"normal",,8,,,
"PULL","26 Apr 2026, 19:16","26 Apr 2026, 20:06","","Lat Pulldown (Cable)",,"",0,"warmup",160,6,,,
"PULL","26 Apr 2026, 19:16","26 Apr 2026, 20:06","","Lat Pulldown (Cable)",,"",1,"normal",180,9,,,
"PULL","26 Apr 2026, 19:16","26 Apr 2026, 20:06","","Lat Pulldown (Cable)",,"",2,"normal",180,8,,,
"PULL","26 Apr 2026, 19:16","26 Apr 2026, 20:06","","Iso-Lateral Row (Machine)",,"",0,"warmup",204,6,,,
"PULL","26 Apr 2026, 19:16","26 Apr 2026, 20:06","","Iso-Lateral Row (Machine)",,"",1,"normal",294,8,,,
"PULL","26 Apr 2026, 19:16","26 Apr 2026, 20:06","","Iso-Lateral Row (Machine)",,"",2,"normal",294,12,,,
"PULL","26 Apr 2026, 19:16","26 Apr 2026, 20:06","","Seated Cable Row - V Grip (Cable)",,"",0,"normal",180,7,,,
"PULL","26 Apr 2026, 19:16","26 Apr 2026, 20:06","","Seated Cable Row - V Grip (Cable)",,"",1,"normal",165,9,,,
"PULL","26 Apr 2026, 19:16","26 Apr 2026, 20:06","","Preacher Curl (Machine)",,"",0,"normal",125,9,,,
"PULL","26 Apr 2026, 19:16","26 Apr 2026, 20:06","","Preacher Curl (Machine)",,"",1,"normal",125,9,,,
"PULL","26 Apr 2026, 19:16","26 Apr 2026, 20:06","","Hammer Curl (Dumbbell)",,"",0,"warmup",45,8,,,
"PULL","26 Apr 2026, 19:16","26 Apr 2026, 20:06","","Hammer Curl (Dumbbell)",,"",1,"normal",60,15,,,
"PULL","26 Apr 2026, 19:16","26 Apr 2026, 20:06","","Hammer Curl (Dumbbell)",,"",2,"normal",70,9,,,
"PUSH","23 Apr 2026, 17:55","23 Apr 2026, 18:50","2 sets kinda goated?","Incline Bench Press (Smith Machine)",,"",0,"warmup",110,5,,,
"PUSH","23 Apr 2026, 17:55","23 Apr 2026, 18:50","2 sets kinda goated?","Incline Bench Press (Smith Machine)",,"",1,"normal",150,9,,,
"PUSH","23 Apr 2026, 17:55","23 Apr 2026, 18:50","2 sets kinda goated?","Incline Bench Press (Smith Machine)",,"",2,"normal",150,6,,,
"PUSH","23 Apr 2026, 17:55","23 Apr 2026, 18:50","2 sets kinda goated?","Overhead Press (Smith Machine)",,"Seated",0,"normal",110,8,,,
"PUSH","23 Apr 2026, 17:55","23 Apr 2026, 18:50","2 sets kinda goated?","Overhead Press (Smith Machine)",,"Seated",1,"normal",110,7,,,
"PUSH","23 Apr 2026, 17:55","23 Apr 2026, 18:50","2 sets kinda goated?","Pull Up",,"",0,"normal",,4,,,
"PUSH","23 Apr 2026, 17:55","23 Apr 2026, 18:50","2 sets kinda goated?","Chest Fly (Machine)",,"",0,"warmup",175,6,,,
"PUSH","23 Apr 2026, 17:55","23 Apr 2026, 18:50","2 sets kinda goated?","Chest Fly (Machine)",,"",1,"normal",190,8,,,
"PUSH","23 Apr 2026, 17:55","23 Apr 2026, 18:50","2 sets kinda goated?","Chest Fly (Machine)",,"",2,"normal",195,5,,,
"PUSH","23 Apr 2026, 17:55","23 Apr 2026, 18:50","2 sets kinda goated?","Single Arm Lateral Raise (Cable)",,"",0,"normal",24,8,,,
"PUSH","23 Apr 2026, 17:55","23 Apr 2026, 18:50","2 sets kinda goated?","Single Arm Lateral Raise (Cable)",,"",1,"normal",24,10,,,
"PUSH","23 Apr 2026, 17:55","23 Apr 2026, 18:50","2 sets kinda goated?","Triceps Pushdown",,"",0,"normal",72.5,9,,,
"PUSH","23 Apr 2026, 17:55","23 Apr 2026, 18:50","2 sets kinda goated?","Triceps Pushdown",,"",1,"normal",72.5,9,,,
"PUSH","23 Apr 2026, 17:55","23 Apr 2026, 18:50","2 sets kinda goated?","Overhead Triceps Extension (Cable)",,"",0,"normal",67.5,8,,,
"PUSH","23 Apr 2026, 17:55","23 Apr 2026, 18:50","2 sets kinda goated?","Overhead Triceps Extension (Cable)",,"",1,"normal",67.5,10,,,
"PUSH","23 Apr 2026, 17:55","23 Apr 2026, 18:50","2 sets kinda goated?","Cable Crunch",,"",0,"normal",92.5,17,,,
"PUSH","23 Apr 2026, 17:55","23 Apr 2026, 18:50","2 sets kinda goated?","Cable Crunch",,"",1,"normal",95.5,13,,,
"Pull after algos","21 Apr 2026, 20:56","21 Apr 2026, 21:34","","Pull Up",,"",0,"normal",,8,,,
"Pull after algos","21 Apr 2026, 20:56","21 Apr 2026, 21:34","","Lat Pulldown (Cable)",,"",0,"normal",165,6,,,
"Pull after algos","21 Apr 2026, 20:56","21 Apr 2026, 21:34","","Lat Pulldown (Cable)",,"",1,"normal",165,7,,,
"Pull after algos","21 Apr 2026, 20:56","21 Apr 2026, 21:34","","Lat Pulldown (Cable)",,"",2,"normal",165,8,,,
"Pull after algos","21 Apr 2026, 20:56","21 Apr 2026, 21:34","","Seated Cable Row - Bar Grip",,"",0,"normal",165,10,,,
"Pull after algos","21 Apr 2026, 20:56","21 Apr 2026, 21:34","","Seated Cable Row - Bar Grip",,"",1,"normal",165,8,,,
"Pull after algos","21 Apr 2026, 20:56","21 Apr 2026, 21:34","","Seated Cable Row - V Grip (Cable)",,"",0,"normal",150,10,,,
"Pull after algos","21 Apr 2026, 20:56","21 Apr 2026, 21:34","","Seated Cable Row - V Grip (Cable)",,"",1,"normal",160,7,,,
"Pull after algos","21 Apr 2026, 20:56","21 Apr 2026, 21:34","","Seated Incline Curl (Dumbbell)",,"",0,"normal",50,11,,,
"Pull after algos","21 Apr 2026, 20:56","21 Apr 2026, 21:34","","Seated Incline Curl (Dumbbell)",,"",1,"normal",60,6,,,
"PUSH","20 Apr 2026, 16:26","20 Apr 2026, 17:23","","Bench Press (Barbell)",,"",0,"warmup",115,7,,,
"PUSH","20 Apr 2026, 16:26","20 Apr 2026, 17:23","","Bench Press (Barbell)",,"",1,"normal",165,7,,,
"PUSH","20 Apr 2026, 16:26","20 Apr 2026, 17:23","","Bench Press (Barbell)",,"",2,"normal",185,4,,,
"PUSH","20 Apr 2026, 16:26","20 Apr 2026, 17:23","","Bench Press (Barbell)",,"",3,"normal",185,5,,,
"PUSH","20 Apr 2026, 16:26","20 Apr 2026, 17:23","","Incline Bench Press (Barbell)",,"",0,"warmup",45,8,,,
"PUSH","20 Apr 2026, 16:26","20 Apr 2026, 17:23","","Incline Bench Press (Barbell)",,"",1,"normal",135,11,,,
"PUSH","20 Apr 2026, 16:26","20 Apr 2026, 17:23","","Chest Fly (Machine)",0,"",0,"normal",195,4,,,
"PUSH","20 Apr 2026, 16:26","20 Apr 2026, 17:23","","Chest Fly (Machine)",0,"",1,"normal",190,8,,,
"PUSH","20 Apr 2026, 16:26","20 Apr 2026, 17:23","","Seated Shoulder Press (Machine)",0,"",0,"normal",135,5,,,
"PUSH","20 Apr 2026, 16:26","20 Apr 2026, 17:23","","Triceps Pushdown",,"",0,"warmup",125,7,,,
"PUSH","20 Apr 2026, 16:26","20 Apr 2026, 17:23","","Triceps Pushdown",,"",1,"normal",140,7,,,
"PUSH","20 Apr 2026, 16:26","20 Apr 2026, 17:23","","Triceps Pushdown",,"",2,"normal",140,10,,,
"PUSH","20 Apr 2026, 16:26","20 Apr 2026, 17:23","","Overhead Triceps Extension (Cable)",,"",0,"warmup",40,9,,,
"PUSH","20 Apr 2026, 16:26","20 Apr 2026, 17:23","","Overhead Triceps Extension (Cable)",,"",1,"normal",62.5,7,,,
"PUSH","20 Apr 2026, 16:26","20 Apr 2026, 17:23","","Overhead Triceps Extension (Cable)",,"",2,"normal",62.5,11,,,
"SHARM","18 Apr 2026, 18:19","18 Apr 2026, 19:28","","Overhead Press (Barbell)",,"",0,"warmup",45,8,,,
"SHARM","18 Apr 2026, 18:19","18 Apr 2026, 19:28","","Overhead Press (Barbell)",,"",1,"normal",95,13,,,
"SHARM","18 Apr 2026, 18:19","18 Apr 2026, 19:28","","Overhead Press (Barbell)",,"",2,"normal",105,9,,,
"SHARM","18 Apr 2026, 18:19","18 Apr 2026, 19:28","","Overhead Press (Barbell)",,"",3,"normal",105,9,,,
"SHARM","18 Apr 2026, 18:19","18 Apr 2026, 19:28","","Preacher Curl (Machine)",,"",0,"normal",125,11,,,
"SHARM","18 Apr 2026, 18:19","18 Apr 2026, 19:28","","Preacher Curl (Machine)",,"",1,"normal",125,9,,,
"SHARM","18 Apr 2026, 18:19","18 Apr 2026, 19:28","","Preacher Curl (Machine)",,"",2,"normal",125,7,,,
"SHARM","18 Apr 2026, 18:19","18 Apr 2026, 19:28","","Overhead Triceps Extension (Cable)",,"",0,"normal",67.5,9,,,
"SHARM","18 Apr 2026, 18:19","18 Apr 2026, 19:28","","Overhead Triceps Extension (Cable)",,"",1,"normal",67.5,10,,,
"SHARM","18 Apr 2026, 18:19","18 Apr 2026, 19:28","","Overhead Triceps Extension (Cable)",,"",2,"normal",67.5,9,,,
"SHARM","18 Apr 2026, 18:19","18 Apr 2026, 19:28","","Reverse Fly Single Arm (Cable)",,"",0,"normal",20.5,11,,,
"SHARM","18 Apr 2026, 18:19","18 Apr 2026, 19:28","","Face Pull",,"",0,"normal",75.5,12,,,
"SHARM","18 Apr 2026, 18:19","18 Apr 2026, 19:28","","Face Pull",,"",1,"normal",79,11,,,
"SHARM","18 Apr 2026, 18:19","18 Apr 2026, 19:28","","Reverse Curl (Barbell)",,"",0,"normal",60,13,,,
"SHARM","18 Apr 2026, 18:19","18 Apr 2026, 19:28","","Reverse Curl (Barbell)",,"",1,"normal",60,10,,,
"SHARM","18 Apr 2026, 18:19","18 Apr 2026, 19:28","","Reverse Curl (Barbell)",,"",2,"normal",60,13,,,
"SHARM","18 Apr 2026, 18:19","18 Apr 2026, 19:28","","Seated Wrist Extension (Barbell)",,"",0,"normal",30,16,,,
"SHARM","18 Apr 2026, 18:19","18 Apr 2026, 19:28","","Forearm Pushdown",,"",0,"normal",42.5,16,,,
"SHARM","18 Apr 2026, 18:19","18 Apr 2026, 19:28","","Forearm Pushdown",,"",1,"normal",47.5,22,,,
"SHARM","18 Apr 2026, 18:19","18 Apr 2026, 19:28","","Forearm Pushdown",,"",2,"normal",52.5,25,,,
"SHARM","18 Apr 2026, 18:19","18 Apr 2026, 19:28","","Cable Crunch",,"",0,"normal",87.5,15,,,
"SHARM","18 Apr 2026, 18:19","18 Apr 2026, 19:28","","Cable Crunch",,"",1,"normal",87.5,13,,,
"SHARM","18 Apr 2026, 18:19","18 Apr 2026, 19:28","","Cable Crunch",,"",2,"normal",89,13,,,
"CHEST BACK","16 Apr 2026, 18:28","16 Apr 2026, 19:36","","Pull Up",,"",0,"normal",,6,,,
"CHEST BACK","16 Apr 2026, 18:28","16 Apr 2026, 19:36","","Incline Bench Press (Smith Machine)",,"",0,"warmup",110,5,,,
"CHEST BACK","16 Apr 2026, 18:28","16 Apr 2026, 19:36","","Incline Bench Press (Smith Machine)",,"",1,"normal",150,9,,,
"CHEST BACK","16 Apr 2026, 18:28","16 Apr 2026, 19:36","","Incline Bench Press (Smith Machine)",,"",2,"normal",150,8,,,
"CHEST BACK","16 Apr 2026, 18:28","16 Apr 2026, 19:36","","Incline Bench Press (Smith Machine)",,"",3,"normal",150,7,,,
"CHEST BACK","16 Apr 2026, 18:28","16 Apr 2026, 19:36","","Iso-Lateral Row (Machine)",,"",0,"warmup",204,8,,,
"CHEST BACK","16 Apr 2026, 18:28","16 Apr 2026, 19:36","","Iso-Lateral Row (Machine)",,"",1,"normal",294,9,,,
"CHEST BACK","16 Apr 2026, 18:28","16 Apr 2026, 19:36","","Iso-Lateral Row (Machine)",,"",2,"normal",294,10,,,
"CHEST BACK","16 Apr 2026, 18:28","16 Apr 2026, 19:36","","Iso-Lateral Row (Machine)",,"",3,"normal",294,9,,,
"CHEST BACK","16 Apr 2026, 18:28","16 Apr 2026, 19:36","","Pull Up",,"",0,"warmup",,5,,,
"CHEST BACK","16 Apr 2026, 18:28","16 Apr 2026, 19:36","","Pull Up",,"",1,"normal",,7,,,
"CHEST BACK","16 Apr 2026, 18:28","16 Apr 2026, 19:36","","Lat Pulldown (Cable)",,"",0,"normal",180,5,,,
"CHEST BACK","16 Apr 2026, 18:28","16 Apr 2026, 19:36","","Lat Pulldown (Cable)",,"",1,"normal",160,9,,,
"CHEST BACK","16 Apr 2026, 18:28","16 Apr 2026, 19:36","","Seated Cable Row - V Grip (Cable)",,"",0,"normal",165,8,,,
"CHEST BACK","16 Apr 2026, 18:28","16 Apr 2026, 19:36","","Seated Cable Row - V Grip (Cable)",,"",1,"normal",165,8,,,
"CHEST BACK","16 Apr 2026, 18:28","16 Apr 2026, 19:36","","Chest Fly (Machine)",,"",0,"normal",175,10,,,
"CHEST BACK","16 Apr 2026, 18:28","16 Apr 2026, 19:36","","Chest Fly (Machine)",,"",1,"normal",180,9,,,
"CHEST BACK","16 Apr 2026, 18:28","16 Apr 2026, 19:36","","Chest Fly (Machine)",,"",2,"normal",185,7,,,
"CHEST BACK","16 Apr 2026, 18:28","16 Apr 2026, 19:36","","Cable Crunch",,"",0,"warmup",77.5,12,,,
"CHEST BACK","16 Apr 2026, 18:28","16 Apr 2026, 19:36","","Cable Crunch",,"",1,"normal",87.5,13,,,
"CHEST BACK","16 Apr 2026, 18:28","16 Apr 2026, 19:36","","Cable Crunch",,"",2,"normal",87.5,11,,,
"CHEST BACK","16 Apr 2026, 18:28","16 Apr 2026, 19:36","","Cable Crunch",,"",3,"normal",87.5,12,,,
"Cardio","15 Apr 2026, 17:23","15 Apr 2026, 18:13","","Treadmill",,"",0,"normal",,,2.12,2730,
"LEG","14 Apr 2026, 18:00","14 Apr 2026, 18:55","Quicker leg so I can study","Hack Squat (Machine)",,"",0,"warmup",200,5,,,
"LEG","14 Apr 2026, 18:00","14 Apr 2026, 18:55","Quicker leg so I can study","Hack Squat (Machine)",,"",1,"normal",290,8,,,
"LEG","14 Apr 2026, 18:00","14 Apr 2026, 18:55","Quicker leg so I can study","Hack Squat (Machine)",,"",2,"normal",290,10,,,
"LEG","14 Apr 2026, 18:00","14 Apr 2026, 18:55","Quicker leg so I can study","Hack Squat (Machine)",,"",3,"normal",290,10,,,
"LEG","14 Apr 2026, 18:00","14 Apr 2026, 18:55","Quicker leg so I can study","Calf Extension (Machine)",,"",0,"normal",290,10,,,
"LEG","14 Apr 2026, 18:00","14 Apr 2026, 18:55","Quicker leg so I can study","Back Extension (Machine)",,"",0,"normal",190,10,,,
"LEG","14 Apr 2026, 18:00","14 Apr 2026, 18:55","Quicker leg so I can study","Back Extension (Machine)",,"",1,"normal",220,10,,,
"LEG","14 Apr 2026, 18:00","14 Apr 2026, 18:55","Quicker leg so I can study","Back Extension (Machine)",,"",2,"normal",235,10,,,
"LEG","14 Apr 2026, 18:00","14 Apr 2026, 18:55","Quicker leg so I can study","Leg Extension (Machine)",,"",0,"normal",225,10,,,
"LEG","14 Apr 2026, 18:00","14 Apr 2026, 18:55","Quicker leg so I can study","Leg Extension (Machine)",,"",1,"normal",230,7,,,
"LEG","14 Apr 2026, 18:00","14 Apr 2026, 18:55","Quicker leg so I can study","Seated Leg Curl (Machine)",,"",0,"normal",180,8,,,
"LEG","14 Apr 2026, 18:00","14 Apr 2026, 18:55","Quicker leg so I can study","Seated Leg Curl (Machine)",,"",1,"normal",185,6,,,
"LEG","14 Apr 2026, 18:00","14 Apr 2026, 18:55","Quicker leg so I can study","Hip Adduction (Machine)",0,"",0,"normal",60,11,,,
"LEG","14 Apr 2026, 18:00","14 Apr 2026, 18:55","Quicker leg so I can study","Hip Adduction (Machine)",0,"",1,"normal",60,13,,,
"LEG","14 Apr 2026, 18:00","14 Apr 2026, 18:55","Quicker leg so I can study","Hip Abduction (Machine)",0,"",0,"normal",140,15,,,
"LEG","14 Apr 2026, 18:00","14 Apr 2026, 18:55","Quicker leg so I can study","Hip Abduction (Machine)",0,"",1,"normal",140,15,,,
"LEG","14 Apr 2026, 18:00","14 Apr 2026, 18:55","Quicker leg so I can study","Cable Crunch",,"",0,"normal",87.5,15,,,
"LEG","14 Apr 2026, 18:00","14 Apr 2026, 18:55","Quicker leg so I can study","Cable Crunch",,"",1,"normal",92.5,10,,,
"LEG","14 Apr 2026, 18:00","14 Apr 2026, 18:55","Quicker leg so I can study","Cable Crunch",,"",2,"normal",92.5,11,,,
"PULL","13 Apr 2026, 17:35","13 Apr 2026, 18:37","","Lat Pulldown (Cable)",,"",0,"warmup",160,6,,,
"PULL","13 Apr 2026, 17:35","13 Apr 2026, 18:37","","Lat Pulldown (Cable)",,"",1,"normal",180,8,,,
"PULL","13 Apr 2026, 17:35","13 Apr 2026, 18:37","","Lat Pulldown (Cable)",,"",2,"normal",180,7,,,
"PULL","13 Apr 2026, 17:35","13 Apr 2026, 18:37","","Lat Pulldown (Cable)",,"",3,"normal",180,8,,,
"PULL","13 Apr 2026, 17:35","13 Apr 2026, 18:37","","Seated Cable Row - V Grip (Cable)",,"",0,"warmup",160,6,,,
"PULL","13 Apr 2026, 17:35","13 Apr 2026, 18:37","","Seated Cable Row - V Grip (Cable)",,"",1,"normal",180,8,,,
"PULL","13 Apr 2026, 17:35","13 Apr 2026, 18:37","","Seated Cable Row - V Grip (Cable)",,"",2,"normal",180,9,,,
"PULL","13 Apr 2026, 17:35","13 Apr 2026, 18:37","","Seated Cable Row - V Grip (Cable)",,"",3,"normal",180,7,,,
"PULL","13 Apr 2026, 17:35","13 Apr 2026, 18:37","","Iso-Lateral Row (Machine)",,"",0,"warmup",204,6,,,
"PULL","13 Apr 2026, 17:35","13 Apr 2026, 18:37","","Iso-Lateral Row (Machine)",,"",1,"normal",294,8,,,
"PULL","13 Apr 2026, 17:35","13 Apr 2026, 18:37","","Iso-Lateral Row (Machine)",,"",2,"normal",294,10,,,
"PULL","13 Apr 2026, 17:35","13 Apr 2026, 18:37","","Iso-Lateral Row (Machine)",,"",3,"normal",294,8,,,
"PULL","13 Apr 2026, 17:35","13 Apr 2026, 18:37","","Shrug (Dumbbell)",,"",0,"normal",160,10,,,
"PULL","13 Apr 2026, 17:35","13 Apr 2026, 18:37","","Shrug (Dumbbell)",,"",1,"normal",160,9,,,
"PULL","13 Apr 2026, 17:35","13 Apr 2026, 18:37","","Preacher Curl (Machine)",,"",0,"normal",125,8,,,
"PULL","13 Apr 2026, 17:35","13 Apr 2026, 18:37","","Preacher Curl (Machine)",,"",1,"normal",125,8,,,
"PULL","13 Apr 2026, 17:35","13 Apr 2026, 18:37","","Preacher Curl (Machine)",,"",2,"normal",125,7,,,
"PULL","13 Apr 2026, 17:35","13 Apr 2026, 18:37","","Reverse Curl (Barbell)",,"",0,"normal",70,8,,,
"PULL","13 Apr 2026, 17:35","13 Apr 2026, 18:37","","Reverse Curl (Barbell)",,"",1,"normal",70,7,,,
"PULL","13 Apr 2026, 17:35","13 Apr 2026, 18:37","","Reverse Curl (Barbell)",,"",2,"normal",70,10,,,
"PUSH","12 Apr 2026, 13:34","12 Apr 2026, 15:01","Been slacking too much lately 💔","Chest Fly (Machine)",,"",0,"warmup",165,6,,,
"PUSH","12 Apr 2026, 13:34","12 Apr 2026, 15:01","Been slacking too much lately 💔","Chest Fly (Machine)",,"",1,"normal",180,8,,,
"PUSH","12 Apr 2026, 13:34","12 Apr 2026, 15:01","Been slacking too much lately 💔","Chest Fly (Machine)",,"",2,"normal",180,8,,,
"PUSH","12 Apr 2026, 13:34","12 Apr 2026, 15:01","Been slacking too much lately 💔","Chest Fly (Machine)",,"",3,"normal",180,7,,,
"PUSH","12 Apr 2026, 13:34","12 Apr 2026, 15:01","Been slacking too much lately 💔","Incline Bench Press (Barbell)",,"",0,"normal",135,8,,,
"PUSH","12 Apr 2026, 13:34","12 Apr 2026, 15:01","Been slacking too much lately 💔","Incline Bench Press (Barbell)",,"",1,"normal",135,9,,,
"PUSH","12 Apr 2026, 13:34","12 Apr 2026, 15:01","Been slacking too much lately 💔","Incline Bench Press (Barbell)",,"",2,"normal",135,9,,,
"PUSH","12 Apr 2026, 13:34","12 Apr 2026, 15:01","Been slacking too much lately 💔","Overhead Press (Barbell)",,"",0,"warmup",45,6,,,
"PUSH","12 Apr 2026, 13:34","12 Apr 2026, 15:01","Been slacking too much lately 💔","Overhead Press (Barbell)",,"",1,"warmup",65,6,,,
"PUSH","12 Apr 2026, 13:34","12 Apr 2026, 15:01","Been slacking too much lately 💔","Overhead Press (Barbell)",,"",2,"normal",95,10,,,
"PUSH","12 Apr 2026, 13:34","12 Apr 2026, 15:01","Been slacking too much lately 💔","Overhead Press (Barbell)",,"",3,"normal",95,8,,,
"PUSH","12 Apr 2026, 13:34","12 Apr 2026, 15:01","Been slacking too much lately 💔","Overhead Press (Barbell)",,"",4,"normal",95,7,,,
"PUSH","12 Apr 2026, 13:34","12 Apr 2026, 15:01","Been slacking too much lately 💔","Single Arm Lateral Raise (Cable)",,"",0,"normal",24,8,,,
"PUSH","12 Apr 2026, 13:34","12 Apr 2026, 15:01","Been slacking too much lately 💔","Single Arm Lateral Raise (Cable)",,"",1,"normal",22.5,12,,,
"PUSH","12 Apr 2026, 13:34","12 Apr 2026, 15:01","Been slacking too much lately 💔","Single Arm Lateral Raise (Cable)",,"",2,"normal",22.5,14,,,
"PUSH","12 Apr 2026, 13:34","12 Apr 2026, 15:01","Been slacking too much lately 💔","Single Arm Triceps Pushdown (Cable)",,"Cross body",0,"normal",27.5,11,,,
"PUSH","12 Apr 2026, 13:34","12 Apr 2026, 15:01","Been slacking too much lately 💔","Single Arm Triceps Pushdown (Cable)",,"Cross body",1,"normal",27.5,10,,,
"PUSH","12 Apr 2026, 13:34","12 Apr 2026, 15:01","Been slacking too much lately 💔","Single Arm Triceps Pushdown (Cable)",,"Cross body",2,"normal",27.5,9,,,
"PUSH","12 Apr 2026, 13:34","12 Apr 2026, 15:01","Been slacking too much lately 💔","Overhead Triceps Extension (Cable)",,"",0,"normal",62.5,12,,,
"PUSH","12 Apr 2026, 13:34","12 Apr 2026, 15:01","Been slacking too much lately 💔","Overhead Triceps Extension (Cable)",,"",1,"normal",67.5,7,,,
"PUSH","12 Apr 2026, 13:34","12 Apr 2026, 15:01","Been slacking too much lately 💔","Overhead Triceps Extension (Cable)",,"",2,"normal",67.5,8,,,
"PUSH","12 Apr 2026, 13:34","12 Apr 2026, 15:01","Been slacking too much lately 💔","Cable Crunch",,"",0,"normal",100.5,15,,,
"PUSH","12 Apr 2026, 13:34","12 Apr 2026, 15:01","Been slacking too much lately 💔","Cable Crunch",,"",1,"normal",100.5,15,,,
"PUSH","12 Apr 2026, 13:34","12 Apr 2026, 15:01","Been slacking too much lately 💔","Cable Crunch",,"",2,"normal",100.5,15,,,
"LEG","8 Apr 2026, 18:05","8 Apr 2026, 19:25","","Hack Squat (Machine)",,"",0,"warmup",200,6,,,
"LEG","8 Apr 2026, 18:05","8 Apr 2026, 19:25","","Hack Squat (Machine)",,"",1,"normal",290,10,,,
"LEG","8 Apr 2026, 18:05","8 Apr 2026, 19:25","","Hack Squat (Machine)",,"",2,"normal",310,8,,,
"LEG","8 Apr 2026, 18:05","8 Apr 2026, 19:25","","Hack Squat (Machine)",,"",3,"normal",310,12,,,
"LEG","8 Apr 2026, 18:05","8 Apr 2026, 19:25","","Calf Extension (Machine)",,"",0,"normal",310,20,,,
"LEG","8 Apr 2026, 18:05","8 Apr 2026, 19:25","","Calf Extension (Machine)",,"",1,"normal",310,20,,,
"LEG","8 Apr 2026, 18:05","8 Apr 2026, 19:25","","Calf Extension (Machine)",,"",2,"normal",310,20,,,
"LEG","8 Apr 2026, 18:05","8 Apr 2026, 19:25","","Romanian Deadlift (Barbell)",,"",0,"warmup",185,5,,,
"LEG","8 Apr 2026, 18:05","8 Apr 2026, 19:25","","Romanian Deadlift (Barbell)",,"",1,"normal",225,8,,,
"LEG","8 Apr 2026, 18:05","8 Apr 2026, 19:25","","Romanian Deadlift (Barbell)",,"",2,"normal",235,7,,,
"LEG","8 Apr 2026, 18:05","8 Apr 2026, 19:25","","Seated Leg Curl (Machine)",,"",0,"normal",180,10,,,
"LEG","8 Apr 2026, 18:05","8 Apr 2026, 19:25","","Seated Leg Curl (Machine)",,"",1,"normal",185,7,,,
"LEG","8 Apr 2026, 18:05","8 Apr 2026, 19:25","","Pull Up",,"",0,"normal",,6,,,
"LEG","8 Apr 2026, 18:05","8 Apr 2026, 19:25","","Leg Extension (Machine)",,"",0,"normal",225,9,,,
"LEG","8 Apr 2026, 18:05","8 Apr 2026, 19:25","","Leg Extension (Machine)",,"",1,"normal",225,10,,,
"LEG","8 Apr 2026, 18:05","8 Apr 2026, 19:25","","Hip Adduction (Machine)",0,"",0,"normal",75,6,,,
"LEG","8 Apr 2026, 18:05","8 Apr 2026, 19:25","","Hip Adduction (Machine)",0,"",1,"normal",75,6,,,
"LEG","8 Apr 2026, 18:05","8 Apr 2026, 19:25","","Hip Abduction (Machine)",0,"",0,"normal",135,15,,,
"LEG","8 Apr 2026, 18:05","8 Apr 2026, 19:25","","Hip Abduction (Machine)",0,"",1,"normal",135,15,,,
"LEG","8 Apr 2026, 18:05","8 Apr 2026, 19:25","","Cable Crunch",,"",0,"normal",100.5,15,,,
"LEG","8 Apr 2026, 18:05","8 Apr 2026, 19:25","","Cable Crunch",,"",1,"normal",100.5,15,,,
"LEG","8 Apr 2026, 18:05","8 Apr 2026, 19:25","","Cable Crunch",,"",2,"normal",100.5,15,,,
"PULL","7 Apr 2026, 18:47","7 Apr 2026, 19:57","","Lat Pulldown (Cable)",,"",0,"warmup",160,5,,,
"PULL","7 Apr 2026, 18:47","7 Apr 2026, 19:57","","Lat Pulldown (Cable)",,"",1,"normal",180,10,,,
"PULL","7 Apr 2026, 18:47","7 Apr 2026, 19:57","","Lat Pulldown (Cable)",,"",2,"normal",180,7,,,
"PULL","7 Apr 2026, 18:47","7 Apr 2026, 19:57","","Lat Pulldown (Cable)",,"",3,"normal",180,9,,,
"PULL","7 Apr 2026, 18:47","7 Apr 2026, 19:57","","Iso-Lateral Row (Machine)",,"",0,"warmup",204,6,,,
"PULL","7 Apr 2026, 18:47","7 Apr 2026, 19:57","","Iso-Lateral Row (Machine)",,"",1,"normal",294,10,,,
"PULL","7 Apr 2026, 18:47","7 Apr 2026, 19:57","","Iso-Lateral Row (Machine)",,"",2,"normal",294,8,,,
"PULL","7 Apr 2026, 18:47","7 Apr 2026, 19:57","","Iso-Lateral Row (Machine)",,"",3,"normal",294,11,,,
"PULL","7 Apr 2026, 18:47","7 Apr 2026, 19:57","","Seated Cable Row - V Grip (Cable)",,"",0,"warmup",140,8,,,
"PULL","7 Apr 2026, 18:47","7 Apr 2026, 19:57","","Seated Cable Row - V Grip (Cable)",,"",1,"normal",160,10,,,
"PULL","7 Apr 2026, 18:47","7 Apr 2026, 19:57","","Seated Cable Row - V Grip (Cable)",,"",2,"normal",180,9,,,
"PULL","7 Apr 2026, 18:47","7 Apr 2026, 19:57","","Seated Cable Row - V Grip (Cable)",,"",3,"normal",180,8,,,
"PULL","7 Apr 2026, 18:47","7 Apr 2026, 19:57","","Preacher Curl (Machine)",,"",0,"normal",125,9,,,
"PULL","7 Apr 2026, 18:47","7 Apr 2026, 19:57","","Preacher Curl (Machine)",,"",1,"normal",125,8,,,
"PULL","7 Apr 2026, 18:47","7 Apr 2026, 19:57","","Preacher Curl (Machine)",,"",2,"normal",125,6,,,
"PULL","7 Apr 2026, 18:47","7 Apr 2026, 19:57","","Reverse Curl (Barbell)",,"",0,"normal",70,10,,,
"PULL","7 Apr 2026, 18:47","7 Apr 2026, 19:57","","Reverse Curl (Barbell)",,"",1,"normal",70,10,,,
"PULL","7 Apr 2026, 18:47","7 Apr 2026, 19:57","","Reverse Curl (Barbell)",,"",2,"normal",70,10,,,
"PUSH","6 Apr 2026, 19:48","6 Apr 2026, 21:12","","Chest Fly (Machine)",,"",0,"warmup",160,6,,,
"PUSH","6 Apr 2026, 19:48","6 Apr 2026, 21:12","","Chest Fly (Machine)",,"",1,"normal",180,10,,,
"PUSH","6 Apr 2026, 19:48","6 Apr 2026, 21:12","","Chest Fly (Machine)",,"",2,"normal",180,9,,,
"PUSH","6 Apr 2026, 19:48","6 Apr 2026, 21:12","","Chest Fly (Machine)",,"",3,"normal",180,9,,,
"PUSH","6 Apr 2026, 19:48","6 Apr 2026, 21:12","","Incline Chest Press (Machine)",,"",0,"normal",115,6,,,
"PUSH","6 Apr 2026, 19:48","6 Apr 2026, 21:12","","Incline Bench Press (Barbell)",,"",0,"warmup",135,6,,,
"PUSH","6 Apr 2026, 19:48","6 Apr 2026, 21:12","","Incline Bench Press (Barbell)",,"",1,"normal",145,10,,,
"PUSH","6 Apr 2026, 19:48","6 Apr 2026, 21:12","","Incline Bench Press (Barbell)",,"",2,"normal",150,8,,,
"PUSH","6 Apr 2026, 19:48","6 Apr 2026, 21:12","","Incline Bench Press (Barbell)",,"",3,"normal",150,7,,,
"PUSH","6 Apr 2026, 19:48","6 Apr 2026, 21:12","","Overhead Press (Barbell)",,"",0,"warmup",45,7,,,
"PUSH","6 Apr 2026, 19:48","6 Apr 2026, 21:12","","Overhead Press (Barbell)",,"",1,"normal",105,6,,,
"PUSH","6 Apr 2026, 19:48","6 Apr 2026, 21:12","","Overhead Press (Barbell)",,"",2,"normal",100,8,,,
"PUSH","6 Apr 2026, 19:48","6 Apr 2026, 21:12","","Overhead Press (Barbell)",,"",3,"normal",100,7,,,
"PUSH","6 Apr 2026, 19:48","6 Apr 2026, 21:12","","Single Arm Lateral Raise (Cable)",,"",0,"normal",25.5,5,,,
"PUSH","6 Apr 2026, 19:48","6 Apr 2026, 21:12","","Single Arm Lateral Raise (Cable)",,"",1,"normal",20.5,13,,,
"PUSH","6 Apr 2026, 19:48","6 Apr 2026, 21:12","","Single Arm Triceps Pushdown (Cable)",,"",0,"normal",30.5,7,,,
"PUSH","6 Apr 2026, 19:48","6 Apr 2026, 21:12","","Single Arm Triceps Pushdown (Cable)",,"",1,"normal",25.5,8,,,
"PUSH","6 Apr 2026, 19:48","6 Apr 2026, 21:12","","Single Arm Triceps Pushdown (Cable)",,"",2,"normal",22.5,11,,,
"PUSH","6 Apr 2026, 19:48","6 Apr 2026, 21:12","","Cable Crunch",,"",0,"normal",100.5,16,,,
"PUSH","6 Apr 2026, 19:48","6 Apr 2026, 21:12","","Cable Crunch",,"",1,"normal",100.5,15,,,
"PUSH","6 Apr 2026, 19:48","6 Apr 2026, 21:12","","Cable Crunch",,"",2,"normal",100.5,12,,,
"Cardio","5 Apr 2026, 14:44","5 Apr 2026, 15:36","","Treadmill",,"",0,"normal",,,2.06,3000,
"Cardio","5 Apr 2026, 14:44","5 Apr 2026, 15:36","","Pull Up",,"",0,"normal",,6,,,
"SHARM","4 Apr 2026, 15:59","4 Apr 2026, 17:03","","Overhead Press (Barbell)",,"",0,"warmup",45,6,,,
"SHARM","4 Apr 2026, 15:59","4 Apr 2026, 17:03","","Overhead Press (Barbell)",,"",1,"warmup",95,5,,,
"SHARM","4 Apr 2026, 15:59","4 Apr 2026, 17:03","","Overhead Press (Barbell)",,"",2,"normal",105,7,,,
"SHARM","4 Apr 2026, 15:59","4 Apr 2026, 17:03","","Overhead Press (Barbell)",,"",3,"normal",105,6,,,
"SHARM","4 Apr 2026, 15:59","4 Apr 2026, 17:03","","Overhead Press (Barbell)",,"",4,"normal",105,6,,,
"SHARM","4 Apr 2026, 15:59","4 Apr 2026, 17:03","","Preacher Curl (Machine)",,"",0,"normal",125,10,,,
"SHARM","4 Apr 2026, 15:59","4 Apr 2026, 17:03","","Preacher Curl (Machine)",,"",1,"normal",125,9,,,
"SHARM","4 Apr 2026, 15:59","4 Apr 2026, 17:03","","Preacher Curl (Machine)",,"",2,"normal",125,8,,,
"SHARM","4 Apr 2026, 15:59","4 Apr 2026, 17:03","","Single Arm Lateral Raise (Cable)",,"",0,"normal",22.5,11,,,
"SHARM","4 Apr 2026, 15:59","4 Apr 2026, 17:03","","Single Arm Lateral Raise (Cable)",,"",1,"normal",22.5,13,,,
"SHARM","4 Apr 2026, 15:59","4 Apr 2026, 17:03","","Reverse Fly Single Arm (Cable)",,"",0,"normal",17.5,14,,,
"SHARM","4 Apr 2026, 15:59","4 Apr 2026, 17:03","","Triceps Pushdown",,"",0,"normal",72.5,11,,,
"SHARM","4 Apr 2026, 15:59","4 Apr 2026, 17:03","","Triceps Pushdown",,"",1,"normal",72.5,11,,,
"SHARM","4 Apr 2026, 15:59","4 Apr 2026, 17:03","","Triceps Pushdown",,"",2,"normal",72.5,8,,,
"SHARM","4 Apr 2026, 15:59","4 Apr 2026, 17:03","","Hammer Curl (Cable)",,"",0,"normal",72.5,12,,,
"SHARM","4 Apr 2026, 15:59","4 Apr 2026, 17:03","","Hammer Curl (Cable)",,"",1,"normal",77.5,10,,,
"SHARM","4 Apr 2026, 15:59","4 Apr 2026, 17:03","","Hammer Curl (Cable)",,"",2,"normal",77.5,8,,,
"SHARM","4 Apr 2026, 15:59","4 Apr 2026, 17:03","","Overhead Triceps Extension (Cable)",,"",0,"normal",57.5,13,,,
"SHARM","4 Apr 2026, 15:59","4 Apr 2026, 17:03","","Overhead Triceps Extension (Cable)",,"",1,"normal",62.5,11,,,
"SHARM","4 Apr 2026, 15:59","4 Apr 2026, 17:03","","Cable Crunch",,"",0,"normal",97.5,15,,,
"SHARM","4 Apr 2026, 15:59","4 Apr 2026, 17:03","","Cable Crunch",,"",1,"normal",97.5,15,,,
"SHARM","4 Apr 2026, 15:59","4 Apr 2026, 17:03","","Cable Crunch",,"",2,"normal",97.5,15,,,
"CHEST BACK","3 Apr 2026, 14:27","3 Apr 2026, 15:36","3K CALORIE LIFT","Lat Pulldown (Cable)",,"",0,"warmup",160,7,,,
"CHEST BACK","3 Apr 2026, 14:27","3 Apr 2026, 15:36","3K CALORIE LIFT","Lat Pulldown (Cable)",,"",1,"normal",180,8,,,
"CHEST BACK","3 Apr 2026, 14:27","3 Apr 2026, 15:36","3K CALORIE LIFT","Lat Pulldown (Cable)",,"",2,"normal",180,7,,,
"CHEST BACK","3 Apr 2026, 14:27","3 Apr 2026, 15:36","3K CALORIE LIFT","Lat Pulldown (Cable)",,"",3,"normal",180,8,,,
"CHEST BACK","3 Apr 2026, 14:27","3 Apr 2026, 15:36","3K CALORIE LIFT","Chest Fly (Machine)",,"",0,"warmup",160,6,,,
"CHEST BACK","3 Apr 2026, 14:27","3 Apr 2026, 15:36","3K CALORIE LIFT","Chest Fly (Machine)",,"",1,"normal",180,10,,,
"CHEST BACK","3 Apr 2026, 14:27","3 Apr 2026, 15:36","3K CALORIE LIFT","Chest Fly (Machine)",,"",2,"normal",180,8,,,
"CHEST BACK","3 Apr 2026, 14:27","3 Apr 2026, 15:36","3K CALORIE LIFT","Chest Fly (Machine)",,"",3,"normal",180,7,,,
"CHEST BACK","3 Apr 2026, 14:27","3 Apr 2026, 15:36","3K CALORIE LIFT","Single Arm Cable Row",,"",0,"normal",75,15,,,
"CHEST BACK","3 Apr 2026, 14:27","3 Apr 2026, 15:36","3K CALORIE LIFT","Single Arm Cable Row",,"",1,"normal",80,13,,,
"CHEST BACK","3 Apr 2026, 14:27","3 Apr 2026, 15:36","3K CALORIE LIFT","Single Arm Cable Row",,"",2,"normal",85,9,,,
"CHEST BACK","3 Apr 2026, 14:27","3 Apr 2026, 15:36","3K CALORIE LIFT","Incline Bench Press (Smith Machine)",,"",0,"warmup",110,5,,,
"CHEST BACK","3 Apr 2026, 14:27","3 Apr 2026, 15:36","3K CALORIE LIFT","Incline Bench Press (Smith Machine)",,"",1,"normal",150,8,,,
"CHEST BACK","3 Apr 2026, 14:27","3 Apr 2026, 15:36","3K CALORIE LIFT","Incline Bench Press (Smith Machine)",,"",2,"normal",150,8,,,
"CHEST BACK","3 Apr 2026, 14:27","3 Apr 2026, 15:36","3K CALORIE LIFT","Incline Bench Press (Smith Machine)",,"",3,"normal",150,6,,,
"CHEST BACK","3 Apr 2026, 14:27","3 Apr 2026, 15:36","3K CALORIE LIFT","Iso-Lateral Row (Machine)",,"",0,"normal",314,8,,,
"CHEST BACK","3 Apr 2026, 14:27","3 Apr 2026, 15:36","3K CALORIE LIFT","Iso-Lateral Row (Machine)",,"",1,"normal",314,9,,,
"CHEST BACK","3 Apr 2026, 14:27","3 Apr 2026, 15:36","3K CALORIE LIFT","Iso-Lateral Row (Machine)",,"",2,"normal",324,9,,,
"Idk some bs","2 Apr 2026, 19:17","2 Apr 2026, 20:32","","Pull Up",,"",0,"normal",,10,,,
"Idk some bs","2 Apr 2026, 19:17","2 Apr 2026, 20:32","","Pull Up",,"",1,"normal",,7,,,
"Idk some bs","2 Apr 2026, 19:17","2 Apr 2026, 20:32","","Treadmill",,"",0,"normal",,,1.03,1504,
"Idk some bs","2 Apr 2026, 19:17","2 Apr 2026, 20:32","","Cable Crunch",,"",0,"normal",97.5,15,,,
"Idk some bs","2 Apr 2026, 19:17","2 Apr 2026, 20:32","","Cable Crunch",,"",1,"normal",97.5,15,,,
"Idk some bs","2 Apr 2026, 19:17","2 Apr 2026, 20:32","","Cable Crunch",,"",2,"normal",97.5,15,,,
"Idk some bs","2 Apr 2026, 19:17","2 Apr 2026, 20:32","","Triceps Pushdown",,"",0,"normal",72.5,10,,,
"Idk some bs","2 Apr 2026, 19:17","2 Apr 2026, 20:32","","Triceps Pushdown",,"",1,"normal",72.5,9,,,
"Idk some bs","2 Apr 2026, 19:17","2 Apr 2026, 20:32","","Incline Chest Press (Machine)",,"",0,"normal",70,8,,,
"Idk some bs","2 Apr 2026, 19:17","2 Apr 2026, 20:32","","Incline Chest Press (Machine)",,"",1,"normal",100,9,,,
"Idk some bs","2 Apr 2026, 19:17","2 Apr 2026, 20:32","","Incline Chest Press (Machine)",,"",2,"normal",115,7,,,
"Idk some bs","2 Apr 2026, 19:17","2 Apr 2026, 20:32","","Treadmill",,"",0,"normal",,,0.62,900,
"Idk some bs","2 Apr 2026, 19:17","2 Apr 2026, 20:32","","Preacher Curl (Machine)",,"",0,"normal",117.5,12,,,
"Idk some bs","2 Apr 2026, 19:17","2 Apr 2026, 20:32","","Preacher Curl (Machine)",,"",1,"normal",125,8,,,
"Idk some bs","2 Apr 2026, 19:17","2 Apr 2026, 20:32","","Preacher Curl (Machine)",,"",2,"normal",125,9,,,
"LEG","1 Apr 2026, 18:53","1 Apr 2026, 19:56","","Hack Squat (Machine)",,"",0,"warmup",200,5,,,
"LEG","1 Apr 2026, 18:53","1 Apr 2026, 19:56","","Hack Squat (Machine)",,"",1,"normal",310,10,,,
"LEG","1 Apr 2026, 18:53","1 Apr 2026, 19:56","","Hack Squat (Machine)",,"",2,"normal",310,12,,,
"LEG","1 Apr 2026, 18:53","1 Apr 2026, 19:56","","Hack Squat (Machine)",,"",3,"normal",310,12,,,
"LEG","1 Apr 2026, 18:53","1 Apr 2026, 19:56","","Romanian Deadlift (Barbell)",,"",0,"warmup",135,5,,,
"LEG","1 Apr 2026, 18:53","1 Apr 2026, 19:56","","Romanian Deadlift (Barbell)",,"",1,"normal",225,8,,,
"LEG","1 Apr 2026, 18:53","1 Apr 2026, 19:56","","Romanian Deadlift (Barbell)",,"",2,"normal",225,8,,,
"LEG","1 Apr 2026, 18:53","1 Apr 2026, 19:56","","Romanian Deadlift (Barbell)",,"",3,"normal",225,9,,,
"LEG","1 Apr 2026, 18:53","1 Apr 2026, 19:56","","Leg Extension (Machine)",,"",0,"normal",225,10,,,
"LEG","1 Apr 2026, 18:53","1 Apr 2026, 19:56","","Leg Extension (Machine)",,"",1,"normal",225,8,,,
"LEG","1 Apr 2026, 18:53","1 Apr 2026, 19:56","","Leg Extension (Machine)",,"",2,"normal",225,10,,,
"LEG","1 Apr 2026, 18:53","1 Apr 2026, 19:56","","Seated Leg Curl (Machine)",,"",0,"warmup",130,5,,,
"LEG","1 Apr 2026, 18:53","1 Apr 2026, 19:56","","Seated Leg Curl (Machine)",,"",1,"normal",180,8,,,
"LEG","1 Apr 2026, 18:53","1 Apr 2026, 19:56","","Seated Leg Curl (Machine)",,"",2,"normal",180,8,,,
"LEG","1 Apr 2026, 18:53","1 Apr 2026, 19:56","","Hip Adduction (Machine)",0,"",0,"normal",60,15,,,
"LEG","1 Apr 2026, 18:53","1 Apr 2026, 19:56","","Hip Adduction (Machine)",0,"",1,"normal",75,7,,,
"LEG","1 Apr 2026, 18:53","1 Apr 2026, 19:56","","Hip Abduction (Machine)",0,"",0,"normal",135,15,,,
"LEG","1 Apr 2026, 18:53","1 Apr 2026, 19:56","","Hip Abduction (Machine)",0,"",1,"normal",135,15,,,
"PULL","31 Mar 2026, 18:56","31 Mar 2026, 20:14","","Pull Up",,"",0,"normal",,8,,,
"PULL","31 Mar 2026, 18:56","31 Mar 2026, 20:14","","Lat Pulldown (Cable)",,"",0,"normal",180,8,,,
"PULL","31 Mar 2026, 18:56","31 Mar 2026, 20:14","","Lat Pulldown (Cable)",,"",1,"normal",180,8,,,
"PULL","31 Mar 2026, 18:56","31 Mar 2026, 20:14","","Lat Pulldown (Cable)",,"",2,"normal",180,9,,,
"PULL","31 Mar 2026, 18:56","31 Mar 2026, 20:14","","Single Arm Cable Row",,"Seated",0,"normal",70,13,,,
"PULL","31 Mar 2026, 18:56","31 Mar 2026, 20:14","","Single Arm Cable Row",,"Seated",1,"normal",75,13,,,
"PULL","31 Mar 2026, 18:56","31 Mar 2026, 20:14","","Single Arm Cable Row",,"Seated",2,"normal",75,14,,,
"PULL","31 Mar 2026, 18:56","31 Mar 2026, 20:14","","Seated Cable Row - Bar Grip",,"",0,"normal",180,10,,,
"PULL","31 Mar 2026, 18:56","31 Mar 2026, 20:14","","Seated Cable Row - Bar Grip",,"",1,"normal",180,9,,,
"PULL","31 Mar 2026, 18:56","31 Mar 2026, 20:14","","Seated Cable Row - Bar Grip",,"",2,"normal",180,9,,,
"PULL","31 Mar 2026, 18:56","31 Mar 2026, 20:14","","Preacher Curl (Machine)",,"",0,"normal",110,12,,,
"PULL","31 Mar 2026, 18:56","31 Mar 2026, 20:14","","Preacher Curl (Machine)",,"",1,"normal",117.5,8,,,
"PULL","31 Mar 2026, 18:56","31 Mar 2026, 20:14","","Preacher Curl (Machine)",,"",2,"normal",117.5,9,,,
"PULL","31 Mar 2026, 18:56","31 Mar 2026, 20:14","","Shrug (Dumbbell)",,"",0,"normal",130,18,,,
"PULL","31 Mar 2026, 18:56","31 Mar 2026, 20:14","","Shrug (Dumbbell)",,"",1,"normal",150,16,,,
"PULL","31 Mar 2026, 18:56","31 Mar 2026, 20:14","","Shrug (Dumbbell)",,"",2,"normal",150,15,,,
"PULL","31 Mar 2026, 18:56","31 Mar 2026, 20:14","","Reverse Curl (Barbell)",,"",0,"normal",70,12,,,
"PULL","31 Mar 2026, 18:56","31 Mar 2026, 20:14","","Reverse Curl (Barbell)",,"",1,"normal",70,9,,,
"PULL","31 Mar 2026, 18:56","31 Mar 2026, 20:14","","Reverse Curl (Barbell)",,"",2,"normal",70,10,,,
"PULL","31 Mar 2026, 18:56","31 Mar 2026, 20:14","","Cable Crunch",,"",0,"normal",97.5,16,,,
"PULL","31 Mar 2026, 18:56","31 Mar 2026, 20:14","","Cable Crunch",,"",1,"normal",97.5,15,,,
"PULL","31 Mar 2026, 18:56","31 Mar 2026, 20:14","","Cable Crunch",,"",2,"normal",97.5,15,,,
"PUSH","29 Mar 2026, 21:01","29 Mar 2026, 22:23","","Chest Fly (Machine)",,"",0,"warmup",160,7,,,
"PUSH","29 Mar 2026, 21:01","29 Mar 2026, 22:23","","Chest Fly (Machine)",,"",1,"normal",175,10,,,
"PUSH","29 Mar 2026, 21:01","29 Mar 2026, 22:23","","Chest Fly (Machine)",,"",2,"normal",180,8,,,
"PUSH","29 Mar 2026, 21:01","29 Mar 2026, 22:23","","Chest Fly (Machine)",,"",3,"normal",180,9,,,
"PUSH","29 Mar 2026, 21:01","29 Mar 2026, 22:23","","Incline Bench Press (Smith Machine)",,"",0,"warmup",110,5,,,
"PUSH","29 Mar 2026, 21:01","29 Mar 2026, 22:23","","Incline Bench Press (Smith Machine)",,"",1,"normal",150,7,,,
"PUSH","29 Mar 2026, 21:01","29 Mar 2026, 22:23","","Incline Bench Press (Smith Machine)",,"",2,"normal",150,7,,,
"PUSH","29 Mar 2026, 21:01","29 Mar 2026, 22:23","","Incline Bench Press (Smith Machine)",,"",3,"normal",150,7,,,
"PUSH","29 Mar 2026, 21:01","29 Mar 2026, 22:23","","Overhead Press (Barbell)",,"",0,"warmup",45,5,,,
"PUSH","29 Mar 2026, 21:01","29 Mar 2026, 22:23","","Overhead Press (Barbell)",,"",1,"normal",105,6,,,
"PUSH","29 Mar 2026, 21:01","29 Mar 2026, 22:23","","Overhead Press (Barbell)",,"",2,"normal",105,6,,,
"PUSH","29 Mar 2026, 21:01","29 Mar 2026, 22:23","","Overhead Press (Barbell)",,"",3,"normal",95,8,,,
"PUSH","29 Mar 2026, 21:01","29 Mar 2026, 22:23","","Single Arm Lateral Raise (Cable)",,"",0,"normal",27.5,9,,,
"PUSH","29 Mar 2026, 21:01","29 Mar 2026, 22:23","","Single Arm Lateral Raise (Cable)",,"",1,"normal",22.5,11,,,
"PUSH","29 Mar 2026, 21:01","29 Mar 2026, 22:23","","Single Arm Lateral Raise (Cable)",,"",2,"normal",22.5,9,,,
"PUSH","29 Mar 2026, 21:01","29 Mar 2026, 22:23","","Single Arm Triceps Pushdown (Cable)",,"No attachment cross body",0,"normal",22.5,11,,,
"PUSH","29 Mar 2026, 21:01","29 Mar 2026, 22:23","","Single Arm Triceps Pushdown (Cable)",,"No attachment cross body",1,"normal",22.5,15,,,
"PUSH","29 Mar 2026, 21:01","29 Mar 2026, 22:23","","Single Arm Triceps Pushdown (Cable)",,"No attachment cross body",2,"normal",27.5,11,,,
"PUSH","29 Mar 2026, 21:01","29 Mar 2026, 22:23","","Cable Crunch",,"",0,"normal",97.5,20,,,
"PUSH","29 Mar 2026, 21:01","29 Mar 2026, 22:23","","Cable Crunch",,"",1,"normal",97.5,17,,,
"PUSH","29 Mar 2026, 21:01","29 Mar 2026, 22:23","","Cable Crunch",,"",2,"normal",97.5,16,,,
"SHARM","27 Mar 2026, 19:04","27 Mar 2026, 20:09","","Overhead Press (Barbell)",,"",0,"warmup",45,7,,,
"SHARM","27 Mar 2026, 19:04","27 Mar 2026, 20:09","","Overhead Press (Barbell)",,"",1,"warmup",75,6,,,
"SHARM","27 Mar 2026, 19:04","27 Mar 2026, 20:09","","Overhead Press (Barbell)",,"",2,"normal",100,10,,,
"SHARM","27 Mar 2026, 19:04","27 Mar 2026, 20:09","","Overhead Press (Barbell)",,"",3,"normal",105,7,,,
"SHARM","27 Mar 2026, 19:04","27 Mar 2026, 20:09","","Overhead Press (Barbell)",,"",4,"normal",105,6,,,
"SHARM","27 Mar 2026, 19:04","27 Mar 2026, 20:09","","Single Arm Lateral Raise (Cable)",,"",0,"normal",27.5,11,,,
"SHARM","27 Mar 2026, 19:04","27 Mar 2026, 20:09","","Single Arm Lateral Raise (Cable)",,"",1,"normal",27.5,6,,,
"SHARM","27 Mar 2026, 19:04","27 Mar 2026, 20:09","","Face Pull",,"",0,"normal",62.5,13,,,
"SHARM","27 Mar 2026, 19:04","27 Mar 2026, 20:09","","Face Pull",,"",1,"normal",67.5,13,,,
"SHARM","27 Mar 2026, 19:04","27 Mar 2026, 20:09","","Face Pull",,"",2,"normal",72.5,14,,,
"SHARM","27 Mar 2026, 19:04","27 Mar 2026, 20:09","","Preacher Curl (Machine)",,"",0,"normal",110,11,,,
"SHARM","27 Mar 2026, 19:04","27 Mar 2026, 20:09","","Preacher Curl (Machine)",,"",1,"normal",110,11,,,
"SHARM","27 Mar 2026, 19:04","27 Mar 2026, 20:09","","Preacher Curl (Machine)",,"",2,"normal",110,12,,,
"SHARM","27 Mar 2026, 19:04","27 Mar 2026, 20:09","","Triceps Pushdown",,"V bar",0,"normal",72.5,8,,,
"SHARM","27 Mar 2026, 19:04","27 Mar 2026, 20:09","","Triceps Pushdown",,"V bar",1,"normal",72.5,9,,,
"SHARM","27 Mar 2026, 19:04","27 Mar 2026, 20:09","","Triceps Pushdown",,"V bar",2,"normal",72.5,10,,,
"SHARM","27 Mar 2026, 19:04","27 Mar 2026, 20:09","","Reverse Curl (Barbell)",,"",0,"normal",70,12,,,
"SHARM","27 Mar 2026, 19:04","27 Mar 2026, 20:09","","Reverse Curl (Barbell)",,"",1,"normal",70,10,,,
"SHARM","27 Mar 2026, 19:04","27 Mar 2026, 20:09","","Reverse Curl (Barbell)",,"",2,"normal",70,10,,,
"SHARM","27 Mar 2026, 19:04","27 Mar 2026, 20:09","","Cable Crunch",,"",0,"normal",97.5,20,,,
"SHARM","27 Mar 2026, 19:04","27 Mar 2026, 20:09","","Cable Crunch",,"",1,"normal",97.5,13,,,
"SHARM","27 Mar 2026, 19:04","27 Mar 2026, 20:09","","Cable Crunch",,"",2,"normal",97.5,12,,,
"LEG","26 Mar 2026, 21:04","26 Mar 2026, 22:26","","Hack Squat (Machine)",,"",0,"warmup",110,8,,,
"LEG","26 Mar 2026, 21:04","26 Mar 2026, 22:26","","Hack Squat (Machine)",,"",1,"warmup",200,6,,,
"LEG","26 Mar 2026, 21:04","26 Mar 2026, 22:26","","Hack Squat (Machine)",,"",2,"normal",290,8,,,
"LEG","26 Mar 2026, 21:04","26 Mar 2026, 22:26","","Hack Squat (Machine)",,"",3,"normal",290,12,,,
"LEG","26 Mar 2026, 21:04","26 Mar 2026, 22:26","","Hack Squat (Machine)",,"",4,"normal",310,10,,,
"LEG","26 Mar 2026, 21:04","26 Mar 2026, 22:26","","Calf Extension (Machine)",,"",0,"normal",310,20,,,
"LEG","26 Mar 2026, 21:04","26 Mar 2026, 22:26","","Calf Extension (Machine)",,"",1,"normal",310,20,,,
"LEG","26 Mar 2026, 21:04","26 Mar 2026, 22:26","","Calf Extension (Machine)",,"",2,"normal",310,20,,,
"LEG","26 Mar 2026, 21:04","26 Mar 2026, 22:26","","Romanian Deadlift (Barbell)",,"",0,"warmup",135,5,,,
"LEG","26 Mar 2026, 21:04","26 Mar 2026, 22:26","","Romanian Deadlift (Barbell)",,"",1,"warmup",185,4,,,
"LEG","26 Mar 2026, 21:04","26 Mar 2026, 22:26","","Romanian Deadlift (Barbell)",,"",2,"normal",225,8,,,
"LEG","26 Mar 2026, 21:04","26 Mar 2026, 22:26","","Romanian Deadlift (Barbell)",,"",3,"normal",225,9,,,
"LEG","26 Mar 2026, 21:04","26 Mar 2026, 22:26","","Leg Extension (Machine)",,"",0,"normal",225,9,,,
"LEG","26 Mar 2026, 21:04","26 Mar 2026, 22:26","","Leg Extension (Machine)",,"",1,"normal",225,10,,,
"LEG","26 Mar 2026, 21:04","26 Mar 2026, 22:26","","Leg Extension (Machine)",,"",2,"normal",225,11,,,
"LEG","26 Mar 2026, 21:04","26 Mar 2026, 22:26","","Seated Leg Curl (Machine)",,"",0,"normal",175,10,,,
"LEG","26 Mar 2026, 21:04","26 Mar 2026, 22:26","","Seated Leg Curl (Machine)",,"",1,"normal",175,9,,,
"LEG","26 Mar 2026, 21:04","26 Mar 2026, 22:26","","Hip Adduction (Machine)",0,"",0,"normal",60,14,,,
"LEG","26 Mar 2026, 21:04","26 Mar 2026, 22:26","","Hip Adduction (Machine)",0,"",1,"normal",60,11,,,
"LEG","26 Mar 2026, 21:04","26 Mar 2026, 22:26","","Hip Adduction (Machine)",0,"",2,"normal",60,10,,,
"LEG","26 Mar 2026, 21:04","26 Mar 2026, 22:26","","Hip Abduction (Machine)",0,"",0,"normal",135,15,,,
"LEG","26 Mar 2026, 21:04","26 Mar 2026, 22:26","","Hip Abduction (Machine)",0,"",1,"normal",135,15,,,
"LEG","26 Mar 2026, 21:04","26 Mar 2026, 22:26","","Hip Abduction (Machine)",0,"",2,"normal",135,13,,,
"CHEST BACK","25 Mar 2026, 13:18","25 Mar 2026, 14:27","","Pull Up",,"",0,"normal",,10,,,
"CHEST BACK","25 Mar 2026, 13:18","25 Mar 2026, 14:27","","Pull Up",,"",1,"normal",,6,,,
"CHEST BACK","25 Mar 2026, 13:18","25 Mar 2026, 14:27","","Chest Fly (Machine)",,"",0,"warmup",160,6,,,
"CHEST BACK","25 Mar 2026, 13:18","25 Mar 2026, 14:27","","Chest Fly (Machine)",,"",1,"normal",175,10,,,
"CHEST BACK","25 Mar 2026, 13:18","25 Mar 2026, 14:27","","Chest Fly (Machine)",,"",2,"normal",180,8,,,
"CHEST BACK","25 Mar 2026, 13:18","25 Mar 2026, 14:27","","Chest Fly (Machine)",,"",3,"normal",180,7,,,
"CHEST BACK","25 Mar 2026, 13:18","25 Mar 2026, 14:27","","Lat Pulldown (Cable)",,"",0,"warmup",160,5,,,
"CHEST BACK","25 Mar 2026, 13:18","25 Mar 2026, 14:27","","Lat Pulldown (Cable)",,"",1,"normal",180,6,,,
"CHEST BACK","25 Mar 2026, 13:18","25 Mar 2026, 14:27","","Lat Pulldown (Cable)",,"",2,"normal",180,6,,,
"CHEST BACK","25 Mar 2026, 13:18","25 Mar 2026, 14:27","","Incline Bench Press (Smith Machine)",,"",0,"warmup",110,5,,,
"CHEST BACK","25 Mar 2026, 13:18","25 Mar 2026, 14:27","","Incline Bench Press (Smith Machine)",,"",1,"normal",150,8,,,
"CHEST BACK","25 Mar 2026, 13:18","25 Mar 2026, 14:27","","Incline Bench Press (Smith Machine)",,"",2,"normal",150,6,,,
"CHEST BACK","25 Mar 2026, 13:18","25 Mar 2026, 14:27","","Incline Bench Press (Smith Machine)",,"",3,"normal",150,5,,,
"CHEST BACK","25 Mar 2026, 13:18","25 Mar 2026, 14:27","","Incline Bench Press (Smith Machine)",,"",4,"dropset",110,6,,,
"CHEST BACK","25 Mar 2026, 13:18","25 Mar 2026, 14:27","","Iso-Lateral Row (Machine)",,"",0,"warmup",294,5,,,
"CHEST BACK","25 Mar 2026, 13:18","25 Mar 2026, 14:27","","Iso-Lateral Row (Machine)",,"",1,"normal",314,10,,,
"CHEST BACK","25 Mar 2026, 13:18","25 Mar 2026, 14:27","","Iso-Lateral Row (Machine)",,"",2,"normal",324,8,,,
"CHEST BACK","25 Mar 2026, 13:18","25 Mar 2026, 14:27","","Iso-Lateral Row (Machine)",,"",3,"normal",324,9,,,
"CHEST BACK","25 Mar 2026, 13:18","25 Mar 2026, 14:27","","Single Arm Lat Pulldown",,"",0,"normal",55,11,,,
"CHEST BACK","25 Mar 2026, 13:18","25 Mar 2026, 14:27","","Single Arm Lat Pulldown",,"",1,"normal",60,8,,,
"CHEST BACK","25 Mar 2026, 13:18","25 Mar 2026, 14:27","","Cable Crunch",,"",0,"normal",97.5,15,,,
"CHEST BACK","25 Mar 2026, 13:18","25 Mar 2026, 14:27","","Cable Crunch",,"",1,"normal",97.5,15,,,
"CHEST BACK","25 Mar 2026, 13:18","25 Mar 2026, 14:27","","Cable Crunch",,"",2,"normal",97.5,16,,,
"PULL","23 Mar 2026, 21:17","23 Mar 2026, 22:22","","Pull Up",,"",0,"normal",,5,,,
"PULL","23 Mar 2026, 21:17","23 Mar 2026, 22:22","","Lat Pulldown (Cable)",,"",0,"warmup",180,5,,,
"PULL","23 Mar 2026, 21:17","23 Mar 2026, 22:22","","Lat Pulldown (Cable)",,"",1,"normal",180,9,,,
"PULL","23 Mar 2026, 21:17","23 Mar 2026, 22:22","","Lat Pulldown (Cable)",,"",2,"normal",180,7,,,
"PULL","23 Mar 2026, 21:17","23 Mar 2026, 22:22","","Lat Pulldown (Cable)",,"",3,"normal",180,7,,,
"PULL","23 Mar 2026, 21:17","23 Mar 2026, 22:22","","Iso-Lateral Row (Machine)",,"",0,"normal",314,10,,,
"PULL","23 Mar 2026, 21:17","23 Mar 2026, 22:22","","Iso-Lateral Row (Machine)",,"",1,"normal",314,9,,,
"PULL","23 Mar 2026, 21:17","23 Mar 2026, 22:22","","Iso-Lateral Row (Machine)",,"",2,"normal",314,9,,,
"PULL","23 Mar 2026, 21:17","23 Mar 2026, 22:22","","Single Arm Seated Row (Machine)",,"",0,"normal",175,13,,,
"PULL","23 Mar 2026, 21:17","23 Mar 2026, 22:22","","Single Arm Seated Row (Machine)",,"",1,"normal",180,14,,,
"PULL","23 Mar 2026, 21:17","23 Mar 2026, 22:22","","Single Arm Seated Row (Machine)",,"",2,"normal",180,14,,,
"PULL","23 Mar 2026, 21:17","23 Mar 2026, 22:22","","Preacher Curl (Machine)",,"",0,"normal",110,11,,,
"PULL","23 Mar 2026, 21:17","23 Mar 2026, 22:22","","Preacher Curl (Machine)",,"",1,"normal",110,11,,,
"PULL","23 Mar 2026, 21:17","23 Mar 2026, 22:22","","Preacher Curl (Machine)",,"",2,"normal",110,8,,,
"PULL","23 Mar 2026, 21:17","23 Mar 2026, 22:22","","Reverse Curl (Barbell)",,"",0,"normal",70,10,,,
"PULL","23 Mar 2026, 21:17","23 Mar 2026, 22:22","","Reverse Curl (Barbell)",,"",1,"normal",70,9,,,
"PULL","23 Mar 2026, 21:17","23 Mar 2026, 22:22","","Reverse Curl (Barbell)",,"",2,"normal",70,10,,,
"PUSH","22 Mar 2026, 13:24","22 Mar 2026, 14:55","Big ahh nigiri","Bench Press (Smith Machine)",,"",0,"warmup",115,6,,,
"PUSH","22 Mar 2026, 13:24","22 Mar 2026, 14:55","Big ahh nigiri","Bench Press (Smith Machine)",,"",1,"normal",165,9,,,
"PUSH","22 Mar 2026, 13:24","22 Mar 2026, 14:55","Big ahh nigiri","Bench Press (Smith Machine)",,"",2,"normal",175,6,,,
"PUSH","22 Mar 2026, 13:24","22 Mar 2026, 14:55","Big ahh nigiri","Bench Press (Smith Machine)",,"",3,"normal",175,5,,,
"PUSH","22 Mar 2026, 13:24","22 Mar 2026, 14:55","Big ahh nigiri","Incline Bench Press (Barbell)",,"",0,"warmup",95,5,,,
"PUSH","22 Mar 2026, 13:24","22 Mar 2026, 14:55","Big ahh nigiri","Incline Bench Press (Barbell)",,"",1,"warmup",135,6,,,
"PUSH","22 Mar 2026, 13:24","22 Mar 2026, 14:55","Big ahh nigiri","Incline Bench Press (Barbell)",,"",2,"normal",150,8,,,
"PUSH","22 Mar 2026, 13:24","22 Mar 2026, 14:55","Big ahh nigiri","Incline Bench Press (Barbell)",,"",3,"normal",150,7,,,
"PUSH","22 Mar 2026, 13:24","22 Mar 2026, 14:55","Big ahh nigiri","Incline Bench Press (Barbell)",,"",4,"normal",150,6,,,
"PUSH","22 Mar 2026, 13:24","22 Mar 2026, 14:55","Big ahh nigiri","Overhead Press (Barbell)",,"",0,"warmup",45,5,,,
"PUSH","22 Mar 2026, 13:24","22 Mar 2026, 14:55","Big ahh nigiri","Overhead Press (Barbell)",,"",1,"normal",100,7,,,
"PUSH","22 Mar 2026, 13:24","22 Mar 2026, 14:55","Big ahh nigiri","Overhead Press (Barbell)",,"",2,"normal",100,7,,,
"PUSH","22 Mar 2026, 13:24","22 Mar 2026, 14:55","Big ahh nigiri","Overhead Press (Barbell)",,"",3,"normal",100,6,,,
"PUSH","22 Mar 2026, 13:24","22 Mar 2026, 14:55","Big ahh nigiri","Single Arm Lateral Raise (Cable)",,"",0,"normal",22.5,11,,,
"PUSH","22 Mar 2026, 13:24","22 Mar 2026, 14:55","Big ahh nigiri","Single Arm Lateral Raise (Cable)",,"",1,"normal",22.5,13,,,
"PUSH","22 Mar 2026, 13:24","22 Mar 2026, 14:55","Big ahh nigiri","Single Arm Lateral Raise (Cable)",,"",2,"normal",22.5,14,,,
"PUSH","22 Mar 2026, 13:24","22 Mar 2026, 14:55","Big ahh nigiri","Single Arm Triceps Pushdown (Cable)",,"No attachment",0,"normal",22.5,12,,,
"PUSH","22 Mar 2026, 13:24","22 Mar 2026, 14:55","Big ahh nigiri","Single Arm Triceps Pushdown (Cable)",,"No attachment",1,"normal",22.5,11,,,
"PUSH","22 Mar 2026, 13:24","22 Mar 2026, 14:55","Big ahh nigiri","Single Arm Triceps Pushdown (Cable)",,"No attachment",2,"normal",22.5,12,,,
"PUSH","22 Mar 2026, 13:24","22 Mar 2026, 14:55","Big ahh nigiri","Overhead Triceps Extension (Cable)",,"",0,"normal",57.5,8,,,
"PUSH","22 Mar 2026, 13:24","22 Mar 2026, 14:55","Big ahh nigiri","Overhead Triceps Extension (Cable)",,"",1,"normal",57.5,11,,,
"PUSH","22 Mar 2026, 13:24","22 Mar 2026, 14:55","Big ahh nigiri","Overhead Triceps Extension (Cable)",,"",2,"normal",57.5,10,,,
"PUSH","22 Mar 2026, 13:24","22 Mar 2026, 14:55","Big ahh nigiri","Cable Crunch",,"",0,"normal",97.5,16,,,
"PUSH","22 Mar 2026, 13:24","22 Mar 2026, 14:55","Big ahh nigiri","Cable Crunch",,"",1,"normal",97.5,14,,,
"PUSH","22 Mar 2026, 13:24","22 Mar 2026, 14:55","Big ahh nigiri","Cable Crunch",,"",2,"normal",97.5,13,,,
"SHARM","20 Mar 2026, 10:46","20 Mar 2026, 12:02","","Overhead Press (Barbell)",,"",0,"warmup",45,7,,,
"SHARM","20 Mar 2026, 10:46","20 Mar 2026, 12:02","","Overhead Press (Barbell)",,"",1,"warmup",65,7,,,
"SHARM","20 Mar 2026, 10:46","20 Mar 2026, 12:02","","Overhead Press (Barbell)",,"",2,"normal",95,11,,,
"SHARM","20 Mar 2026, 10:46","20 Mar 2026, 12:02","","Overhead Press (Barbell)",,"",3,"normal",100,8,,,
"SHARM","20 Mar 2026, 10:46","20 Mar 2026, 12:02","","Overhead Press (Barbell)",,"",4,"normal",100,7,,,
"SHARM","20 Mar 2026, 10:46","20 Mar 2026, 12:02","","Bicep Curl (Barbell)",,"",0,"warmup",45,7,,,
"SHARM","20 Mar 2026, 10:46","20 Mar 2026, 12:02","","Bicep Curl (Barbell)",,"",1,"normal",75,9,,,
"SHARM","20 Mar 2026, 10:46","20 Mar 2026, 12:02","","Bicep Curl (Barbell)",,"",2,"normal",75,8,,,
"SHARM","20 Mar 2026, 10:46","20 Mar 2026, 12:02","","Bicep Curl (Barbell)",,"",3,"normal",75,9,,,
"SHARM","20 Mar 2026, 10:46","20 Mar 2026, 12:02","","Single Arm Lateral Raise (Cable)",,"",0,"normal",22.5,9,,,
"SHARM","20 Mar 2026, 10:46","20 Mar 2026, 12:02","","Single Arm Lateral Raise (Cable)",,"",1,"normal",22.5,9,,,
"SHARM","20 Mar 2026, 10:46","20 Mar 2026, 12:02","","Single Arm Lateral Raise (Cable)",,"",2,"normal",22.5,11,,,
"SHARM","20 Mar 2026, 10:46","20 Mar 2026, 12:02","","Triceps Pushdown",,"",0,"normal",67.5,12,,,
"SHARM","20 Mar 2026, 10:46","20 Mar 2026, 12:02","","Triceps Pushdown",,"",1,"normal",72.5,8,,,
"SHARM","20 Mar 2026, 10:46","20 Mar 2026, 12:02","","Triceps Pushdown",,"",2,"normal",72.5,8,,,
"SHARM","20 Mar 2026, 10:46","20 Mar 2026, 12:02","","Reverse Fly Single Arm (Cable)",,"",0,"warmup",12.5,8,,,
"SHARM","20 Mar 2026, 10:46","20 Mar 2026, 12:02","","Reverse Fly Single Arm (Cable)",,"",1,"normal",17.5,14,,,
"SHARM","20 Mar 2026, 10:46","20 Mar 2026, 12:02","","Face Pull",,"",0,"normal",52.5,15,,,
"SHARM","20 Mar 2026, 10:46","20 Mar 2026, 12:02","","Face Pull",,"",1,"normal",57.5,13,,,
"SHARM","20 Mar 2026, 10:46","20 Mar 2026, 12:02","","Hammer Curl (Cable)",,"",0,"normal",77.5,10,,,
"SHARM","20 Mar 2026, 10:46","20 Mar 2026, 12:02","","Hammer Curl (Cable)",,"",1,"normal",77.5,10,,,
"SHARM","20 Mar 2026, 10:46","20 Mar 2026, 12:02","","Hammer Curl (Cable)",,"",2,"normal",77.5,9,,,
"SHARM","20 Mar 2026, 10:46","20 Mar 2026, 12:02","","Cable Crunch",,"",0,"normal",97.5,18,,,
"SHARM","20 Mar 2026, 10:46","20 Mar 2026, 12:02","","Cable Crunch",,"",1,"normal",97.5,15,,,
"SHARM","20 Mar 2026, 10:46","20 Mar 2026, 12:02","","Cable Crunch",,"",2,"normal",97.5,12,,,
"CHEST BACK","19 Mar 2026, 16:36","19 Mar 2026, 17:50","","Pull Up",,"",0,"normal",,5,,,
"CHEST BACK","19 Mar 2026, 16:36","19 Mar 2026, 17:50","","Lat Pulldown (Cable)",,"",0,"warmup",140,6,,,
"CHEST BACK","19 Mar 2026, 16:36","19 Mar 2026, 17:50","","Lat Pulldown (Cable)",,"",1,"normal",180,10,,,
"CHEST BACK","19 Mar 2026, 16:36","19 Mar 2026, 17:50","","Lat Pulldown (Cable)",,"",2,"normal",180,8,,,
"CHEST BACK","19 Mar 2026, 16:36","19 Mar 2026, 17:50","","Lat Pulldown (Cable)",,"",3,"normal",180,7,,,
"CHEST BACK","19 Mar 2026, 16:36","19 Mar 2026, 17:50","","Bench Press (Barbell)",,"",0,"warmup",135,7,,,
"CHEST BACK","19 Mar 2026, 16:36","19 Mar 2026, 17:50","","Bench Press (Barbell)",,"",1,"normal",155,8,,,
"CHEST BACK","19 Mar 2026, 16:36","19 Mar 2026, 17:50","","Bench Press (Barbell)",,"",2,"normal",175,5,,,
"CHEST BACK","19 Mar 2026, 16:36","19 Mar 2026, 17:50","","Bench Press (Barbell)",,"",3,"normal",175,5,,,
"CHEST BACK","19 Mar 2026, 16:36","19 Mar 2026, 17:50","","Single Arm Seated Row (Machine)",,"",0,"normal",160,16,,,
"CHEST BACK","19 Mar 2026, 16:36","19 Mar 2026, 17:50","","Single Arm Seated Row (Machine)",,"",1,"normal",170,12,,,
"CHEST BACK","19 Mar 2026, 16:36","19 Mar 2026, 17:50","","Single Arm Seated Row (Machine)",,"",2,"normal",175,12,,,
"CHEST BACK","19 Mar 2026, 16:36","19 Mar 2026, 17:50","","Single Arm Seated Row (Machine)",,"",3,"normal",175,14,,,
"CHEST BACK","19 Mar 2026, 16:36","19 Mar 2026, 17:50","","Incline Bench Press (Barbell)",,"",0,"normal",135,10,,,
"CHEST BACK","19 Mar 2026, 16:36","19 Mar 2026, 17:50","","Incline Bench Press (Barbell)",,"",1,"normal",145,8,,,
"CHEST BACK","19 Mar 2026, 16:36","19 Mar 2026, 17:50","","Incline Bench Press (Barbell)",,"",2,"normal",145,9,,,
"CHEST BACK","19 Mar 2026, 16:36","19 Mar 2026, 17:50","","Seated Cable Row - Bar Grip",,"",0,"normal",170,10,,,
"CHEST BACK","19 Mar 2026, 16:36","19 Mar 2026, 17:50","","Seated Cable Row - Bar Grip",,"",1,"normal",170,11,,,
"CHEST BACK","19 Mar 2026, 16:36","19 Mar 2026, 17:50","","Seated Cable Row - Bar Grip",,"",2,"normal",170,10,,,
"CHEST BACK","19 Mar 2026, 16:36","19 Mar 2026, 17:50","","Pull Up",,"",0,"normal",,5,,,
"LEG","18 Mar 2026, 18:52","18 Mar 2026, 20:03","Headphones died mid RDL set 😭😭😭🇮🇱","Hack Squat (Machine)",,"",0,"warmup",200,6,,,
"LEG","18 Mar 2026, 18:52","18 Mar 2026, 20:03","Headphones died mid RDL set 😭😭😭🇮🇱","Hack Squat (Machine)",,"",1,"normal",250,12,,,
"LEG","18 Mar 2026, 18:52","18 Mar 2026, 20:03","Headphones died mid RDL set 😭😭😭🇮🇱","Hack Squat (Machine)",,"",2,"normal",270,12,,,
"LEG","18 Mar 2026, 18:52","18 Mar 2026, 20:03","Headphones died mid RDL set 😭😭😭🇮🇱","Hack Squat (Machine)",,"",3,"normal",290,10,,,
"LEG","18 Mar 2026, 18:52","18 Mar 2026, 20:03","Headphones died mid RDL set 😭😭😭🇮🇱","Calf Extension (Machine)",,"",0,"normal",290,20,,,
"LEG","18 Mar 2026, 18:52","18 Mar 2026, 20:03","Headphones died mid RDL set 😭😭😭🇮🇱","Calf Extension (Machine)",,"",1,"normal",290,20,,,
"LEG","18 Mar 2026, 18:52","18 Mar 2026, 20:03","Headphones died mid RDL set 😭😭😭🇮🇱","Calf Extension (Machine)",,"",2,"normal",290,20,,,
"LEG","18 Mar 2026, 18:52","18 Mar 2026, 20:03","Headphones died mid RDL set 😭😭😭🇮🇱","Romanian Deadlift (Barbell)",,"",0,"warmup",185,5,,,
"LEG","18 Mar 2026, 18:52","18 Mar 2026, 20:03","Headphones died mid RDL set 😭😭😭🇮🇱","Romanian Deadlift (Barbell)",,"",1,"normal",205,10,,,
"LEG","18 Mar 2026, 18:52","18 Mar 2026, 20:03","Headphones died mid RDL set 😭😭😭🇮🇱","Romanian Deadlift (Barbell)",,"",2,"normal",225,8,,,
"LEG","18 Mar 2026, 18:52","18 Mar 2026, 20:03","Headphones died mid RDL set 😭😭😭🇮🇱","Leg Extension (Machine)",,"",0,"normal",220,10,,,
"LEG","18 Mar 2026, 18:52","18 Mar 2026, 20:03","Headphones died mid RDL set 😭😭😭🇮🇱","Leg Extension (Machine)",,"",1,"normal",220,12,,,
"LEG","18 Mar 2026, 18:52","18 Mar 2026, 20:03","Headphones died mid RDL set 😭😭😭🇮🇱","Leg Extension (Machine)",,"",2,"normal",225,11,,,
"LEG","18 Mar 2026, 18:52","18 Mar 2026, 20:03","Headphones died mid RDL set 😭😭😭🇮🇱","Hip Adduction (Machine)",,"",0,"normal",60,15,,,
"LEG","18 Mar 2026, 18:52","18 Mar 2026, 20:03","Headphones died mid RDL set 😭😭😭🇮🇱","Hip Adduction (Machine)",,"",1,"normal",60,13,,,
"LEG","18 Mar 2026, 18:52","18 Mar 2026, 20:03","Headphones died mid RDL set 😭😭😭🇮🇱","Hip Adduction (Machine)",,"",2,"normal",60,10,,,
"LEG","18 Mar 2026, 18:52","18 Mar 2026, 20:03","Headphones died mid RDL set 😭😭😭🇮🇱","Hip Abduction (Machine)",,"",0,"normal",135,15,,,
"LEG","18 Mar 2026, 18:52","18 Mar 2026, 20:03","Headphones died mid RDL set 😭😭😭🇮🇱","Hip Abduction (Machine)",,"",1,"normal",135,13,,,
"LEG","18 Mar 2026, 18:52","18 Mar 2026, 20:03","Headphones died mid RDL set 😭😭😭🇮🇱","Hip Abduction (Machine)",,"",2,"normal",135,11,,,
"LEG","18 Mar 2026, 18:52","18 Mar 2026, 20:03","Headphones died mid RDL set 😭😭😭🇮🇱","Cable Crunch",,"",0,"normal",97.5,16,,,
"LEG","18 Mar 2026, 18:52","18 Mar 2026, 20:03","Headphones died mid RDL set 😭😭😭🇮🇱","Cable Crunch",,"",1,"normal",97.5,15,,,
"LEG","18 Mar 2026, 18:52","18 Mar 2026, 20:03","Headphones died mid RDL set 😭😭😭🇮🇱","Cable Crunch",,"",2,"normal",97.5,11,,,
"LEG","18 Mar 2026, 18:52","18 Mar 2026, 20:03","Headphones died mid RDL set 😭😭😭🇮🇱","Pull Up",,"",0,"normal",,6,,,
"PULL","17 Mar 2026, 18:18","17 Mar 2026, 19:14","","Pull Up",,"",0,"normal",,8,,,
"PULL","17 Mar 2026, 18:18","17 Mar 2026, 19:14","","Pull Up",,"",1,"normal",,4,,,
"PULL","17 Mar 2026, 18:18","17 Mar 2026, 19:14","","Lat Pulldown (Cable)",,"",0,"normal",165,10,,,
"PULL","17 Mar 2026, 18:18","17 Mar 2026, 19:14","","Lat Pulldown (Cable)",,"",1,"normal",165,8,,,
"PULL","17 Mar 2026, 18:18","17 Mar 2026, 19:14","","Lat Pulldown (Cable)",,"",2,"normal",165,8,,,
"PULL","17 Mar 2026, 18:18","17 Mar 2026, 19:14","","Single Arm Seated Row (Machine)",,"",0,"warmup",90,5,,,
"PULL","17 Mar 2026, 18:18","17 Mar 2026, 19:14","","Single Arm Seated Row (Machine)",,"",1,"normal",130,15,,,
"PULL","17 Mar 2026, 18:18","17 Mar 2026, 19:14","","Single Arm Seated Row (Machine)",,"",2,"normal",145,17,,,
"PULL","17 Mar 2026, 18:18","17 Mar 2026, 19:14","","Single Arm Seated Row (Machine)",,"",3,"normal",160,12,,,
"PULL","17 Mar 2026, 18:18","17 Mar 2026, 19:14","","Seated Cable Row - Bar Grip",,"",0,"normal",160,10,,,
"PULL","17 Mar 2026, 18:18","17 Mar 2026, 19:14","","Seated Cable Row - Bar Grip",,"",1,"normal",160,13,,,
"PULL","17 Mar 2026, 18:18","17 Mar 2026, 19:14","","Seated Cable Row - Bar Grip",,"",2,"normal",165,11,,,
"PULL","17 Mar 2026, 18:18","17 Mar 2026, 19:14","","Bicep Curl (Barbell)",,"",0,"warmup",45,10,,,
"PULL","17 Mar 2026, 18:18","17 Mar 2026, 19:14","","Bicep Curl (Barbell)",,"",1,"normal",75,8,,,
"PULL","17 Mar 2026, 18:18","17 Mar 2026, 19:14","","Seated Incline Curl (Dumbbell)",,"",0,"normal",50,8,,,
"PULL","17 Mar 2026, 18:18","17 Mar 2026, 19:14","","Seated Incline Curl (Dumbbell)",,"",1,"normal",50,9,,,
"PULL","17 Mar 2026, 18:18","17 Mar 2026, 19:14","","Reverse Curl (Barbell)",,"",0,"normal",60,14,,,
"PULL","17 Mar 2026, 18:18","17 Mar 2026, 19:14","","Reverse Curl (Barbell)",,"",1,"normal",60,12,,,
"PULL","17 Mar 2026, 18:18","17 Mar 2026, 19:14","","Reverse Curl (Barbell)",,"",2,"normal",60,11,,,
"PUSH","16 Mar 2026, 17:44","16 Mar 2026, 18:40","Gym is so packed apparently everyone is doing chest today","Triceps Dip",,"",0,"normal",,5,,,
"PUSH","16 Mar 2026, 17:44","16 Mar 2026, 18:40","Gym is so packed apparently everyone is doing chest today","Chest Press (Machine)",,"",0,"warmup",115,8,,,
"PUSH","16 Mar 2026, 17:44","16 Mar 2026, 18:40","Gym is so packed apparently everyone is doing chest today","Chest Press (Machine)",,"",1,"normal",130,9,,,
"PUSH","16 Mar 2026, 17:44","16 Mar 2026, 18:40","Gym is so packed apparently everyone is doing chest today","Chest Press (Machine)",,"",2,"normal",130,7,,,
"PUSH","16 Mar 2026, 17:44","16 Mar 2026, 18:40","Gym is so packed apparently everyone is doing chest today","Chest Press (Machine)",,"",3,"normal",130,8,,,
"PUSH","16 Mar 2026, 17:44","16 Mar 2026, 18:40","Gym is so packed apparently everyone is doing chest today","Triceps Rope Pushdown",,"",0,"warmup",50,5,,,
"PUSH","16 Mar 2026, 17:44","16 Mar 2026, 18:40","Gym is so packed apparently everyone is doing chest today","Triceps Rope Pushdown",,"",1,"normal",70,7,,,
"PUSH","16 Mar 2026, 17:44","16 Mar 2026, 18:40","Gym is so packed apparently everyone is doing chest today","Incline Bench Press (Smith Machine)",,"",0,"warmup",110,5,,,
"PUSH","16 Mar 2026, 17:44","16 Mar 2026, 18:40","Gym is so packed apparently everyone is doing chest today","Incline Bench Press (Smith Machine)",,"",1,"normal",150,7,,,
"PUSH","16 Mar 2026, 17:44","16 Mar 2026, 18:40","Gym is so packed apparently everyone is doing chest today","Incline Bench Press (Smith Machine)",,"",2,"normal",150,5,,,
"PUSH","16 Mar 2026, 17:44","16 Mar 2026, 18:40","Gym is so packed apparently everyone is doing chest today","Incline Bench Press (Smith Machine)",,"",3,"normal",140,7,,,
"PUSH","16 Mar 2026, 17:44","16 Mar 2026, 18:40","Gym is so packed apparently everyone is doing chest today","Single Arm Lateral Raise (Cable)",,"",0,"normal",22.5,9,,,
"PUSH","16 Mar 2026, 17:44","16 Mar 2026, 18:40","Gym is so packed apparently everyone is doing chest today","Single Arm Lateral Raise (Cable)",,"",1,"normal",22.5,11,,,
"PUSH","16 Mar 2026, 17:44","16 Mar 2026, 18:40","Gym is so packed apparently everyone is doing chest today","Single Arm Lateral Raise (Cable)",,"",2,"normal",22.5,10,,,
"PUSH","16 Mar 2026, 17:44","16 Mar 2026, 18:40","Gym is so packed apparently everyone is doing chest today","Single Arm Triceps Pushdown (Cable)",,"",0,"normal",27.5,7,,,
"PUSH","16 Mar 2026, 17:44","16 Mar 2026, 18:40","Gym is so packed apparently everyone is doing chest today","Single Arm Triceps Pushdown (Cable)",,"",1,"normal",27.5,6,,,
"PUSH","16 Mar 2026, 17:44","16 Mar 2026, 18:40","Gym is so packed apparently everyone is doing chest today","Cable Crunch",,"",0,"normal",97.5,15,,,
"PUSH","16 Mar 2026, 17:44","16 Mar 2026, 18:40","Gym is so packed apparently everyone is doing chest today","Cable Crunch",,"",1,"normal",97.5,13,,,
"PUSH","16 Mar 2026, 17:44","16 Mar 2026, 18:40","Gym is so packed apparently everyone is doing chest today","Cable Crunch",,"",2,"normal",97.5,10,,,
"LEG","14 Mar 2026, 21:47","14 Mar 2026, 22:43","","Hack Squat (Machine)",,"",0,"warmup",110,6,,,
"LEG","14 Mar 2026, 21:47","14 Mar 2026, 22:43","","Hack Squat (Machine)",,"",1,"normal",200,10,,,
"LEG","14 Mar 2026, 21:47","14 Mar 2026, 22:43","","Hack Squat (Machine)",,"",2,"normal",250,10,,,
"LEG","14 Mar 2026, 21:47","14 Mar 2026, 22:43","","Hack Squat (Machine)",,"",3,"normal",250,12,,,
"LEG","14 Mar 2026, 21:47","14 Mar 2026, 22:43","","Romanian Deadlift (Barbell)",,"",0,"warmup",185,5,,,
"LEG","14 Mar 2026, 21:47","14 Mar 2026, 22:43","","Romanian Deadlift (Barbell)",,"",1,"normal",225,9,,,
"LEG","14 Mar 2026, 21:47","14 Mar 2026, 22:43","","Romanian Deadlift (Barbell)",,"",2,"normal",225,8,,,
"LEG","14 Mar 2026, 21:47","14 Mar 2026, 22:43","","Leg Extension (Machine)",,"",0,"normal",225,6,,,
"LEG","14 Mar 2026, 21:47","14 Mar 2026, 22:43","","Leg Extension (Machine)",,"",1,"normal",210,9,,,
"LEG","14 Mar 2026, 21:47","14 Mar 2026, 22:43","","Hip Adduction (Machine)",,"",0,"normal",60,11,,,
"LEG","14 Mar 2026, 21:47","14 Mar 2026, 22:43","","Hip Adduction (Machine)",,"",1,"normal",60,7,,,
"LEG","14 Mar 2026, 21:47","14 Mar 2026, 22:43","","Hip Abduction (Machine)",,"",0,"normal",135,12,,,
"LEG","14 Mar 2026, 21:47","14 Mar 2026, 22:43","","Hip Abduction (Machine)",,"",1,"normal",135,13,,,
"LEG","14 Mar 2026, 21:47","14 Mar 2026, 22:43","","Cable Crunch",,"",0,"normal",97.5,16,,,
"LEG","14 Mar 2026, 21:47","14 Mar 2026, 22:43","","Cable Crunch",,"",1,"normal",97.5,15,,,
"LEG","14 Mar 2026, 21:47","14 Mar 2026, 22:43","","Cable Crunch",,"",2,"normal",97.5,13,,,
"SHARM","13 Mar 2026, 18:47","13 Mar 2026, 19:39","Avoiding networks 🙏","Pull Up",,"",0,"normal",,8,,,
"SHARM","13 Mar 2026, 18:47","13 Mar 2026, 19:39","Avoiding networks 🙏","Single Arm Lateral Raise (Cable)",,"",0,"normal",17.5,15,,,
"SHARM","13 Mar 2026, 18:47","13 Mar 2026, 19:39","Avoiding networks 🙏","Single Arm Lateral Raise (Cable)",,"",1,"normal",22.5,11,,,
"SHARM","13 Mar 2026, 18:47","13 Mar 2026, 19:39","Avoiding networks 🙏","Single Arm Lateral Raise (Cable)",,"",2,"normal",22.5,8,,,
"SHARM","13 Mar 2026, 18:47","13 Mar 2026, 19:39","Avoiding networks 🙏","Overhead Press (Barbell)",,"",0,"warmup",45,8,,,
"SHARM","13 Mar 2026, 18:47","13 Mar 2026, 19:39","Avoiding networks 🙏","Overhead Press (Barbell)",,"",1,"normal",75,10,,,
"SHARM","13 Mar 2026, 18:47","13 Mar 2026, 19:39","Avoiding networks 🙏","Overhead Press (Barbell)",,"",2,"normal",95,9,,,
"SHARM","13 Mar 2026, 18:47","13 Mar 2026, 19:39","Avoiding networks 🙏","Overhead Press (Barbell)",,"",3,"normal",100,6,,,
"SHARM","13 Mar 2026, 18:47","13 Mar 2026, 19:39","Avoiding networks 🙏","Bicep Curl (Barbell)",,"",0,"normal",65,15,,,
"SHARM","13 Mar 2026, 18:47","13 Mar 2026, 19:39","Avoiding networks 🙏","Bicep Curl (Barbell)",,"",1,"normal",75,9,,,
"SHARM","13 Mar 2026, 18:47","13 Mar 2026, 19:39","Avoiding networks 🙏","Bicep Curl (Barbell)",,"",2,"normal",75,9,,,
"SHARM","13 Mar 2026, 18:47","13 Mar 2026, 19:39","Avoiding networks 🙏","Single Arm Triceps Pushdown (Cable)",,"No attachment",0,"normal",22.5,14,,,
"SHARM","13 Mar 2026, 18:47","13 Mar 2026, 19:39","Avoiding networks 🙏","Single Arm Triceps Pushdown (Cable)",,"No attachment",1,"normal",27.5,8,,,
"SHARM","13 Mar 2026, 18:47","13 Mar 2026, 19:39","Avoiding networks 🙏","Single Arm Triceps Pushdown (Cable)",,"No attachment",2,"normal",27.5,5,,,
"SHARM","13 Mar 2026, 18:47","13 Mar 2026, 19:39","Avoiding networks 🙏","Reverse Curl (Barbell)",,"",0,"warmup",45,5,,,
"SHARM","13 Mar 2026, 18:47","13 Mar 2026, 19:39","Avoiding networks 🙏","Reverse Curl (Barbell)",,"",1,"normal",60,16,,,
"SHARM","13 Mar 2026, 18:47","13 Mar 2026, 19:39","Avoiding networks 🙏","Reverse Curl (Barbell)",,"",2,"normal",65,14,,,
"SHARM","13 Mar 2026, 18:47","13 Mar 2026, 19:39","Avoiding networks 🙏","Reverse Curl (Barbell)",,"",3,"normal",70,9,,,
"SHARM","13 Mar 2026, 18:47","13 Mar 2026, 19:39","Avoiding networks 🙏","Pull Up",,"",0,"normal",,3,,,
"CHEST BACK","12 Mar 2026, 16:24","12 Mar 2026, 17:38","","Lat Pulldown (Cable)",,"",0,"warmup",140,5,,,
"CHEST BACK","12 Mar 2026, 16:24","12 Mar 2026, 17:38","","Lat Pulldown (Cable)",,"",1,"normal",165,12,,,
"CHEST BACK","12 Mar 2026, 16:24","12 Mar 2026, 17:38","","Lat Pulldown (Cable)",,"",2,"normal",165,8,,,
"CHEST BACK","12 Mar 2026, 16:24","12 Mar 2026, 17:38","","Lat Pulldown (Cable)",,"",3,"normal",165,8,,,
"CHEST BACK","12 Mar 2026, 16:24","12 Mar 2026, 17:38","","Chest Press (Machine)",,"",0,"warmup",85,5,,,
"CHEST BACK","12 Mar 2026, 16:24","12 Mar 2026, 17:38","","Chest Press (Machine)",,"",1,"normal",115,8,,,
"CHEST BACK","12 Mar 2026, 16:24","12 Mar 2026, 17:38","","Bench Press (Smith Machine)",,"",0,"warmup",130,5,,,
"CHEST BACK","12 Mar 2026, 16:24","12 Mar 2026, 17:38","","Bench Press (Smith Machine)",,"",1,"normal",160,7,,,
"CHEST BACK","12 Mar 2026, 16:24","12 Mar 2026, 17:38","","Bench Press (Smith Machine)",,"",2,"normal",160,8,,,
"CHEST BACK","12 Mar 2026, 16:24","12 Mar 2026, 17:38","","Iso-Lateral Row (Machine)",,"",0,"normal",304,11,,,
"CHEST BACK","12 Mar 2026, 16:24","12 Mar 2026, 17:38","","Iso-Lateral Row (Machine)",,"",1,"normal",314,9,,,
"CHEST BACK","12 Mar 2026, 16:24","12 Mar 2026, 17:38","","Iso-Lateral Row (Machine)",,"",2,"normal",314,8,,,
"CHEST BACK","12 Mar 2026, 16:24","12 Mar 2026, 17:38","","Incline Bench Press (Smith Machine)",,"",0,"warmup",110,5,,,
"CHEST BACK","12 Mar 2026, 16:24","12 Mar 2026, 17:38","","Incline Bench Press (Smith Machine)",,"",1,"normal",150,7,,,
"CHEST BACK","12 Mar 2026, 16:24","12 Mar 2026, 17:38","","Incline Bench Press (Smith Machine)",,"",2,"normal",150,6,,,
"CHEST BACK","12 Mar 2026, 16:24","12 Mar 2026, 17:38","","Incline Bench Press (Smith Machine)",,"",3,"normal",150,6,,,
"CHEST BACK","12 Mar 2026, 16:24","12 Mar 2026, 17:38","","Single Arm Cable Row",,"",0,"normal",62.5,14,,,
"CHEST BACK","12 Mar 2026, 16:24","12 Mar 2026, 17:38","","Single Arm Cable Row",,"",1,"normal",67.5,12,,,
"CHEST BACK","12 Mar 2026, 16:24","12 Mar 2026, 17:38","","Single Arm Cable Row",,"",2,"normal",67.5,12,,,
"CHEST BACK","12 Mar 2026, 16:24","12 Mar 2026, 17:38","","Cable Crunch",,"",0,"normal",97.5,15,,,
"CHEST BACK","12 Mar 2026, 16:24","12 Mar 2026, 17:38","","Cable Crunch",,"",1,"normal",97.5,15,,,
"CHEST BACK","12 Mar 2026, 16:24","12 Mar 2026, 17:38","","Cable Crunch",,"",2,"normal",97.5,12,,,
"LEG","10 Mar 2026, 15:43","10 Mar 2026, 16:43","","Leg Extension (Machine)",,"",0,"warmup",185,5,,,
"LEG","10 Mar 2026, 15:43","10 Mar 2026, 16:43","","Leg Extension (Machine)",,"",1,"normal",220,7,,,
"LEG","10 Mar 2026, 15:43","10 Mar 2026, 16:43","","Leg Extension (Machine)",,"",2,"normal",220,9,,,
"LEG","10 Mar 2026, 15:43","10 Mar 2026, 16:43","","Hack Squat (Machine)",,"",0,"normal",200,8,,,
"LEG","10 Mar 2026, 15:43","10 Mar 2026, 16:43","","Hack Squat (Machine)",,"",1,"normal",240,12,,,
"LEG","10 Mar 2026, 15:43","10 Mar 2026, 16:43","","Hack Squat (Machine)",,"",2,"normal",240,12,,,
"LEG","10 Mar 2026, 15:43","10 Mar 2026, 16:43","","Calf Extension (Machine)",,"",0,"normal",240,20,,,
"LEG","10 Mar 2026, 15:43","10 Mar 2026, 16:43","","Calf Extension (Machine)",,"",1,"normal",240,20,,,
"LEG","10 Mar 2026, 15:43","10 Mar 2026, 16:43","","Romanian Deadlift (Barbell)",,"",0,"normal",185,6,,,
"LEG","10 Mar 2026, 15:43","10 Mar 2026, 16:43","","Romanian Deadlift (Barbell)",,"",1,"normal",205,10,,,
"LEG","10 Mar 2026, 15:43","10 Mar 2026, 16:43","","Romanian Deadlift (Barbell)",,"",2,"normal",215,8,,,
"LEG","10 Mar 2026, 15:43","10 Mar 2026, 16:43","","Seated Leg Curl (Machine)",,"",0,"normal",180,8,,,
"LEG","10 Mar 2026, 15:43","10 Mar 2026, 16:43","","Seated Leg Curl (Machine)",,"",1,"normal",180,7,,,
"LEG","10 Mar 2026, 15:43","10 Mar 2026, 16:43","","Hip Abduction (Machine)",,"",0,"normal",135,10,,,
"LEG","10 Mar 2026, 15:43","10 Mar 2026, 16:43","","Hip Abduction (Machine)",,"",1,"normal",120,7,,,
"LEG","10 Mar 2026, 15:43","10 Mar 2026, 16:43","","Hip Adduction (Machine)",,"",0,"normal",60,12,,,
"LEG","10 Mar 2026, 15:43","10 Mar 2026, 16:43","","Hip Adduction (Machine)",,"",1,"normal",60,8,,,
"PULL","9 Mar 2026, 18:23","9 Mar 2026, 19:36","","Pull Up",,"",0,"normal",,10,,,
"PULL","9 Mar 2026, 18:23","9 Mar 2026, 19:36","","Pull Up",,"",1,"normal",,7,,,
"PULL","9 Mar 2026, 18:23","9 Mar 2026, 19:36","","Lat Pulldown (Cable)",,"",0,"normal",160,9,,,
"PULL","9 Mar 2026, 18:23","9 Mar 2026, 19:36","","Lat Pulldown (Cable)",,"",1,"normal",160,10,,,
"PULL","9 Mar 2026, 18:23","9 Mar 2026, 19:36","","Seated Row (Machine)",,"",0,"normal",170,7,,,
"PULL","9 Mar 2026, 18:23","9 Mar 2026, 19:36","","Single Arm Seated Row (Machine)",,"",0,"warmup",90,10,,,
"PULL","9 Mar 2026, 18:23","9 Mar 2026, 19:36","","Single Arm Seated Row (Machine)",,"",1,"normal",115,17,,,
"PULL","9 Mar 2026, 18:23","9 Mar 2026, 19:36","","Single Arm Seated Row (Machine)",,"",2,"normal",130,15,,,
"PULL","9 Mar 2026, 18:23","9 Mar 2026, 19:36","","Iso-Lateral Row (Machine)",,"",0,"warmup",204,8,,,
"PULL","9 Mar 2026, 18:23","9 Mar 2026, 19:36","","Iso-Lateral Row (Machine)",,"",1,"normal",294,9,,,
"PULL","9 Mar 2026, 18:23","9 Mar 2026, 19:36","","Iso-Lateral Row (Machine)",,"",2,"normal",294,11,,,
"PULL","9 Mar 2026, 18:23","9 Mar 2026, 19:36","","Iso-Lateral Row (Machine)",,"",3,"normal",304,9,,,
"PULL","9 Mar 2026, 18:23","9 Mar 2026, 19:36","","Preacher Curl (Machine)",,"",0,"normal",110,10,,,
"PULL","9 Mar 2026, 18:23","9 Mar 2026, 19:36","","Preacher Curl (Machine)",,"",1,"normal",110,9,,,
"PULL","9 Mar 2026, 18:23","9 Mar 2026, 19:36","","Preacher Curl (Machine)",,"",2,"normal",110,8,,,
"PULL","9 Mar 2026, 18:23","9 Mar 2026, 19:36","","Hammer Curl (Cable)",,"",0,"normal",67.5,9,,,
"PULL","9 Mar 2026, 18:23","9 Mar 2026, 19:36","","Hammer Curl (Cable)",,"",1,"normal",67.5,9,,,
"PULL","9 Mar 2026, 18:23","9 Mar 2026, 19:36","","Hammer Curl (Cable)",,"",2,"normal",67.5,10,,,
"PULL","9 Mar 2026, 18:23","9 Mar 2026, 19:36","","Cable Crunch",,"",0,"normal",97.5,16,,,
"PULL","9 Mar 2026, 18:23","9 Mar 2026, 19:36","","Cable Crunch",,"",1,"normal",97.5,13,,,
"PULL","9 Mar 2026, 18:23","9 Mar 2026, 19:36","","Cable Crunch",,"",2,"normal",97.5,10,,,
"Morning cardio","9 Mar 2026, 08:18","9 Mar 2026, 09:04","","Treadmill",,"",0,"normal",,,1.86,2708,
"PUSH","7 Mar 2026, 10:40","7 Mar 2026, 11:42","","Chest Fly (Machine)",,"",0,"warmup",155,6,,,
"PUSH","7 Mar 2026, 10:40","7 Mar 2026, 11:42","","Chest Fly (Machine)",,"",1,"normal",170,10,,,
"PUSH","7 Mar 2026, 10:40","7 Mar 2026, 11:42","","Chest Fly (Machine)",,"",2,"normal",175,8,,,
"PUSH","7 Mar 2026, 10:40","7 Mar 2026, 11:42","","Chest Fly (Machine)",,"",3,"normal",175,8,,,
"PUSH","7 Mar 2026, 10:40","7 Mar 2026, 11:42","","Incline Bench Press (Smith Machine)",,"",0,"warmup",130,5,,,
"PUSH","7 Mar 2026, 10:40","7 Mar 2026, 11:42","","Incline Bench Press (Smith Machine)",,"",1,"normal",160,6,,,
"PUSH","7 Mar 2026, 10:40","7 Mar 2026, 11:42","","Incline Bench Press (Smith Machine)",,"",2,"normal",150,7,,,
"PUSH","7 Mar 2026, 10:40","7 Mar 2026, 11:42","","Incline Bench Press (Smith Machine)",,"",3,"normal",150,5,,,
"PUSH","7 Mar 2026, 10:40","7 Mar 2026, 11:42","","Shoulder Press (Dumbbell)",,"",0,"normal",90,13,,,
"PUSH","7 Mar 2026, 10:40","7 Mar 2026, 11:42","","Shoulder Press (Dumbbell)",,"",1,"normal",100,9,,,
"PUSH","7 Mar 2026, 10:40","7 Mar 2026, 11:42","","Shoulder Press (Dumbbell)",,"",2,"normal",100,10,,,
"PUSH","7 Mar 2026, 10:40","7 Mar 2026, 11:42","","Overhead Triceps Extension (Cable)",,"",0,"normal",57.5,8,,,
"PUSH","7 Mar 2026, 10:40","7 Mar 2026, 11:42","","Overhead Triceps Extension (Cable)",,"",1,"normal",57.5,10,,,
"PUSH","7 Mar 2026, 10:40","7 Mar 2026, 11:42","","Overhead Triceps Extension (Cable)",,"",2,"normal",57.5,10,,,
"PUSH","7 Mar 2026, 10:40","7 Mar 2026, 11:42","","Hammer Curl (Cable)",,"",0,"normal",67.5,15,,,
"PUSH","7 Mar 2026, 10:40","7 Mar 2026, 11:42","","Hammer Curl (Cable)",,"",1,"normal",72.5,12,,,
"PUSH","7 Mar 2026, 10:40","7 Mar 2026, 11:42","","Hammer Curl (Cable)",,"",2,"normal",77.5,9,,,
"Cardio","6 Mar 2026, 17:09","6 Mar 2026, 17:54","","Treadmill",,"",0,"normal",,,1.87,2708,
"LEG SHARM","6 Mar 2026, 08:44","6 Mar 2026, 10:05","","Hack Squat (Machine)",,"",0,"warmup",110,5,,,
"LEG SHARM","6 Mar 2026, 08:44","6 Mar 2026, 10:05","","Hack Squat (Machine)",,"",1,"normal",200,12,,,
"LEG SHARM","6 Mar 2026, 08:44","6 Mar 2026, 10:05","","Hack Squat (Machine)",,"",2,"normal",220,12,,,
"LEG SHARM","6 Mar 2026, 08:44","6 Mar 2026, 10:05","","Hack Squat (Machine)",,"",3,"normal",220,12,,,
"LEG SHARM","6 Mar 2026, 08:44","6 Mar 2026, 10:05","","Romanian Deadlift (Barbell)",,"",0,"warmup",135,6,,,
"LEG SHARM","6 Mar 2026, 08:44","6 Mar 2026, 10:05","","Romanian Deadlift (Barbell)",,"",1,"normal",185,12,,,
"LEG SHARM","6 Mar 2026, 08:44","6 Mar 2026, 10:05","","Romanian Deadlift (Barbell)",,"",2,"normal",205,10,,,
"LEG SHARM","6 Mar 2026, 08:44","6 Mar 2026, 10:05","","Single Arm Lateral Raise (Cable)",,"",0,"normal",22.5,5,,,
"LEG SHARM","6 Mar 2026, 08:44","6 Mar 2026, 10:05","","Single Arm Lateral Raise (Cable)",,"",1,"normal",17.5,14,,,
"LEG SHARM","6 Mar 2026, 08:44","6 Mar 2026, 10:05","","Single Arm Lateral Raise (Cable)",,"",2,"normal",17.5,10,,,
"LEG SHARM","6 Mar 2026, 08:44","6 Mar 2026, 10:05","","Single Arm Triceps Pushdown (Cable)",,"",0,"normal",42.5,13,,,
"LEG SHARM","6 Mar 2026, 08:44","6 Mar 2026, 10:05","","Single Arm Triceps Pushdown (Cable)",,"",1,"normal",42.5,12,,,
"LEG SHARM","6 Mar 2026, 08:44","6 Mar 2026, 10:05","","Single Arm Triceps Pushdown (Cable)",,"",2,"normal",42.5,11,,,
"LEG SHARM","6 Mar 2026, 08:44","6 Mar 2026, 10:05","","Bicep Curl (Cable)",,"",0,"normal",57.5,6,,,
"LEG SHARM","6 Mar 2026, 08:44","6 Mar 2026, 10:05","","Preacher Curl (Machine)",,"",0,"normal",110,11,,,
"LEG SHARM","6 Mar 2026, 08:44","6 Mar 2026, 10:05","","Preacher Curl (Machine)",,"",1,"normal",110,9,,,
"LEG SHARM","6 Mar 2026, 08:44","6 Mar 2026, 10:05","","Preacher Curl (Machine)",,"",2,"normal",110,9,,,
"LEG SHARM","6 Mar 2026, 08:44","6 Mar 2026, 10:05","","Cable Crunch",,"",0,"normal",97.5,15,,,
"LEG SHARM","6 Mar 2026, 08:44","6 Mar 2026, 10:05","","Cable Crunch",,"",1,"normal",97.5,15,,,
"LEG SHARM","6 Mar 2026, 08:44","6 Mar 2026, 10:05","","Cable Crunch",,"",2,"normal",97.5,13,,,
"Cardio","5 Mar 2026, 17:26","5 Mar 2026, 18:11","","Treadmill",,"",0,"normal",,,1.86,2704,
"CHEST BACK","4 Mar 2026, 16:33","4 Mar 2026, 17:53","","Chest Fly (Machine)",,"",0,"warmup",130,7,,,
"CHEST BACK","4 Mar 2026, 16:33","4 Mar 2026, 17:53","","Chest Fly (Machine)",,"",1,"normal",155,11,,,
"CHEST BACK","4 Mar 2026, 16:33","4 Mar 2026, 17:53","","Chest Fly (Machine)",,"",2,"normal",165,9,,,
"CHEST BACK","4 Mar 2026, 16:33","4 Mar 2026, 17:53","","Chest Fly (Machine)",,"",3,"normal",170,7,,,
"CHEST BACK","4 Mar 2026, 16:33","4 Mar 2026, 17:53","","Lat Pulldown (Cable)",,"",0,"warmup",85,5,,,
"CHEST BACK","4 Mar 2026, 16:33","4 Mar 2026, 17:53","","Lat Pulldown (Cable)",,"",1,"warmup",140,5,,,
"CHEST BACK","4 Mar 2026, 16:33","4 Mar 2026, 17:53","","Lat Pulldown (Cable)",,"",2,"normal",170,8,,,
"CHEST BACK","4 Mar 2026, 16:33","4 Mar 2026, 17:53","","Lat Pulldown (Cable)",,"",3,"normal",170,9,,,
"CHEST BACK","4 Mar 2026, 16:33","4 Mar 2026, 17:53","","Lat Pulldown (Cable)",,"",4,"normal",170,8,,,
"CHEST BACK","4 Mar 2026, 16:33","4 Mar 2026, 17:53","","Incline Bench Press (Smith Machine)",,"",0,"warmup",110,5,,,
"CHEST BACK","4 Mar 2026, 16:33","4 Mar 2026, 17:53","","Incline Bench Press (Smith Machine)",,"",1,"normal",150,9,,,
"CHEST BACK","4 Mar 2026, 16:33","4 Mar 2026, 17:53","","Incline Bench Press (Smith Machine)",,"",2,"normal",150,8,,,
"CHEST BACK","4 Mar 2026, 16:33","4 Mar 2026, 17:53","","Incline Bench Press (Smith Machine)",,"",3,"normal",150,7,,,
"CHEST BACK","4 Mar 2026, 16:33","4 Mar 2026, 17:53","","Iso-Lateral Row (Machine)",,"",0,"normal",294,12,,,
"CHEST BACK","4 Mar 2026, 16:33","4 Mar 2026, 17:53","","Iso-Lateral Row (Machine)",,"",1,"normal",304,9,,,
"CHEST BACK","4 Mar 2026, 16:33","4 Mar 2026, 17:53","","Iso-Lateral Row (Machine)",,"",2,"normal",304,9,,,
"CHEST BACK","4 Mar 2026, 16:33","4 Mar 2026, 17:53","","Decline Bench Press (Machine)",,"",0,"normal",152,10,,,
"CHEST BACK","4 Mar 2026, 16:33","4 Mar 2026, 17:53","","Decline Bench Press (Machine)",,"",1,"normal",152,10,,,
"CHEST BACK","4 Mar 2026, 16:33","4 Mar 2026, 17:53","","Single Arm Cable Row",,"",0,"normal",57.5,11,,,
"CHEST BACK","4 Mar 2026, 16:33","4 Mar 2026, 17:53","","Single Arm Cable Row",,"",1,"normal",57.5,12,,,
"CHEST BACK","4 Mar 2026, 16:33","4 Mar 2026, 17:53","","Single Arm Cable Row",,"",2,"normal",62.51,12,,,
"CHEST BACK","4 Mar 2026, 16:33","4 Mar 2026, 17:53","","Cable Crunch",,"",0,"normal",97.5,13,,,
"CHEST BACK","4 Mar 2026, 16:33","4 Mar 2026, 17:53","","Cable Crunch",,"",1,"normal",97.5,12,,,
"CHEST BACK","4 Mar 2026, 16:33","4 Mar 2026, 17:53","","Cable Crunch",,"",2,"normal",97.5,9,,,
"CHEST BACK","4 Mar 2026, 16:33","4 Mar 2026, 17:53","","Cable Crunch",,"",3,"normal",92.5,9,,,
"Morning cardio","4 Mar 2026, 08:25","4 Mar 2026, 09:11","","Treadmill",,"",0,"normal",,,1.68,2706,
"LEG","3 Mar 2026, 17:45","3 Mar 2026, 19:19","Cooked adductors","Leg Extension (Machine)",,"",0,"warmup",175,5,,,
"LEG","3 Mar 2026, 17:45","3 Mar 2026, 19:19","Cooked adductors","Leg Extension (Machine)",,"",1,"normal",220,8,,,
"LEG","3 Mar 2026, 17:45","3 Mar 2026, 19:19","Cooked adductors","Leg Extension (Machine)",,"",2,"normal",220,7,,,
"LEG","3 Mar 2026, 17:45","3 Mar 2026, 19:19","Cooked adductors","Leg Extension (Machine)",,"",3,"normal",220,8,,,
"LEG","3 Mar 2026, 17:45","3 Mar 2026, 19:19","Cooked adductors","Pendulum Squat (Machine)",,"",0,"warmup",110,8,,,
"LEG","3 Mar 2026, 17:45","3 Mar 2026, 19:19","Cooked adductors","Pendulum Squat (Machine)",,"",1,"normal",190,12,,,
"LEG","3 Mar 2026, 17:45","3 Mar 2026, 19:19","Cooked adductors","Pendulum Squat (Machine)",,"",2,"normal",210,12,,,
"LEG","3 Mar 2026, 17:45","3 Mar 2026, 19:19","Cooked adductors","Pendulum Squat (Machine)",,"",3,"normal",210,12,,,
"LEG","3 Mar 2026, 17:45","3 Mar 2026, 19:19","Cooked adductors","Romanian Deadlift (Barbell)",,"",0,"warmup",135,6,,,
"LEG","3 Mar 2026, 17:45","3 Mar 2026, 19:19","Cooked adductors","Romanian Deadlift (Barbell)",,"",1,"normal",185,12,,,
"LEG","3 Mar 2026, 17:45","3 Mar 2026, 19:19","Cooked adductors","Romanian Deadlift (Barbell)",,"",2,"normal",185,10,,,
"LEG","3 Mar 2026, 17:45","3 Mar 2026, 19:19","Cooked adductors","Romanian Deadlift (Barbell)",,"",3,"normal",205,10,,,
"LEG","3 Mar 2026, 17:45","3 Mar 2026, 19:19","Cooked adductors","Seated Leg Curl (Machine)",,"",0,"warmup",160,5,,,
"LEG","3 Mar 2026, 17:45","3 Mar 2026, 19:19","Cooked adductors","Seated Leg Curl (Machine)",,"",1,"normal",200,5,,,
"LEG","3 Mar 2026, 17:45","3 Mar 2026, 19:19","Cooked adductors","Seated Leg Curl (Machine)",,"",2,"normal",185,8,,,
"LEG","3 Mar 2026, 17:45","3 Mar 2026, 19:19","Cooked adductors","Standing Calf Raise (Machine)",,"",0,"normal",150,12,,,
"LEG","3 Mar 2026, 17:45","3 Mar 2026, 19:19","Cooked adductors","Calf Press (Machine)",,"",0,"normal",190,17,,,
"LEG","3 Mar 2026, 17:45","3 Mar 2026, 19:19","Cooked adductors","Calf Press (Machine)",,"",1,"normal",250,17,,,
"LEG","3 Mar 2026, 17:45","3 Mar 2026, 19:19","Cooked adductors","Calf Press (Machine)",,"",2,"normal",280,18,,,
"LEG","3 Mar 2026, 17:45","3 Mar 2026, 19:19","Cooked adductors","Calf Press (Machine)",,"",3,"normal",310,20,,,
"LEG","3 Mar 2026, 17:45","3 Mar 2026, 19:19","Cooked adductors","Hip Adduction (Machine)",,"",0,"normal",60,10,,,
"LEG","3 Mar 2026, 17:45","3 Mar 2026, 19:19","Cooked adductors","Hip Adduction (Machine)",,"",1,"normal",60,8,,,
"LEG","3 Mar 2026, 17:45","3 Mar 2026, 19:19","Cooked adductors","Hip Adduction (Machine)",,"",2,"normal",60,5,,,
"PULL","2 Mar 2026, 16:58","2 Mar 2026, 18:00","Croc buff","Pull Up",,"",0,"normal",,10,,,
"PULL","2 Mar 2026, 16:58","2 Mar 2026, 18:00","Croc buff","Pull Up",,"",1,"normal",,7,,,
"PULL","2 Mar 2026, 16:58","2 Mar 2026, 18:00","Croc buff","Pull Up",,"",2,"normal",,7,,,
"PULL","2 Mar 2026, 16:58","2 Mar 2026, 18:00","Croc buff","Seated Row (Machine)",,"Seat height 1/2",0,"warmup",145,5,,,
"PULL","2 Mar 2026, 16:58","2 Mar 2026, 18:00","Croc buff","Seated Row (Machine)",,"Seat height 1/2",1,"normal",155,13,,,
"PULL","2 Mar 2026, 16:58","2 Mar 2026, 18:00","Croc buff","Seated Row (Machine)",,"Seat height 1/2",2,"normal",165,10,,,
"PULL","2 Mar 2026, 16:58","2 Mar 2026, 18:00","Croc buff","Seated Row (Machine)",,"Seat height 1/2",3,"normal",170,9,,,
"PULL","2 Mar 2026, 16:58","2 Mar 2026, 18:00","Croc buff","Iso-Lateral Row (Machine)",,"Seat height 6",0,"warmup",114,5,,,
"PULL","2 Mar 2026, 16:58","2 Mar 2026, 18:00","Croc buff","Iso-Lateral Row (Machine)",,"Seat height 6",1,"warmup",164,5,,,
"PULL","2 Mar 2026, 16:58","2 Mar 2026, 18:00","Croc buff","Iso-Lateral Row (Machine)",,"Seat height 6",2,"warmup",204,8,,,
"PULL","2 Mar 2026, 16:58","2 Mar 2026, 18:00","Croc buff","Iso-Lateral Row (Machine)",,"Seat height 6",3,"normal",254,13,,,
"PULL","2 Mar 2026, 16:58","2 Mar 2026, 18:00","Croc buff","Iso-Lateral Row (Machine)",,"Seat height 6",4,"normal",274,12,,,
"PULL","2 Mar 2026, 16:58","2 Mar 2026, 18:00","Croc buff","Iso-Lateral Row (Machine)",,"Seat height 6",5,"normal",294,9,,,
"PULL","2 Mar 2026, 16:58","2 Mar 2026, 18:00","Croc buff","Preacher Curl (Machine)",,"",0,"normal",102.5,12,,,
"PULL","2 Mar 2026, 16:58","2 Mar 2026, 18:00","Croc buff","Preacher Curl (Machine)",,"",1,"normal",110,9,,,
"PULL","2 Mar 2026, 16:58","2 Mar 2026, 18:00","Croc buff","Preacher Curl (Machine)",,"",2,"normal",110,8,,,
"PULL","2 Mar 2026, 16:58","2 Mar 2026, 18:00","Croc buff","Preacher Curl (Machine)",,"",3,"normal",110,7,,,
"PULL","2 Mar 2026, 16:58","2 Mar 2026, 18:00","Croc buff","Hammer Curl (Cable)",,"",0,"normal",62.5,10,,,
"PULL","2 Mar 2026, 16:58","2 Mar 2026, 18:00","Croc buff","Hammer Curl (Cable)",,"",1,"normal",67.5,9,,,
"PULL","2 Mar 2026, 16:58","2 Mar 2026, 18:00","Croc buff","Hammer Curl (Cable)",,"",2,"normal",67.5,10,,,
"PULL","2 Mar 2026, 16:58","2 Mar 2026, 18:00","Croc buff","Cable Crunch",,"",0,"normal",97.5,14,,,
"PULL","2 Mar 2026, 16:58","2 Mar 2026, 18:00","Croc buff","Cable Crunch",,"",1,"normal",97.5,12,,,
"PULL","2 Mar 2026, 16:58","2 Mar 2026, 18:00","Croc buff","Cable Crunch",,"",2,"normal",97.5,11,,,
"PULL","2 Mar 2026, 16:58","2 Mar 2026, 18:00","Croc buff","Pull Up",,"",0,"normal",,5,,,
"PUSH","28 Feb 2026, 14:04","28 Feb 2026, 15:16","Post midterm lift","Chest Fly (Machine)",,"",0,"warmup",145,6,,,
"PUSH","28 Feb 2026, 14:04","28 Feb 2026, 15:16","Post midterm lift","Chest Fly (Machine)",,"",1,"normal",160,12,,,
"PUSH","28 Feb 2026, 14:04","28 Feb 2026, 15:16","Post midterm lift","Chest Fly (Machine)",,"",2,"normal",170,7,,,
"PUSH","28 Feb 2026, 14:04","28 Feb 2026, 15:16","Post midterm lift","Chest Fly (Machine)",,"",3,"normal",170,6,,,
"PUSH","28 Feb 2026, 14:04","28 Feb 2026, 15:16","Post midterm lift","Incline Bench Press (Smith Machine)",,"",0,"warmup",110,5,,,
"PUSH","28 Feb 2026, 14:04","28 Feb 2026, 15:16","Post midterm lift","Incline Bench Press (Smith Machine)",,"",1,"normal",160,4,,,
"PUSH","28 Feb 2026, 14:04","28 Feb 2026, 15:16","Post midterm lift","Incline Bench Press (Smith Machine)",,"",2,"normal",150,6,,,
"PUSH","28 Feb 2026, 14:04","28 Feb 2026, 15:16","Post midterm lift","Incline Bench Press (Smith Machine)",,"",3,"normal",150,4,,,
"PUSH","28 Feb 2026, 14:04","28 Feb 2026, 15:16","Post midterm lift","Incline Bench Press (Smith Machine)",,"",4,"normal",130,8,,,
"PUSH","28 Feb 2026, 14:04","28 Feb 2026, 15:16","Post midterm lift","Seated Shoulder Press (Machine)",,"",0,"normal",70,10,,,
"PUSH","28 Feb 2026, 14:04","28 Feb 2026, 15:16","Post midterm lift","Seated Shoulder Press (Machine)",,"",1,"normal",75,9,,,
"PUSH","28 Feb 2026, 14:04","28 Feb 2026, 15:16","Post midterm lift","Seated Shoulder Press (Machine)",,"",2,"normal",75,10,,,
"PUSH","28 Feb 2026, 14:04","28 Feb 2026, 15:16","Post midterm lift","Single Arm Lateral Raise (Cable)",,"",0,"normal",22.5,12,,,
"PUSH","28 Feb 2026, 14:04","28 Feb 2026, 15:16","Post midterm lift","Single Arm Lateral Raise (Cable)",,"",1,"normal",22.5,11,,,
"PUSH","28 Feb 2026, 14:04","28 Feb 2026, 15:16","Post midterm lift","Single Arm Lateral Raise (Cable)",,"",2,"normal",22.5,12,,,
"PUSH","28 Feb 2026, 14:04","28 Feb 2026, 15:16","Post midterm lift","Single Arm Triceps Pushdown (Cable)",,"",0,"normal",37.5,14,,,
"PUSH","28 Feb 2026, 14:04","28 Feb 2026, 15:16","Post midterm lift","Single Arm Triceps Pushdown (Cable)",,"",1,"normal",42.5,10,,,
"PUSH","28 Feb 2026, 14:04","28 Feb 2026, 15:16","Post midterm lift","Single Arm Triceps Pushdown (Cable)",,"",2,"normal",42.5,9,,,
"PUSH","28 Feb 2026, 14:04","28 Feb 2026, 15:16","Post midterm lift","Overhead Triceps Extension (Cable)",,"",0,"normal",62.5,7,,,
"PUSH","28 Feb 2026, 14:04","28 Feb 2026, 15:16","Post midterm lift","Overhead Triceps Extension (Cable)",,"",1,"normal",57.5,9,,,
"PUSH","28 Feb 2026, 14:04","28 Feb 2026, 15:16","Post midterm lift","Overhead Triceps Extension (Cable)",,"",2,"normal",57.5,9,,,
"PUSH","28 Feb 2026, 14:04","28 Feb 2026, 15:16","Post midterm lift","Cable Crunch",,"",0,"normal",92.5,20,,,
"PUSH","28 Feb 2026, 14:04","28 Feb 2026, 15:16","Post midterm lift","Cable Crunch",,"",1,"normal",97.5,15,,,
"PUSH","28 Feb 2026, 14:04","28 Feb 2026, 15:16","Post midterm lift","Cable Crunch",,"",2,"normal",97.5,12,,,
"Leg arm","26 Feb 2026, 16:52","26 Feb 2026, 18:12","Last lift at this gym ✊","Seated Leg Curl (Machine)",,"",0,"warmup",180,5,,,
"Leg arm","26 Feb 2026, 16:52","26 Feb 2026, 18:12","Last lift at this gym ✊","Seated Leg Curl (Machine)",,"",1,"normal",200,11,,,
"Leg arm","26 Feb 2026, 16:52","26 Feb 2026, 18:12","Last lift at this gym ✊","Seated Leg Curl (Machine)",,"",2,"normal",205,8,,,
"Leg arm","26 Feb 2026, 16:52","26 Feb 2026, 18:12","Last lift at this gym ✊","Seated Leg Curl (Machine)",,"",3,"normal",205,8,,,
"Leg arm","26 Feb 2026, 16:52","26 Feb 2026, 18:12","Last lift at this gym ✊","Leg Extension (Machine)",,"",0,"warmup",185,5,,,
"Leg arm","26 Feb 2026, 16:52","26 Feb 2026, 18:12","Last lift at this gym ✊","Leg Extension (Machine)",,"",1,"normal",225,9,,,
"Leg arm","26 Feb 2026, 16:52","26 Feb 2026, 18:12","Last lift at this gym ✊","Leg Extension (Machine)",,"",2,"normal",225,9,,,
"Leg arm","26 Feb 2026, 16:52","26 Feb 2026, 18:12","Last lift at this gym ✊","Leg Extension (Machine)",,"",3,"normal",230,8,,,
"Leg arm","26 Feb 2026, 16:52","26 Feb 2026, 18:12","Last lift at this gym ✊","Calf Press (Machine)",,"",0,"normal",380,15,,,
"Leg arm","26 Feb 2026, 16:52","26 Feb 2026, 18:12","Last lift at this gym ✊","Calf Press (Machine)",,"",1,"normal",380,15,,,
"Leg arm","26 Feb 2026, 16:52","26 Feb 2026, 18:12","Last lift at this gym ✊","Calf Press (Machine)",,"",2,"normal",380,15,,,
"Leg arm","26 Feb 2026, 16:52","26 Feb 2026, 18:12","Last lift at this gym ✊","Romanian Deadlift (Barbell)",,"",0,"warmup",135,5,,,
"Leg arm","26 Feb 2026, 16:52","26 Feb 2026, 18:12","Last lift at this gym ✊","Romanian Deadlift (Barbell)",,"",1,"normal",185,12,,,
"Leg arm","26 Feb 2026, 16:52","26 Feb 2026, 18:12","Last lift at this gym ✊","Romanian Deadlift (Barbell)",,"",2,"normal",205,8,,,
"Leg arm","26 Feb 2026, 16:52","26 Feb 2026, 18:12","Last lift at this gym ✊","Romanian Deadlift (Barbell)",,"",3,"normal",205,10,,,
"Leg arm","26 Feb 2026, 16:52","26 Feb 2026, 18:12","Last lift at this gym ✊","Seated Incline Curl (Dumbbell)",,"",0,"normal",50,14,,,
"Leg arm","26 Feb 2026, 16:52","26 Feb 2026, 18:12","Last lift at this gym ✊","Seated Incline Curl (Dumbbell)",,"",1,"normal",50,11,,,
"Leg arm","26 Feb 2026, 16:52","26 Feb 2026, 18:12","Last lift at this gym ✊","Seated Incline Curl (Dumbbell)",,"",2,"normal",50,11,,,
"Leg arm","26 Feb 2026, 16:52","26 Feb 2026, 18:12","Last lift at this gym ✊","Single Arm Triceps Pushdown (Cable)",,"",0,"normal",80,13,,,
"Leg arm","26 Feb 2026, 16:52","26 Feb 2026, 18:12","Last lift at this gym ✊","Single Arm Triceps Pushdown (Cable)",,"",1,"normal",80,11,,,
"Leg arm","26 Feb 2026, 16:52","26 Feb 2026, 18:12","Last lift at this gym ✊","Single Arm Triceps Pushdown (Cable)",,"",2,"normal",80,8,,,
"Leg arm","26 Feb 2026, 16:52","26 Feb 2026, 18:12","Last lift at this gym ✊","Pull Up",,"",0,"normal",,7,,,
"CHEST BACK","25 Feb 2026, 16:52","25 Feb 2026, 18:14","","Chest Press (Machine)",,"",0,"warmup",180,5,,,
"CHEST BACK","25 Feb 2026, 16:52","25 Feb 2026, 18:14","","Chest Press (Machine)",,"",1,"normal",195,8,,,
"CHEST BACK","25 Feb 2026, 16:52","25 Feb 2026, 18:14","","Chest Press (Machine)",,"",2,"normal",195,6,,,
"CHEST BACK","25 Feb 2026, 16:52","25 Feb 2026, 18:14","","Chest Press (Machine)",,"",3,"normal",195,6,,,
"CHEST BACK","25 Feb 2026, 16:52","25 Feb 2026, 18:14","","Pull Up",,"",0,"normal",,8,,,
"CHEST BACK","25 Feb 2026, 16:52","25 Feb 2026, 18:14","","Lat Pulldown (Cable)",,"",0,"normal",170,8,,,
"CHEST BACK","25 Feb 2026, 16:52","25 Feb 2026, 18:14","","Lat Pulldown (Cable)",,"",1,"normal",170,9,,,
"CHEST BACK","25 Feb 2026, 16:52","25 Feb 2026, 18:14","","Incline Chest Press (Machine)",,"",0,"normal",204,8,,,
"CHEST BACK","25 Feb 2026, 16:52","25 Feb 2026, 18:14","","Incline Chest Press (Machine)",,"",1,"normal",204,6,,,
"CHEST BACK","25 Feb 2026, 16:52","25 Feb 2026, 18:14","","Incline Chest Press (Machine)",,"",2,"normal",164,12,,,
"CHEST BACK","25 Feb 2026, 16:52","25 Feb 2026, 18:14","","Seated Cable Row - V Grip (Cable)",,"",0,"normal",150,14,,,
"CHEST BACK","25 Feb 2026, 16:52","25 Feb 2026, 18:14","","Seated Cable Row - V Grip (Cable)",,"",1,"normal",160,8,,,
"CHEST BACK","25 Feb 2026, 16:52","25 Feb 2026, 18:14","","Seated Cable Row - V Grip (Cable)",,"",2,"normal",160,9,,,
"CHEST BACK","25 Feb 2026, 16:52","25 Feb 2026, 18:14","","Chest Fly (Machine)",,"",0,"normal",155,10,,,
"CHEST BACK","25 Feb 2026, 16:52","25 Feb 2026, 18:14","","Chest Fly (Machine)",,"",1,"normal",155,6,,,
"CHEST BACK","25 Feb 2026, 16:52","25 Feb 2026, 18:14","","Seated Cable Row - Bar Grip",,"",0,"normal",160,11,,,
"CHEST BACK","25 Feb 2026, 16:52","25 Feb 2026, 18:14","","Seated Cable Row - Bar Grip",,"",1,"normal",160,11,,,
"CHEST BACK","25 Feb 2026, 16:52","25 Feb 2026, 18:14","","Seated Cable Row - Bar Grip",,"",2,"normal",160,10,,,
"CHEST BACK","25 Feb 2026, 16:52","25 Feb 2026, 18:14","","Cable Crunch",,"",0,"normal",190,15,,,
"CHEST BACK","25 Feb 2026, 16:52","25 Feb 2026, 18:14","","Cable Crunch",,"",1,"normal",190,15,,,
"CHEST BACK","25 Feb 2026, 16:52","25 Feb 2026, 18:14","","Cable Crunch",,"",2,"normal",190,15,,,
"CHEST BACK","25 Feb 2026, 16:52","25 Feb 2026, 18:14","","Decline Crunch",,"",0,"normal",,5,,,
"PULL","23 Feb 2026, 16:48","23 Feb 2026, 18:04","","Pull Up",,"",0,"warmup",,3,,,
"PULL","23 Feb 2026, 16:48","23 Feb 2026, 18:04","","Pull Up",,"",1,"normal",,9,,,
"PULL","23 Feb 2026, 16:48","23 Feb 2026, 18:04","","Pull Up",,"",2,"normal",,7,,,
"PULL","23 Feb 2026, 16:48","23 Feb 2026, 18:04","","Pull Up",,"",3,"normal",,7,,,
"PULL","23 Feb 2026, 16:48","23 Feb 2026, 18:04","","Single Arm Cable Row",,"",0,"normal",120,13,,,
"PULL","23 Feb 2026, 16:48","23 Feb 2026, 18:04","","Single Arm Cable Row",,"",1,"normal",130,12,,,
"PULL","23 Feb 2026, 16:48","23 Feb 2026, 18:04","","Single Arm Cable Row",,"",2,"normal",140,7,,,
"PULL","23 Feb 2026, 16:48","23 Feb 2026, 18:04","","Seated Cable Row - Bar Grip",,"",0,"warmup",140,4,,,
"PULL","23 Feb 2026, 16:48","23 Feb 2026, 18:04","","Seated Cable Row - Bar Grip",,"",1,"normal",150,12,,,
"PULL","23 Feb 2026, 16:48","23 Feb 2026, 18:04","","Seated Cable Row - Bar Grip",,"",2,"normal",155,14,,,
"PULL","23 Feb 2026, 16:48","23 Feb 2026, 18:04","","Seated Cable Row - Bar Grip",,"",3,"normal",170,10,,,
"PULL","23 Feb 2026, 16:48","23 Feb 2026, 18:04","","Reverse Fly Single Arm (Cable)",,"",0,"normal",30,14,,,
"PULL","23 Feb 2026, 16:48","23 Feb 2026, 18:04","","Reverse Fly Single Arm (Cable)",,"",1,"normal",35,12,,,
"PULL","23 Feb 2026, 16:48","23 Feb 2026, 18:04","","Reverse Fly Single Arm (Cable)",,"",2,"normal",35,11,,,
"PULL","23 Feb 2026, 16:48","23 Feb 2026, 18:04","","Seated Incline Curl (Dumbbell)",,"",0,"normal",50,13,,,
"PULL","23 Feb 2026, 16:48","23 Feb 2026, 18:04","","Seated Incline Curl (Dumbbell)",,"",1,"normal",50,11,,,
"PULL","23 Feb 2026, 16:48","23 Feb 2026, 18:04","","Seated Incline Curl (Dumbbell)",,"",2,"normal",50,9,,,
"PULL","23 Feb 2026, 16:48","23 Feb 2026, 18:04","","Reverse Curl (Barbell)",,"",0,"normal",60,12,,,
"PULL","23 Feb 2026, 16:48","23 Feb 2026, 18:04","","Reverse Curl (Barbell)",,"",1,"normal",60,12,,,
"PULL","23 Feb 2026, 16:48","23 Feb 2026, 18:04","","Reverse Curl (Barbell)",,"",2,"normal",60,13,,,
"PUSH","22 Feb 2026, 14:01","22 Feb 2026, 15:26","","Chest Press (Machine)",,"",0,"warmup",170,5,,,
"PUSH","22 Feb 2026, 14:01","22 Feb 2026, 15:26","","Chest Press (Machine)",,"",1,"warmup",185,3,,,
"PUSH","22 Feb 2026, 14:01","22 Feb 2026, 15:26","","Chest Press (Machine)",,"",2,"normal",190,10,,,
"PUSH","22 Feb 2026, 14:01","22 Feb 2026, 15:26","","Chest Press (Machine)",,"",3,"normal",195,7,,,
"PUSH","22 Feb 2026, 14:01","22 Feb 2026, 15:26","","Chest Press (Machine)",,"",4,"normal",195,7,,,
"PUSH","22 Feb 2026, 14:01","22 Feb 2026, 15:26","","Incline Chest Press (Machine)",,"",0,"warmup",114,6,,,
"PUSH","22 Feb 2026, 14:01","22 Feb 2026, 15:26","","Incline Chest Press (Machine)",,"",1,"normal",204,8,,,
"PUSH","22 Feb 2026, 14:01","22 Feb 2026, 15:26","","Incline Chest Press (Machine)",,"",2,"normal",204,8,,,
"PUSH","22 Feb 2026, 14:01","22 Feb 2026, 15:26","","Incline Chest Press (Machine)",,"",3,"normal",204,7,,,
"PUSH","22 Feb 2026, 14:01","22 Feb 2026, 15:26","","Shoulder Press (Dumbbell)",,"",0,"normal",110,7,,,
"PUSH","22 Feb 2026, 14:01","22 Feb 2026, 15:26","","Shoulder Press (Dumbbell)",,"",1,"normal",110,4,,,
"PUSH","22 Feb 2026, 14:01","22 Feb 2026, 15:26","","Shoulder Press (Dumbbell)",,"",2,"normal",90,10,,,
"PUSH","22 Feb 2026, 14:01","22 Feb 2026, 15:26","","Single Arm Lateral Raise (Cable)",,"",0,"normal",35,14,,,
"PUSH","22 Feb 2026, 14:01","22 Feb 2026, 15:26","","Single Arm Lateral Raise (Cable)",,"",1,"normal",35,13,,,
"PUSH","22 Feb 2026, 14:01","22 Feb 2026, 15:26","","Single Arm Lateral Raise (Cable)",,"",2,"normal",35,12,,,
"PUSH","22 Feb 2026, 14:01","22 Feb 2026, 15:26","","Single Arm Triceps Pushdown (Cable)",,"",0,"normal",60,15,,,
"PUSH","22 Feb 2026, 14:01","22 Feb 2026, 15:26","","Single Arm Triceps Pushdown (Cable)",,"",1,"normal",70,11,,,
"PUSH","22 Feb 2026, 14:01","22 Feb 2026, 15:26","","Single Arm Triceps Pushdown (Cable)",,"",2,"normal",70,12,,,
"PUSH","22 Feb 2026, 14:01","22 Feb 2026, 15:26","","Cable Crunch",,"",0,"normal",190,15,,,
"PUSH","22 Feb 2026, 14:01","22 Feb 2026, 15:26","","Cable Crunch",,"",1,"normal",190,13,,,
"PUSH","22 Feb 2026, 14:01","22 Feb 2026, 15:26","","Cable Crunch",,"",2,"normal",190,10,,,
"PUSH","22 Feb 2026, 14:01","22 Feb 2026, 15:26","","Rowing Machine",,"",0,"normal",,,1.94,610,
"LEG SHARM","21 Feb 2026, 09:23","21 Feb 2026, 10:26","I threw up all my noodles btw","Hack Squat (Machine)",,"",0,"warmup",110,5,,,
"LEG SHARM","21 Feb 2026, 09:23","21 Feb 2026, 10:26","I threw up all my noodles btw","Hack Squat (Machine)",,"",1,"normal",200,10,,,
"LEG SHARM","21 Feb 2026, 09:23","21 Feb 2026, 10:26","I threw up all my noodles btw","Hack Squat (Machine)",,"",2,"normal",200,10,,,
"LEG SHARM","21 Feb 2026, 09:23","21 Feb 2026, 10:26","I threw up all my noodles btw","Hack Squat (Machine)",,"",3,"normal",200,12,,,
"LEG SHARM","21 Feb 2026, 09:23","21 Feb 2026, 10:26","I threw up all my noodles btw","Romanian Deadlift (Barbell)",,"",0,"warmup",135,5,,,
"LEG SHARM","21 Feb 2026, 09:23","21 Feb 2026, 10:26","I threw up all my noodles btw","Romanian Deadlift (Barbell)",,"",1,"normal",185,10,,,
"LEG SHARM","21 Feb 2026, 09:23","21 Feb 2026, 10:26","I threw up all my noodles btw","Romanian Deadlift (Barbell)",,"",2,"normal",205,8,,,
"LEG SHARM","21 Feb 2026, 09:23","21 Feb 2026, 10:26","I threw up all my noodles btw","Romanian Deadlift (Barbell)",,"",3,"normal",205,9,,,
"LEG SHARM","21 Feb 2026, 09:23","21 Feb 2026, 10:26","I threw up all my noodles btw","Overhead Triceps Extension (Cable)",,"",0,"normal",57.5,12,,,
"LEG SHARM","21 Feb 2026, 09:23","21 Feb 2026, 10:26","I threw up all my noodles btw","Overhead Triceps Extension (Cable)",,"",1,"normal",62.5,10,,,
"LEG SHARM","21 Feb 2026, 09:23","21 Feb 2026, 10:26","I threw up all my noodles btw","Overhead Triceps Extension (Cable)",,"",2,"normal",62.5,9,,,
"LEG SHARM","21 Feb 2026, 09:23","21 Feb 2026, 10:26","I threw up all my noodles btw","Hammer Curl (Cable)",,"",0,"normal",67.5,12,,,
"LEG SHARM","21 Feb 2026, 09:23","21 Feb 2026, 10:26","I threw up all my noodles btw","Hammer Curl (Cable)",,"",1,"normal",72.5,13,,,
"LEG SHARM","21 Feb 2026, 09:23","21 Feb 2026, 10:26","I threw up all my noodles btw","Hammer Curl (Cable)",,"",2,"normal",77.5,11,,,
"LEG SHARM","21 Feb 2026, 09:23","21 Feb 2026, 10:26","I threw up all my noodles btw","Cable Crunch",,"",0,"normal",92.5,16,,,
"LEG SHARM","21 Feb 2026, 09:23","21 Feb 2026, 10:26","I threw up all my noodles btw","Cable Crunch",,"",1,"normal",97.5,14,,,
"LEG SHARM","21 Feb 2026, 09:23","21 Feb 2026, 10:26","I threw up all my noodles btw","Cable Crunch",,"",2,"normal",97.5,13,,,
"UPPER","19 Feb 2026, 17:15","19 Feb 2026, 18:34","","Chest Fly (Machine)",,"",0,"warmup",145,5,,,
"UPPER","19 Feb 2026, 17:15","19 Feb 2026, 18:34","","Chest Fly (Machine)",,"",1,"normal",155,11,,,
"UPPER","19 Feb 2026, 17:15","19 Feb 2026, 18:34","","Chest Fly (Machine)",,"",2,"normal",160,8,,,
"UPPER","19 Feb 2026, 17:15","19 Feb 2026, 18:34","","Chest Fly (Machine)",,"",3,"normal",160,7,,,
"UPPER","19 Feb 2026, 17:15","19 Feb 2026, 18:34","","Incline Bench Press (Smith Machine)",,"",0,"warmup",110,5,,,
"UPPER","19 Feb 2026, 17:15","19 Feb 2026, 18:34","","Incline Bench Press (Smith Machine)",,"",1,"normal",160,6,,,
"UPPER","19 Feb 2026, 17:15","19 Feb 2026, 18:34","","Incline Bench Press (Smith Machine)",,"",2,"normal",160,5,,,
"UPPER","19 Feb 2026, 17:15","19 Feb 2026, 18:34","","Incline Bench Press (Smith Machine)",,"",3,"normal",160,7,,,
"UPPER","19 Feb 2026, 17:15","19 Feb 2026, 18:34","","Seated Row (Machine)",,"",0,"warmup",100,5,,,
"UPPER","19 Feb 2026, 17:15","19 Feb 2026, 18:34","","Seated Row (Machine)",,"",1,"normal",145,11,,,
"UPPER","19 Feb 2026, 17:15","19 Feb 2026, 18:34","","Seated Row (Machine)",,"",2,"normal",155,10,,,
"UPPER","19 Feb 2026, 17:15","19 Feb 2026, 18:34","","Seated Row (Machine)",,"",3,"normal",155,10,,,
"UPPER","19 Feb 2026, 17:15","19 Feb 2026, 18:34","","Pull Up",,"",0,"normal",,8,,,
"UPPER","19 Feb 2026, 17:15","19 Feb 2026, 18:34","","Pull Up",,"",1,"normal",,6,,,
"UPPER","19 Feb 2026, 17:15","19 Feb 2026, 18:34","","Pull Up",,"",2,"normal",,6,,,
"UPPER","19 Feb 2026, 17:15","19 Feb 2026, 18:34","","Triceps Pushdown",,"",0,"normal",62.5,12,,,
"UPPER","19 Feb 2026, 17:15","19 Feb 2026, 18:34","","Triceps Pushdown",,"",1,"normal",67.5,9,,,
"UPPER","19 Feb 2026, 17:15","19 Feb 2026, 18:34","","Triceps Pushdown",,"",2,"normal",67.5,11,,,
"UPPER","19 Feb 2026, 17:15","19 Feb 2026, 18:34","","Single Arm Lateral Raise (Cable)",,"",0,"normal",17.5,16,,,
"UPPER","19 Feb 2026, 17:15","19 Feb 2026, 18:34","","Single Arm Lateral Raise (Cable)",,"",1,"normal",22.5,13,,,
"UPPER","19 Feb 2026, 17:15","19 Feb 2026, 18:34","","Single Arm Lateral Raise (Cable)",,"",2,"normal",22.5,12,,,
"UPPER","19 Feb 2026, 17:15","19 Feb 2026, 18:34","","Preacher Curl (Machine)",,"",0,"normal",102.5,12,,,
"UPPER","19 Feb 2026, 17:15","19 Feb 2026, 18:34","","Preacher Curl (Machine)",,"",1,"normal",110,9,,,
"UPPER","19 Feb 2026, 17:15","19 Feb 2026, 18:34","","Preacher Curl (Machine)",,"",2,"normal",110,9,,,
"UPPER","19 Feb 2026, 17:15","19 Feb 2026, 18:34","","Cable Crunch",,"",0,"normal",87.5,17,,,
"UPPER","19 Feb 2026, 17:15","19 Feb 2026, 18:34","","Cable Crunch",,"",1,"normal",92.5,15,,,
"UPPER","19 Feb 2026, 17:15","19 Feb 2026, 18:34","","Cable Crunch",,"",2,"normal",92.5,12,,,
"Light leg","18 Feb 2026, 17:42","18 Feb 2026, 18:20","Low energy day","Leg Extension (Machine)",,"",0,"warmup",185,5,,,
"Light leg","18 Feb 2026, 17:42","18 Feb 2026, 18:20","Low energy day","Leg Extension (Machine)",,"",1,"normal",225,8,,,
"Light leg","18 Feb 2026, 17:42","18 Feb 2026, 18:20","Low energy day","Leg Extension (Machine)",,"",2,"normal",225,7,,,
"Light leg","18 Feb 2026, 17:42","18 Feb 2026, 18:20","Low energy day","Leg Extension (Machine)",,"",3,"normal",225,10,,,
"Light leg","18 Feb 2026, 17:42","18 Feb 2026, 18:20","Low energy day","Leg Press Horizontal (Machine)",,"",0,"normal",240,8,,,
"Light leg","18 Feb 2026, 17:42","18 Feb 2026, 18:20","Low energy day","Leg Press Horizontal (Machine)",,"",1,"normal",270,5,,,
"Light leg","18 Feb 2026, 17:42","18 Feb 2026, 18:20","Low energy day","Leg Press Horizontal (Machine)",,"",2,"normal",210,12,,,
"Light leg","18 Feb 2026, 17:42","18 Feb 2026, 18:20","Low energy day","Seated Leg Curl (Machine)",,"",0,"normal",200,12,,,
"Light leg","18 Feb 2026, 17:42","18 Feb 2026, 18:20","Low energy day","Seated Leg Curl (Machine)",,"",1,"normal",200,9,,,
"Light leg","18 Feb 2026, 17:42","18 Feb 2026, 18:20","Low energy day","Seated Leg Curl (Machine)",,"",2,"normal",200,9,,,
"Light leg","18 Feb 2026, 17:42","18 Feb 2026, 18:20","Low energy day","Calf Press (Machine)",,"",0,"normal",380,15,,,
"Light leg","18 Feb 2026, 17:42","18 Feb 2026, 18:20","Low energy day","Calf Press (Machine)",,"",1,"normal",380,15,,,
"PULL","17 Feb 2026, 17:31","17 Feb 2026, 18:46","","Pull Up",,"",0,"normal",,6,,,
"PULL","17 Feb 2026, 17:31","17 Feb 2026, 18:46","","Pull Up",,"",1,"normal",,6,,,
"PULL","17 Feb 2026, 17:31","17 Feb 2026, 18:46","","Pull Up",,"",2,"normal",,5,,,
"PULL","17 Feb 2026, 17:31","17 Feb 2026, 18:46","","Pull Up",,"",3,"normal",,5,,,
"PULL","17 Feb 2026, 17:31","17 Feb 2026, 18:46","","Pull Up",,"",4,"normal",,5,,,
"PULL","17 Feb 2026, 17:31","17 Feb 2026, 18:46","","Bent Over Row (Barbell)",,"",0,"warmup",135,5,,,
"PULL","17 Feb 2026, 17:31","17 Feb 2026, 18:46","","Bent Over Row (Barbell)",,"",1,"normal",175,6,,,
"PULL","17 Feb 2026, 17:31","17 Feb 2026, 18:46","","Bent Over Row (Barbell)",,"",2,"normal",155,9,,,
"PULL","17 Feb 2026, 17:31","17 Feb 2026, 18:46","","Bent Over Row (Barbell)",,"",3,"normal",155,10,,,
"PULL","17 Feb 2026, 17:31","17 Feb 2026, 18:46","","Single Arm Cable Row",,"",0,"normal",120,12,,,
"PULL","17 Feb 2026, 17:31","17 Feb 2026, 18:46","","Single Arm Cable Row",,"",1,"normal",120,10,,,
"PULL","17 Feb 2026, 17:31","17 Feb 2026, 18:46","","Single Arm Cable Row",,"",2,"normal",120,13,,,
"PULL","17 Feb 2026, 17:31","17 Feb 2026, 18:46","","Reverse Fly Single Arm (Cable)",,"",0,"normal",30,13,,,
"PULL","17 Feb 2026, 17:31","17 Feb 2026, 18:46","","Reverse Fly Single Arm (Cable)",,"",1,"normal",30,13,,,
"PULL","17 Feb 2026, 17:31","17 Feb 2026, 18:46","","Reverse Fly Single Arm (Cable)",,"",2,"normal",30,10,,,
"PULL","17 Feb 2026, 17:31","17 Feb 2026, 18:46","","Seated Incline Curl (Dumbbell)",,"",0,"normal",50,12,,,
"PULL","17 Feb 2026, 17:31","17 Feb 2026, 18:46","","Seated Incline Curl (Dumbbell)",,"",1,"normal",50,10,,,
"PULL","17 Feb 2026, 17:31","17 Feb 2026, 18:46","","Seated Incline Curl (Dumbbell)",,"",2,"normal",50,10,,,
"PULL","17 Feb 2026, 17:31","17 Feb 2026, 18:46","","Reverse Curl (Barbell)",,"",0,"normal",60,15,,,
"PULL","17 Feb 2026, 17:31","17 Feb 2026, 18:46","","Reverse Curl (Barbell)",,"",1,"normal",60,11,,,
"PULL","17 Feb 2026, 17:31","17 Feb 2026, 18:46","","Reverse Curl (Barbell)",,"",2,"normal",60,12,,,
"PULL","17 Feb 2026, 17:31","17 Feb 2026, 18:46","","Cable Crunch",,"",0,"normal",190,15,,,
"PULL","17 Feb 2026, 17:31","17 Feb 2026, 18:46","","Cable Crunch",,"",1,"normal",190,12,,,
"PULL","17 Feb 2026, 17:31","17 Feb 2026, 18:46","","Cable Crunch",,"",2,"normal",190,10,,,
"PULL","17 Feb 2026, 17:31","17 Feb 2026, 18:46","","Cable Crunch",,"",3,"normal",190,8,,,
"PUSH","16 Feb 2026, 10:44","16 Feb 2026, 11:24","Gym was packed","Chest Press (Machine)",,"",0,"warmup",165,5,,,
"PUSH","16 Feb 2026, 10:44","16 Feb 2026, 11:24","Gym was packed","Chest Press (Machine)",,"",1,"normal",190,8,,,
"PUSH","16 Feb 2026, 10:44","16 Feb 2026, 11:24","Gym was packed","Chest Press (Machine)",,"",2,"normal",190,7,,,
"PUSH","16 Feb 2026, 10:44","16 Feb 2026, 11:24","Gym was packed","Chest Press (Machine)",,"",3,"normal",190,8,,,
"PUSH","16 Feb 2026, 10:44","16 Feb 2026, 11:24","Gym was packed","Incline Bench Press (Dumbbell)",,"",0,"warmup",100,5,,,
"PUSH","16 Feb 2026, 10:44","16 Feb 2026, 11:24","Gym was packed","Incline Bench Press (Dumbbell)",,"",1,"normal",120,9,,,
"PUSH","16 Feb 2026, 10:44","16 Feb 2026, 11:24","Gym was packed","Incline Bench Press (Dumbbell)",,"",2,"normal",120,8,,,
"PUSH","16 Feb 2026, 10:44","16 Feb 2026, 11:24","Gym was packed","Incline Bench Press (Dumbbell)",,"",3,"normal",120,9,,,
"PUSH","16 Feb 2026, 10:44","16 Feb 2026, 11:24","Gym was packed","Shoulder Press (Dumbbell)",,"",0,"normal",110,6,,,
"PUSH","16 Feb 2026, 10:44","16 Feb 2026, 11:24","Gym was packed","Shoulder Press (Dumbbell)",,"",1,"normal",110,8,,,
"PUSH","16 Feb 2026, 10:44","16 Feb 2026, 11:24","Gym was packed","Chest Fly (Machine)",,"",0,"normal",150,10,,,
"PUSH","16 Feb 2026, 10:44","16 Feb 2026, 11:24","Gym was packed","Chest Fly (Machine)",,"",1,"normal",150,8,,,
"PUSH","16 Feb 2026, 10:44","16 Feb 2026, 11:24","Gym was packed","Chest Fly (Machine)",,"",2,"normal",150,9,,,
"PUSH","16 Feb 2026, 10:44","16 Feb 2026, 11:24","Gym was packed","Triceps Dip",,"",0,"normal",,6,,,
"LEG SHARM","14 Feb 2026, 16:11","14 Feb 2026, 17:23","","Leg Extension (Machine)",,"",0,"warmup",185,5,,,
"LEG SHARM","14 Feb 2026, 16:11","14 Feb 2026, 17:23","","Leg Extension (Machine)",,"",1,"normal",215,9,,,
"LEG SHARM","14 Feb 2026, 16:11","14 Feb 2026, 17:23","","Leg Extension (Machine)",,"",2,"normal",220,9,,,
"LEG SHARM","14 Feb 2026, 16:11","14 Feb 2026, 17:23","","Leg Extension (Machine)",,"",3,"normal",230,8,,,
"LEG SHARM","14 Feb 2026, 16:11","14 Feb 2026, 17:23","","Seated Leg Curl (Machine)",,"",0,"warmup",185,5,,,
"LEG SHARM","14 Feb 2026, 16:11","14 Feb 2026, 17:23","","Seated Leg Curl (Machine)",,"",1,"normal",205,10,,,
"LEG SHARM","14 Feb 2026, 16:11","14 Feb 2026, 17:23","","Seated Leg Curl (Machine)",,"",2,"normal",210,9,,,
"LEG SHARM","14 Feb 2026, 16:11","14 Feb 2026, 17:23","","Seated Leg Curl (Machine)",,"",3,"normal",210,9,,,
"LEG SHARM","14 Feb 2026, 16:11","14 Feb 2026, 17:23","","Shoulder Press (Dumbbell)",,"",0,"normal",110,10,,,
"LEG SHARM","14 Feb 2026, 16:11","14 Feb 2026, 17:23","","Shoulder Press (Dumbbell)",,"",1,"normal",110,11,,,
"LEG SHARM","14 Feb 2026, 16:11","14 Feb 2026, 17:23","","Shoulder Press (Dumbbell)",,"",2,"normal",110,9,,,
"LEG SHARM","14 Feb 2026, 16:11","14 Feb 2026, 17:23","","EZ Bar Biceps Curl",,"",0,"warmup",50,5,,,
"LEG SHARM","14 Feb 2026, 16:11","14 Feb 2026, 17:23","","EZ Bar Biceps Curl",,"",1,"normal",70,11,,,
"LEG SHARM","14 Feb 2026, 16:11","14 Feb 2026, 17:23","","EZ Bar Biceps Curl",,"",2,"normal",70,11,,,
"LEG SHARM","14 Feb 2026, 16:11","14 Feb 2026, 17:23","","EZ Bar Biceps Curl",,"",3,"normal",70,9,,,
"LEG SHARM","14 Feb 2026, 16:11","14 Feb 2026, 17:23","","Single Arm Lateral Raise (Cable)",,"",0,"normal",35,14,,,
"LEG SHARM","14 Feb 2026, 16:11","14 Feb 2026, 17:23","","Single Arm Lateral Raise (Cable)",,"",1,"normal",40,14,,,
"LEG SHARM","14 Feb 2026, 16:11","14 Feb 2026, 17:23","","Single Arm Lateral Raise (Cable)",,"",2,"normal",40,16,,,
"LEG SHARM","14 Feb 2026, 16:11","14 Feb 2026, 17:23","","Single Arm Triceps Pushdown (Cable)",,"",0,"normal",60,16,,,
"LEG SHARM","14 Feb 2026, 16:11","14 Feb 2026, 17:23","","Single Arm Triceps Pushdown (Cable)",,"",1,"normal",70,9,,,
"LEG SHARM","14 Feb 2026, 16:11","14 Feb 2026, 17:23","","Single Arm Triceps Pushdown (Cable)",,"",2,"normal",70,9,,,
"CHEST BACK","13 Feb 2026, 16:46","13 Feb 2026, 18:15","","Chest Press (Machine)",,"",0,"warmup",160,5,,,
"CHEST BACK","13 Feb 2026, 16:46","13 Feb 2026, 18:15","","Chest Press (Machine)",,"",1,"warmup",170,5,,,
"CHEST BACK","13 Feb 2026, 16:46","13 Feb 2026, 18:15","","Chest Press (Machine)",,"",2,"normal",180,12,,,
"CHEST BACK","13 Feb 2026, 16:46","13 Feb 2026, 18:15","","Chest Press (Machine)",,"",3,"normal",185,9,,,
"CHEST BACK","13 Feb 2026, 16:46","13 Feb 2026, 18:15","","Chest Press (Machine)",,"",4,"normal",190,8,,,
"CHEST BACK","13 Feb 2026, 16:46","13 Feb 2026, 18:15","","Pull Up",,"",0,"warmup",,2,,,
"CHEST BACK","13 Feb 2026, 16:46","13 Feb 2026, 18:15","","Pull Up",,"",1,"normal",,8,,,
"CHEST BACK","13 Feb 2026, 16:46","13 Feb 2026, 18:15","","Lat Pulldown (Cable)",,"",0,"normal",150,12,,,
"CHEST BACK","13 Feb 2026, 16:46","13 Feb 2026, 18:15","","Lat Pulldown (Cable)",,"",1,"normal",155,10,,,
"CHEST BACK","13 Feb 2026, 16:46","13 Feb 2026, 18:15","","Incline Chest Press (Machine)",,"",0,"normal",204,9,,,
"CHEST BACK","13 Feb 2026, 16:46","13 Feb 2026, 18:15","","Incline Chest Press (Machine)",,"",1,"normal",204,8,,,
"CHEST BACK","13 Feb 2026, 16:46","13 Feb 2026, 18:15","","Incline Chest Press (Machine)",,"",2,"normal",204,8,,,
"CHEST BACK","13 Feb 2026, 16:46","13 Feb 2026, 18:15","","Seated Cable Row - Bar Grip",,"",0,"normal",150,13,,,
"CHEST BACK","13 Feb 2026, 16:46","13 Feb 2026, 18:15","","Seated Cable Row - Bar Grip",,"",1,"normal",155,14,,,
"CHEST BACK","13 Feb 2026, 16:46","13 Feb 2026, 18:15","","Seated Cable Row - Bar Grip",,"",2,"normal",160,12,,,
"CHEST BACK","13 Feb 2026, 16:46","13 Feb 2026, 18:15","","Chest Fly (Machine)",,"",0,"normal",150,10,,,
"CHEST BACK","13 Feb 2026, 16:46","13 Feb 2026, 18:15","","Chest Fly (Machine)",,"",1,"normal",150,10,,,
"CHEST BACK","13 Feb 2026, 16:46","13 Feb 2026, 18:15","","Chest Fly (Machine)",,"",2,"normal",150,9,,,
"CHEST BACK","13 Feb 2026, 16:46","13 Feb 2026, 18:15","","Seated Cable Row - V Grip (Cable)",,"",0,"normal",150,10,,,
"CHEST BACK","13 Feb 2026, 16:46","13 Feb 2026, 18:15","","Seated Cable Row - V Grip (Cable)",,"",1,"normal",140,11,,,
"CHEST BACK","13 Feb 2026, 16:46","13 Feb 2026, 18:15","","Seated Cable Row - V Grip (Cable)",,"",2,"normal",140,12,,,
"CHEST BACK","13 Feb 2026, 16:46","13 Feb 2026, 18:15","","Cable Crunch",,"",0,"normal",150,16,,,
"CHEST BACK","13 Feb 2026, 16:46","13 Feb 2026, 18:15","","Cable Crunch",,"",1,"normal",190,15,,,
"CHEST BACK","13 Feb 2026, 16:46","13 Feb 2026, 18:15","","Cable Crunch",,"",2,"normal",190,15,,,
"CHEST BACK","13 Feb 2026, 16:46","13 Feb 2026, 18:15","","Cable Crunch",,"",3,"normal",190,13,,,
"LEG","11 Feb 2026, 17:07","11 Feb 2026, 18:16","","Leg Extension (Machine)",,"",0,"warmup",185,5,,,
"LEG","11 Feb 2026, 17:07","11 Feb 2026, 18:16","","Leg Extension (Machine)",,"",1,"normal",215,10,,,
"LEG","11 Feb 2026, 17:07","11 Feb 2026, 18:16","","Leg Extension (Machine)",,"",2,"normal",220,10,,,
"LEG","11 Feb 2026, 17:07","11 Feb 2026, 18:16","","Leg Extension (Machine)",,"",3,"normal",225,8,,,
"LEG","11 Feb 2026, 17:07","11 Feb 2026, 18:16","","Squat (Smith Machine)",,"",0,"warmup",115,6,,,
"LEG","11 Feb 2026, 17:07","11 Feb 2026, 18:16","","Squat (Smith Machine)",,"",1,"normal",155,10,,,
"LEG","11 Feb 2026, 17:07","11 Feb 2026, 18:16","","Squat (Smith Machine)",,"",2,"normal",165,10,,,
"LEG","11 Feb 2026, 17:07","11 Feb 2026, 18:16","","Squat (Smith Machine)",,"",3,"normal",165,10,,,
"LEG","11 Feb 2026, 17:07","11 Feb 2026, 18:16","","Romanian Deadlift (Barbell)",,"",0,"warmup",135,5,,,
"LEG","11 Feb 2026, 17:07","11 Feb 2026, 18:16","","Romanian Deadlift (Barbell)",,"",1,"normal",225,6,,,
"LEG","11 Feb 2026, 17:07","11 Feb 2026, 18:16","","Romanian Deadlift (Barbell)",,"",2,"normal",225,7,,,
"LEG","11 Feb 2026, 17:07","11 Feb 2026, 18:16","","Romanian Deadlift (Barbell)",,"",3,"normal",225,6,,,
"LEG","11 Feb 2026, 17:07","11 Feb 2026, 18:16","","Seated Leg Curl (Machine)",,"",0,"normal",195,10,,,
"LEG","11 Feb 2026, 17:07","11 Feb 2026, 18:16","","Seated Leg Curl (Machine)",,"",1,"normal",200,7,,,
"LEG","11 Feb 2026, 17:07","11 Feb 2026, 18:16","","Calf Press (Machine)",,"",0,"normal",370,20,,,
"LEG","11 Feb 2026, 17:07","11 Feb 2026, 18:16","","Calf Press (Machine)",,"",1,"normal",380,17,,,
"LEG","11 Feb 2026, 17:07","11 Feb 2026, 18:16","","Calf Press (Machine)",,"",2,"normal",380,15,,,
"LEG","11 Feb 2026, 17:07","11 Feb 2026, 18:16","","Cable Crunch",,"",0,"normal",180,16,,,
"LEG","11 Feb 2026, 17:07","11 Feb 2026, 18:16","","Cable Crunch",,"",1,"normal",190,15,,,
"LEG","11 Feb 2026, 17:07","11 Feb 2026, 18:16","","Cable Crunch",,"",2,"normal",190,10,,,
"PULL","10 Feb 2026, 16:49","10 Feb 2026, 17:54","","Lat Pulldown (Cable)",,"",0,"warmup",130,7,,,
"PULL","10 Feb 2026, 16:49","10 Feb 2026, 17:54","","Lat Pulldown (Cable)",,"",1,"normal",150,10,,,
"PULL","10 Feb 2026, 16:49","10 Feb 2026, 17:54","","Lat Pulldown (Cable)",,"",2,"normal",155,10,,,
"PULL","10 Feb 2026, 16:49","10 Feb 2026, 17:54","","Lat Pulldown (Cable)",,"",3,"normal",155,10,,,
"PULL","10 Feb 2026, 16:49","10 Feb 2026, 17:54","","Single Arm Cable Row",,"",0,"normal",100,15,,,
"PULL","10 Feb 2026, 16:49","10 Feb 2026, 17:54","","Single Arm Cable Row",,"",1,"normal",110,12,,,
"PULL","10 Feb 2026, 16:49","10 Feb 2026, 17:54","","Single Arm Cable Row",,"",2,"normal",120,12,,,
"PULL","10 Feb 2026, 16:49","10 Feb 2026, 17:54","","Seated Cable Row - Bar Grip",,"",0,"warmup",150,5,,,
"PULL","10 Feb 2026, 16:49","10 Feb 2026, 17:54","","Seated Cable Row - Bar Grip",,"",1,"normal",155,12,,,
"PULL","10 Feb 2026, 16:49","10 Feb 2026, 17:54","","Seated Cable Row - Bar Grip",,"",2,"normal",160,12,,,
"PULL","10 Feb 2026, 16:49","10 Feb 2026, 17:54","","Seated Cable Row - Bar Grip",,"",3,"normal",160,15,,,
"PULL","10 Feb 2026, 16:49","10 Feb 2026, 17:54","","Reverse Fly Single Arm (Cable)",,"",0,"normal",30,11,,,
"PULL","10 Feb 2026, 16:49","10 Feb 2026, 17:54","","Reverse Fly Single Arm (Cable)",,"",1,"normal",25,14,,,
"PULL","10 Feb 2026, 16:49","10 Feb 2026, 17:54","","Reverse Fly Single Arm (Cable)",,"",2,"normal",25,15,,,
"PULL","10 Feb 2026, 16:49","10 Feb 2026, 17:54","","Bicep Curl (Cable)",,"",0,"normal",120,11,,,
"PULL","10 Feb 2026, 16:49","10 Feb 2026, 17:54","","Bicep Curl (Cable)",,"",1,"normal",120,9,,,
"PULL","10 Feb 2026, 16:49","10 Feb 2026, 17:54","","Bicep Curl (Cable)",,"",2,"normal",120,8,,,
"PULL","10 Feb 2026, 16:49","10 Feb 2026, 17:54","","Hammer Curl (Cable)",,"",0,"normal",130,10,,,
"PULL","10 Feb 2026, 16:49","10 Feb 2026, 17:54","","Hammer Curl (Cable)",,"",1,"normal",130,11,,,
"PULL","10 Feb 2026, 16:49","10 Feb 2026, 17:54","","Hammer Curl (Cable)",,"",2,"normal",130,12,,,
"PUSH","9 Feb 2026, 17:21","9 Feb 2026, 18:29","Been a minute. Skipped gym just to get cooked in networks midterm","Chest Press (Machine)",,"",0,"normal",130,4,,,
"PUSH","9 Feb 2026, 17:21","9 Feb 2026, 18:29","Been a minute. Skipped gym just to get cooked in networks midterm","Chest Press (Machine)",,"",1,"normal",100,12,,,
"PUSH","9 Feb 2026, 17:21","9 Feb 2026, 18:29","Been a minute. Skipped gym just to get cooked in networks midterm","Chest Press (Machine)",,"",2,"normal",115,7,,,
"PUSH","9 Feb 2026, 17:21","9 Feb 2026, 18:29","Been a minute. Skipped gym just to get cooked in networks midterm","Decline Bench Press (Machine)",,"",0,"warmup",152,6,,,
"PUSH","9 Feb 2026, 17:21","9 Feb 2026, 18:29","Been a minute. Skipped gym just to get cooked in networks midterm","Incline Bench Press (Smith Machine)",,"",0,"warmup",110,5,,,
"PUSH","9 Feb 2026, 17:21","9 Feb 2026, 18:29","Been a minute. Skipped gym just to get cooked in networks midterm","Incline Bench Press (Smith Machine)",,"",1,"normal",160,6,,,
"PUSH","9 Feb 2026, 17:21","9 Feb 2026, 18:29","Been a minute. Skipped gym just to get cooked in networks midterm","Incline Bench Press (Smith Machine)",,"",2,"normal",160,5,,,
"PUSH","9 Feb 2026, 17:21","9 Feb 2026, 18:29","Been a minute. Skipped gym just to get cooked in networks midterm","Incline Bench Press (Smith Machine)",,"",3,"normal",150,8,,,
"PUSH","9 Feb 2026, 17:21","9 Feb 2026, 18:29","Been a minute. Skipped gym just to get cooked in networks midterm","Seated Shoulder Press (Machine)",,"",0,"normal",85,8,,,
"PUSH","9 Feb 2026, 17:21","9 Feb 2026, 18:29","Been a minute. Skipped gym just to get cooked in networks midterm","Seated Shoulder Press (Machine)",,"",1,"normal",85,8,,,
"PUSH","9 Feb 2026, 17:21","9 Feb 2026, 18:29","Been a minute. Skipped gym just to get cooked in networks midterm","Single Arm Lateral Raise (Cable)",,"",0,"normal",17.5,17,,,
"PUSH","9 Feb 2026, 17:21","9 Feb 2026, 18:29","Been a minute. Skipped gym just to get cooked in networks midterm","Single Arm Lateral Raise (Cable)",,"",1,"normal",22.5,7,,,
"PUSH","9 Feb 2026, 17:21","9 Feb 2026, 18:29","Been a minute. Skipped gym just to get cooked in networks midterm","Single Arm Lateral Raise (Cable)",,"",2,"normal",17.5,12,,,
"PUSH","9 Feb 2026, 17:21","9 Feb 2026, 18:29","Been a minute. Skipped gym just to get cooked in networks midterm","Chest Fly (Machine)",,"",0,"normal",145,12,,,
"PUSH","9 Feb 2026, 17:21","9 Feb 2026, 18:29","Been a minute. Skipped gym just to get cooked in networks midterm","Chest Fly (Machine)",,"",1,"normal",150,10,,,
"PUSH","9 Feb 2026, 17:21","9 Feb 2026, 18:29","Been a minute. Skipped gym just to get cooked in networks midterm","Chest Fly (Machine)",,"",2,"normal",150,7,,,
"PUSH","9 Feb 2026, 17:21","9 Feb 2026, 18:29","Been a minute. Skipped gym just to get cooked in networks midterm","Single Arm Triceps Pushdown (Cable)",,"",0,"normal",37.5,10,,,
"PUSH","9 Feb 2026, 17:21","9 Feb 2026, 18:29","Been a minute. Skipped gym just to get cooked in networks midterm","Single Arm Triceps Pushdown (Cable)",,"",1,"normal",37.5,6,,,
"PUSH","9 Feb 2026, 17:21","9 Feb 2026, 18:29","Been a minute. Skipped gym just to get cooked in networks midterm","Single Arm Triceps Pushdown (Cable)",,"",2,"normal",27.5,9,,,
"PUSH","9 Feb 2026, 17:21","9 Feb 2026, 18:29","Been a minute. Skipped gym just to get cooked in networks midterm","Cable Crunch",,"",0,"normal",87.5,12,,,
"PUSH","9 Feb 2026, 17:21","9 Feb 2026, 18:29","Been a minute. Skipped gym just to get cooked in networks midterm","Cable Crunch",,"",1,"normal",92.5,15,,,
"PUSH","9 Feb 2026, 17:21","9 Feb 2026, 18:29","Been a minute. Skipped gym just to get cooked in networks midterm","Cable Crunch",,"",2,"normal",97.5,11,,,
"CHEST BACK","6 Feb 2026, 17:14","6 Feb 2026, 18:30","","Chest Press (Machine)",,"",0,"warmup",160,5,,,
"CHEST BACK","6 Feb 2026, 17:14","6 Feb 2026, 18:30","","Chest Press (Machine)",,"",1,"normal",180,10,,,
"CHEST BACK","6 Feb 2026, 17:14","6 Feb 2026, 18:30","","Chest Press (Machine)",,"",2,"normal",180,11,,,
"CHEST BACK","6 Feb 2026, 17:14","6 Feb 2026, 18:30","","Chest Press (Machine)",,"",3,"normal",180,11,,,
"CHEST BACK","6 Feb 2026, 17:14","6 Feb 2026, 18:30","","Lat Pulldown (Cable)",,"",0,"warmup",150,5,,,
"CHEST BACK","6 Feb 2026, 17:14","6 Feb 2026, 18:30","","Lat Pulldown (Cable)",,"",1,"normal",170,7,,,
"CHEST BACK","6 Feb 2026, 17:14","6 Feb 2026, 18:30","","Lat Pulldown (Cable)",,"",2,"normal",170,8,,,
"CHEST BACK","6 Feb 2026, 17:14","6 Feb 2026, 18:30","","Lat Pulldown (Cable)",,"",3,"normal",170,8,,,
"CHEST BACK","6 Feb 2026, 17:14","6 Feb 2026, 18:30","","Incline Chest Press (Machine)",,"",0,"warmup",134,5,,,
"CHEST BACK","6 Feb 2026, 17:14","6 Feb 2026, 18:30","","Incline Chest Press (Machine)",,"",1,"normal",164,12,,,
"CHEST BACK","6 Feb 2026, 17:14","6 Feb 2026, 18:30","","Incline Chest Press (Machine)",,"",2,"normal",184,11,,,
"CHEST BACK","6 Feb 2026, 17:14","6 Feb 2026, 18:30","","Incline Chest Press (Machine)",,"",3,"normal",204,7,,,
"CHEST BACK","6 Feb 2026, 17:14","6 Feb 2026, 18:30","","Incline Chest Press (Machine)",,"",4,"normal",204,6,,,
"CHEST BACK","6 Feb 2026, 17:14","6 Feb 2026, 18:30","","Seated Cable Row - Bar Grip",,"",0,"warmup",150,5,,,
"CHEST BACK","6 Feb 2026, 17:14","6 Feb 2026, 18:30","","Seated Cable Row - Bar Grip",,"",1,"normal",170,9,,,
"CHEST BACK","6 Feb 2026, 17:14","6 Feb 2026, 18:30","","Seated Cable Row - Bar Grip",,"",2,"normal",170,8,,,
"CHEST BACK","6 Feb 2026, 17:14","6 Feb 2026, 18:30","","Seated Cable Row - Bar Grip",,"",3,"normal",170,9,,,
"CHEST BACK","6 Feb 2026, 17:14","6 Feb 2026, 18:30","","Chest Fly (Machine)",,"",0,"normal",150,10,,,
"CHEST BACK","6 Feb 2026, 17:14","6 Feb 2026, 18:30","","Chest Fly (Machine)",,"",1,"normal",150,7,,,
"CHEST BACK","6 Feb 2026, 17:14","6 Feb 2026, 18:30","","Seated Cable Row - V Grip (Cable)",,"",0,"normal",150,12,,,
"CHEST BACK","6 Feb 2026, 17:14","6 Feb 2026, 18:30","","Seated Cable Row - V Grip (Cable)",,"",1,"normal",150,13,,,
"CHEST BACK","6 Feb 2026, 17:14","6 Feb 2026, 18:30","","Cable Crunch",,"",0,"normal",180,15,,,
"CHEST BACK","6 Feb 2026, 17:14","6 Feb 2026, 18:30","","Cable Crunch",,"",1,"normal",180,15,,,
"CHEST BACK","6 Feb 2026, 17:14","6 Feb 2026, 18:30","","Cable Crunch",,"",2,"normal",180,15,,,
"LEG","3 Feb 2026, 17:11","3 Feb 2026, 18:33","Skipped RDLs for a month and repped 2 plates 😮‍💨","Leg Extension (Machine)",,"",0,"warmup",170,5,,,
"LEG","3 Feb 2026, 17:11","3 Feb 2026, 18:33","Skipped RDLs for a month and repped 2 plates 😮‍💨","Leg Extension (Machine)",,"",1,"normal",210,12,,,
"LEG","3 Feb 2026, 17:11","3 Feb 2026, 18:33","Skipped RDLs for a month and repped 2 plates 😮‍💨","Leg Extension (Machine)",,"",2,"normal",210,10,,,
"LEG","3 Feb 2026, 17:11","3 Feb 2026, 18:33","Skipped RDLs for a month and repped 2 plates 😮‍💨","Leg Extension (Machine)",,"",3,"normal",210,11,,,
"LEG","3 Feb 2026, 17:11","3 Feb 2026, 18:33","Skipped RDLs for a month and repped 2 plates 😮‍💨","Leg Press Horizontal (Machine)",,"",0,"warmup",240,5,,,
"LEG","3 Feb 2026, 17:11","3 Feb 2026, 18:33","Skipped RDLs for a month and repped 2 plates 😮‍💨","Leg Press Horizontal (Machine)",,"",1,"normal",270,12,,,
"LEG","3 Feb 2026, 17:11","3 Feb 2026, 18:33","Skipped RDLs for a month and repped 2 plates 😮‍💨","Leg Press Horizontal (Machine)",,"",2,"normal",280,12,,,
"LEG","3 Feb 2026, 17:11","3 Feb 2026, 18:33","Skipped RDLs for a month and repped 2 plates 😮‍💨","Leg Press Horizontal (Machine)",,"",3,"normal",290,9,,,
"LEG","3 Feb 2026, 17:11","3 Feb 2026, 18:33","Skipped RDLs for a month and repped 2 plates 😮‍💨","Seated Leg Curl (Machine)",,"",0,"normal",195,14,,,
"LEG","3 Feb 2026, 17:11","3 Feb 2026, 18:33","Skipped RDLs for a month and repped 2 plates 😮‍💨","Seated Leg Curl (Machine)",,"",1,"normal",200,11,,,
"LEG","3 Feb 2026, 17:11","3 Feb 2026, 18:33","Skipped RDLs for a month and repped 2 plates 😮‍💨","Seated Leg Curl (Machine)",,"",2,"normal",205,11,,,
"LEG","3 Feb 2026, 17:11","3 Feb 2026, 18:33","Skipped RDLs for a month and repped 2 plates 😮‍💨","Romanian Deadlift (Barbell)",,"",0,"warmup",135,5,,,
"LEG","3 Feb 2026, 17:11","3 Feb 2026, 18:33","Skipped RDLs for a month and repped 2 plates 😮‍💨","Romanian Deadlift (Barbell)",,"",1,"warmup",185,5,,,
"LEG","3 Feb 2026, 17:11","3 Feb 2026, 18:33","Skipped RDLs for a month and repped 2 plates 😮‍💨","Romanian Deadlift (Barbell)",,"",2,"normal",205,10,,,
"LEG","3 Feb 2026, 17:11","3 Feb 2026, 18:33","Skipped RDLs for a month and repped 2 plates 😮‍💨","Romanian Deadlift (Barbell)",,"",3,"normal",225,8,,,
"LEG","3 Feb 2026, 17:11","3 Feb 2026, 18:33","Skipped RDLs for a month and repped 2 plates 😮‍💨","Romanian Deadlift (Barbell)",,"",4,"normal",225,8,,,
"LEG","3 Feb 2026, 17:11","3 Feb 2026, 18:33","Skipped RDLs for a month and repped 2 plates 😮‍💨","Calf Press (Machine)",,"",0,"normal",370,20,,,
"LEG","3 Feb 2026, 17:11","3 Feb 2026, 18:33","Skipped RDLs for a month and repped 2 plates 😮‍💨","Calf Press (Machine)",,"",1,"normal",380,20,,,
"LEG","3 Feb 2026, 17:11","3 Feb 2026, 18:33","Skipped RDLs for a month and repped 2 plates 😮‍💨","Calf Press (Machine)",,"",2,"normal",380,20,,,
"LEG","3 Feb 2026, 17:11","3 Feb 2026, 18:33","Skipped RDLs for a month and repped 2 plates 😮‍💨","Cable Crunch",,"",0,"normal",170,20,,,
"LEG","3 Feb 2026, 17:11","3 Feb 2026, 18:33","Skipped RDLs for a month and repped 2 plates 😮‍💨","Cable Crunch",,"",1,"normal",180,15,,,
"LEG","3 Feb 2026, 17:11","3 Feb 2026, 18:33","Skipped RDLs for a month and repped 2 plates 😮‍💨","Cable Crunch",,"",2,"normal",185,13,,,
"PULL","2 Feb 2026, 08:20","2 Feb 2026, 09:07","","Pull Up",,"",0,"normal",,6,,,
"PULL","2 Feb 2026, 08:20","2 Feb 2026, 09:07","","Pull Up",,"",1,"normal",,7,,,
"PULL","2 Feb 2026, 08:20","2 Feb 2026, 09:07","","Pull Up",,"",2,"normal",,6,,,
"PULL","2 Feb 2026, 08:20","2 Feb 2026, 09:07","","Seated Cable Row - Bar Grip",,"",0,"warmup",120,5,,,
"PULL","2 Feb 2026, 08:20","2 Feb 2026, 09:07","","Seated Cable Row - Bar Grip",,"",1,"normal",160,15,,,
"PULL","2 Feb 2026, 08:20","2 Feb 2026, 09:07","","Seated Cable Row - Bar Grip",,"",2,"normal",170,11,,,
"PULL","2 Feb 2026, 08:20","2 Feb 2026, 09:07","","Seated Cable Row - Bar Grip",,"",3,"normal",170,10,,,
"PULL","2 Feb 2026, 08:20","2 Feb 2026, 09:07","","Single Arm Cable Row",,"",0,"normal",52.5,15,,,
"PULL","2 Feb 2026, 08:20","2 Feb 2026, 09:07","","Single Arm Cable Row",,"",1,"normal",57.5,12,,,
"PULL","2 Feb 2026, 08:20","2 Feb 2026, 09:07","","Single Arm Cable Row",,"",2,"normal",57.5,13,,,
"PULL","2 Feb 2026, 08:20","2 Feb 2026, 09:07","","Preacher Curl (Machine)",,"",0,"normal",102.5,11,,,
"PULL","2 Feb 2026, 08:20","2 Feb 2026, 09:07","","Preacher Curl (Machine)",,"",1,"normal",102.5,9,,,
"PULL","2 Feb 2026, 08:20","2 Feb 2026, 09:07","","Preacher Curl (Machine)",,"",2,"normal",102.5,10,,,
"PULL","2 Feb 2026, 08:20","2 Feb 2026, 09:07","","Hammer Curl (Dumbbell)",,"",0,"normal",60,10,,,
"PULL","2 Feb 2026, 08:20","2 Feb 2026, 09:07","","Hammer Curl (Dumbbell)",,"",1,"normal",60,12,,,
"PULL","2 Feb 2026, 08:20","2 Feb 2026, 09:07","","Hammer Curl (Dumbbell)",,"",2,"normal",60,13,,,
"PUSH","1 Feb 2026, 08:36","1 Feb 2026, 09:58","","Incline Bench Press (Smith Machine)",,"",0,"warmup",110,5,,,
"PUSH","1 Feb 2026, 08:36","1 Feb 2026, 09:58","","Incline Bench Press (Smith Machine)",,"",1,"warmup",140,3,,,
"PUSH","1 Feb 2026, 08:36","1 Feb 2026, 09:58","","Incline Bench Press (Smith Machine)",,"",2,"normal",160,5,,,
"PUSH","1 Feb 2026, 08:36","1 Feb 2026, 09:58","","Incline Bench Press (Smith Machine)",,"",3,"normal",160,6,,,
"PUSH","1 Feb 2026, 08:36","1 Feb 2026, 09:58","","Incline Bench Press (Smith Machine)",,"",4,"normal",160,5,,,
"PUSH","1 Feb 2026, 08:36","1 Feb 2026, 09:58","","Chest Fly (Machine)",,"",0,"normal",145,12,,,
"PUSH","1 Feb 2026, 08:36","1 Feb 2026, 09:58","","Chest Fly (Machine)",,"",1,"normal",150,7,,,
"PUSH","1 Feb 2026, 08:36","1 Feb 2026, 09:58","","Chest Fly (Machine)",,"",2,"normal",150,7,,,
"PUSH","1 Feb 2026, 08:36","1 Feb 2026, 09:58","","Single Arm Lateral Raise (Cable)",,"",0,"normal",17.5,16,,,
"PUSH","1 Feb 2026, 08:36","1 Feb 2026, 09:58","","Single Arm Lateral Raise (Cable)",,"",1,"normal",22.5,9,,,
"PUSH","1 Feb 2026, 08:36","1 Feb 2026, 09:58","","Single Arm Lateral Raise (Cable)",,"",2,"normal",22.5,4,,,
"PUSH","1 Feb 2026, 08:36","1 Feb 2026, 09:58","","Single Arm Lateral Raise (Cable)",,"",3,"normal",22.5,10,,,
"PUSH","1 Feb 2026, 08:36","1 Feb 2026, 09:58","","Single Arm Triceps Pushdown (Cable)",,"",0,"normal",32.5,14,,,
"PUSH","1 Feb 2026, 08:36","1 Feb 2026, 09:58","","Single Arm Triceps Pushdown (Cable)",,"",1,"normal",37.5,8,,,
"PUSH","1 Feb 2026, 08:36","1 Feb 2026, 09:58","","Single Arm Triceps Pushdown (Cable)",,"",2,"normal",32.5,6,,,
"PUSH","1 Feb 2026, 08:36","1 Feb 2026, 09:58","","Overhead Triceps Extension (Cable)",,"",0,"normal",47.5,15,,,
"PUSH","1 Feb 2026, 08:36","1 Feb 2026, 09:58","","Overhead Triceps Extension (Cable)",,"",1,"normal",52.5,13,,,
"PUSH","1 Feb 2026, 08:36","1 Feb 2026, 09:58","","Overhead Triceps Extension (Cable)",,"",2,"normal",57.5,11,,,
"PUSH","1 Feb 2026, 08:36","1 Feb 2026, 09:58","","Seated Shoulder Press (Machine)",,"",0,"normal",90,5,,,
"PUSH","1 Feb 2026, 08:36","1 Feb 2026, 09:58","","Seated Shoulder Press (Machine)",,"",1,"normal",85,10,,,
"PUSH","1 Feb 2026, 08:36","1 Feb 2026, 09:58","","Cable Crunch",,"",0,"normal",77.5,15,,,
"PUSH","1 Feb 2026, 08:36","1 Feb 2026, 09:58","","Cable Crunch",,"",1,"normal",82.5,15,,,
"PUSH","1 Feb 2026, 08:36","1 Feb 2026, 09:58","","Cable Crunch",,"",2,"normal",87.5,12,,,
"PUSH","1 Feb 2026, 08:36","1 Feb 2026, 09:58","","Cable Crunch",,"",3,"normal",87.5,12,,,
"LEG SHARM","30 Jan 2026, 17:13","30 Jan 2026, 18:27","","Goblet Squat",,"",0,"normal",25,12,,,
"LEG SHARM","30 Jan 2026, 17:13","30 Jan 2026, 18:27","","Goblet Squat",,"",1,"normal",45,12,,,
"LEG SHARM","30 Jan 2026, 17:13","30 Jan 2026, 18:27","","Leg Extension (Machine)",,"",0,"normal",205,12,,,
"LEG SHARM","30 Jan 2026, 17:13","30 Jan 2026, 18:27","","Leg Extension (Machine)",,"",1,"normal",210,10,,,
"LEG SHARM","30 Jan 2026, 17:13","30 Jan 2026, 18:27","","Leg Extension (Machine)",,"",2,"normal",210,11,,,
"LEG SHARM","30 Jan 2026, 17:13","30 Jan 2026, 18:27","","Seated Leg Curl (Machine)",,"",0,"normal",200,12,,,
"LEG SHARM","30 Jan 2026, 17:13","30 Jan 2026, 18:27","","Single Arm Lateral Raise (Cable)",,"",0,"normal",35,15,,,
"LEG SHARM","30 Jan 2026, 17:13","30 Jan 2026, 18:27","","Single Arm Lateral Raise (Cable)",,"",1,"normal",40,13,,,
"LEG SHARM","30 Jan 2026, 17:13","30 Jan 2026, 18:27","","Single Arm Lateral Raise (Cable)",,"",2,"normal",40,12,,,
"LEG SHARM","30 Jan 2026, 17:13","30 Jan 2026, 18:27","","Reverse Fly Single Arm (Cable)",,"",0,"normal",25,12,,,
"LEG SHARM","30 Jan 2026, 17:13","30 Jan 2026, 18:27","","Reverse Fly Single Arm (Cable)",,"",1,"normal",25,15,,,
"LEG SHARM","30 Jan 2026, 17:13","30 Jan 2026, 18:27","","Reverse Fly Single Arm (Cable)",,"",2,"normal",30,13,,,
"LEG SHARM","30 Jan 2026, 17:13","30 Jan 2026, 18:27","","Single Arm Triceps Pushdown (Cable)",0,"",0,"normal",60,5,,,
"LEG SHARM","30 Jan 2026, 17:13","30 Jan 2026, 18:27","","Single Arm Triceps Pushdown (Cable)",0,"",1,"normal",60,12,,,
"LEG SHARM","30 Jan 2026, 17:13","30 Jan 2026, 18:27","","Single Arm Triceps Pushdown (Cable)",0,"",2,"normal",65,10,,,
"LEG SHARM","30 Jan 2026, 17:13","30 Jan 2026, 18:27","","Single Arm Triceps Pushdown (Cable)",0,"",3,"normal",65,12,,,
"LEG SHARM","30 Jan 2026, 17:13","30 Jan 2026, 18:27","","EZ Bar Biceps Curl",0,"",0,"normal",60,5,,,
"LEG SHARM","30 Jan 2026, 17:13","30 Jan 2026, 18:27","","EZ Bar Biceps Curl",0,"",1,"normal",60,13,,,
"LEG SHARM","30 Jan 2026, 17:13","30 Jan 2026, 18:27","","EZ Bar Biceps Curl",0,"",2,"normal",60,13,,,
"LEG SHARM","30 Jan 2026, 17:13","30 Jan 2026, 18:27","","EZ Bar Biceps Curl",0,"",3,"normal",70,11,,,
"CHEST BACK","29 Jan 2026, 16:58","29 Jan 2026, 18:22","","Chest Press (Machine)",,"",0,"warmup",150,3,,,
"CHEST BACK","29 Jan 2026, 16:58","29 Jan 2026, 18:22","","Chest Press (Machine)",,"",1,"warmup",165,2,,,
"CHEST BACK","29 Jan 2026, 16:58","29 Jan 2026, 18:22","","Chest Press (Machine)",,"",2,"normal",170,11,,,
"CHEST BACK","29 Jan 2026, 16:58","29 Jan 2026, 18:22","","Chest Press (Machine)",,"",3,"normal",175,10,,,
"CHEST BACK","29 Jan 2026, 16:58","29 Jan 2026, 18:22","","Chest Press (Machine)",,"",4,"normal",180,10,,,
"CHEST BACK","29 Jan 2026, 16:58","29 Jan 2026, 18:22","","Lat Pulldown (Cable)",,"",0,"warmup",140,5,,,
"CHEST BACK","29 Jan 2026, 16:58","29 Jan 2026, 18:22","","Lat Pulldown (Cable)",,"",1,"normal",170,7,,,
"CHEST BACK","29 Jan 2026, 16:58","29 Jan 2026, 18:22","","Lat Pulldown (Cable)",,"",2,"normal",170,6,,,
"CHEST BACK","29 Jan 2026, 16:58","29 Jan 2026, 18:22","","Lat Pulldown (Cable)",,"",3,"normal",160,9,,,
"CHEST BACK","29 Jan 2026, 16:58","29 Jan 2026, 18:22","","Incline Bench Press (Dumbbell)",,"",0,"warmup",110,5,,,
"CHEST BACK","29 Jan 2026, 16:58","29 Jan 2026, 18:22","","Incline Bench Press (Dumbbell)",,"",1,"normal",130,8,,,
"CHEST BACK","29 Jan 2026, 16:58","29 Jan 2026, 18:22","","Incline Bench Press (Dumbbell)",,"",2,"normal",130,5,,,
"CHEST BACK","29 Jan 2026, 16:58","29 Jan 2026, 18:22","","Incline Chest Press (Machine)",,"",0,"normal",154,12,,,
"CHEST BACK","29 Jan 2026, 16:58","29 Jan 2026, 18:22","","Incline Chest Press (Machine)",,"",1,"normal",164,12,,,
"CHEST BACK","29 Jan 2026, 16:58","29 Jan 2026, 18:22","","Seated Cable Row - Bar Grip",,"",0,"normal",150,10,,,
"CHEST BACK","29 Jan 2026, 16:58","29 Jan 2026, 18:22","","Seated Cable Row - Bar Grip",,"",1,"normal",150,15,,,
"CHEST BACK","29 Jan 2026, 16:58","29 Jan 2026, 18:22","","Seated Cable Row - Bar Grip",,"",2,"normal",160,13,,,
"CHEST BACK","29 Jan 2026, 16:58","29 Jan 2026, 18:22","","Chest Fly (Machine)",,"",0,"warmup",120,6,,,
"CHEST BACK","29 Jan 2026, 16:58","29 Jan 2026, 18:22","","Chest Fly (Machine)",,"",1,"normal",140,12,,,
"CHEST BACK","29 Jan 2026, 16:58","29 Jan 2026, 18:22","","Chest Fly (Machine)",,"",2,"normal",150,10,,,
"CHEST BACK","29 Jan 2026, 16:58","29 Jan 2026, 18:22","","Chest Fly (Machine)",,"",3,"normal",150,11,,,
"CHEST BACK","29 Jan 2026, 16:58","29 Jan 2026, 18:22","","Single Arm Cable Row",,"",0,"normal",100,15,,,
"CHEST BACK","29 Jan 2026, 16:58","29 Jan 2026, 18:22","","Single Arm Cable Row",,"",1,"normal",110,13,,,
"CHEST BACK","29 Jan 2026, 16:58","29 Jan 2026, 18:22","","Single Arm Cable Row",,"",2,"normal",110,15,,,
"CHEST BACK","29 Jan 2026, 16:58","29 Jan 2026, 18:22","","Cable Crunch",,"",0,"normal",190,16,,,
"CHEST BACK","29 Jan 2026, 16:58","29 Jan 2026, 18:22","","Cable Crunch",,"",1,"normal",200,9,,,
"CHEST BACK","29 Jan 2026, 16:58","29 Jan 2026, 18:22","","Cable Crunch",,"",2,"normal",160,15,,,
"LEG","27 Jan 2026, 16:21","27 Jan 2026, 17:26","Skipped RDL I hate them","Squat (Barbell)",,"",0,"warmup",45,5,,,
"LEG","27 Jan 2026, 16:21","27 Jan 2026, 17:26","Skipped RDL I hate them","Squat (Barbell)",,"",1,"normal",135,8,,,
"LEG","27 Jan 2026, 16:21","27 Jan 2026, 17:26","Skipped RDL I hate them","Squat (Barbell)",,"",2,"normal",155,10,,,
"LEG","27 Jan 2026, 16:21","27 Jan 2026, 17:26","Skipped RDL I hate them","Squat (Barbell)",,"",3,"normal",175,8,,,
"LEG","27 Jan 2026, 16:21","27 Jan 2026, 17:26","Skipped RDL I hate them","Squat (Barbell)",,"",4,"normal",175,9,,,
"LEG","27 Jan 2026, 16:21","27 Jan 2026, 17:26","Skipped RDL I hate them","Leg Extension (Machine)",,"",0,"normal",200,12,,,
"LEG","27 Jan 2026, 16:21","27 Jan 2026, 17:26","Skipped RDL I hate them","Leg Extension (Machine)",,"",1,"normal",205,10,,,
"LEG","27 Jan 2026, 16:21","27 Jan 2026, 17:26","Skipped RDL I hate them","Leg Extension (Machine)",,"",2,"normal",205,11,,,
"LEG","27 Jan 2026, 16:21","27 Jan 2026, 17:26","Skipped RDL I hate them","Calf Press (Machine)",,"",0,"normal",360,20,,,
"LEG","27 Jan 2026, 16:21","27 Jan 2026, 17:26","Skipped RDL I hate them","Calf Press (Machine)",,"",1,"normal",370,20,,,
"LEG","27 Jan 2026, 16:21","27 Jan 2026, 17:26","Skipped RDL I hate them","Calf Press (Machine)",,"",2,"normal",380,20,,,
"LEG","27 Jan 2026, 16:21","27 Jan 2026, 17:26","Skipped RDL I hate them","Seated Leg Curl (Machine)",,"",0,"normal",195,12,,,
"LEG","27 Jan 2026, 16:21","27 Jan 2026, 17:26","Skipped RDL I hate them","Seated Leg Curl (Machine)",,"",1,"normal",200,10,,,
"LEG","27 Jan 2026, 16:21","27 Jan 2026, 17:26","Skipped RDL I hate them","Seated Leg Curl (Machine)",,"",2,"normal",200,12,,,
"LEG","27 Jan 2026, 16:21","27 Jan 2026, 17:26","Skipped RDL I hate them","Cable Crunch",,"",0,"normal",190,15,,,
"LEG","27 Jan 2026, 16:21","27 Jan 2026, 17:26","Skipped RDL I hate them","Cable Crunch",,"",1,"normal",200,15,,,
"LEG","27 Jan 2026, 16:21","27 Jan 2026, 17:26","Skipped RDL I hate them","Cable Crunch",,"",2,"normal",200,13,,,
"LEG","27 Jan 2026, 16:21","27 Jan 2026, 17:26","Skipped RDL I hate them","Leg Raise Parallel Bars",,"",0,"normal",,12,,,
"PULL","26 Jan 2026, 17:22","26 Jan 2026, 18:37","","Dead Hang",,"",0,"normal",,,,37,
"PULL","26 Jan 2026, 17:22","26 Jan 2026, 18:37","","Pull Up",,"",0,"normal",,6,,,
"PULL","26 Jan 2026, 17:22","26 Jan 2026, 18:37","","Pull Up",,"",1,"normal",,8,,,
"PULL","26 Jan 2026, 17:22","26 Jan 2026, 18:37","","Pull Up",,"",2,"normal",,6,,,
"PULL","26 Jan 2026, 17:22","26 Jan 2026, 18:37","","Pull Up",,"",3,"normal",,5,,,
"PULL","26 Jan 2026, 17:22","26 Jan 2026, 18:37","","Bent Over Row (Barbell)",,"",0,"warmup",45,6,,,
"PULL","26 Jan 2026, 17:22","26 Jan 2026, 18:37","","Bent Over Row (Barbell)",,"",1,"warmup",135,5,,,
"PULL","26 Jan 2026, 17:22","26 Jan 2026, 18:37","","Bent Over Row (Barbell)",,"",2,"normal",165,10,,,
"PULL","26 Jan 2026, 17:22","26 Jan 2026, 18:37","","Bent Over Row (Barbell)",,"",3,"normal",175,7,,,
"PULL","26 Jan 2026, 17:22","26 Jan 2026, 18:37","","Bent Over Row (Barbell)",,"",4,"normal",175,7,,,
"PULL","26 Jan 2026, 17:22","26 Jan 2026, 18:37","","Single Arm Cable Row",,"",0,"warmup",70,5,,,
"PULL","26 Jan 2026, 17:22","26 Jan 2026, 18:37","","Single Arm Cable Row",,"",1,"normal",100,15,,,
"PULL","26 Jan 2026, 17:22","26 Jan 2026, 18:37","","Single Arm Cable Row",,"",2,"normal",110,12,,,
"PULL","26 Jan 2026, 17:22","26 Jan 2026, 18:37","","Single Arm Cable Row",,"",3,"normal",110,12,,,
"PULL","26 Jan 2026, 17:22","26 Jan 2026, 18:37","","Reverse Fly Single Arm (Cable)",,"",0,"warmup",10,8,,,
"PULL","26 Jan 2026, 17:22","26 Jan 2026, 18:37","","Reverse Fly Single Arm (Cable)",,"",1,"normal",25,14,,,
"PULL","26 Jan 2026, 17:22","26 Jan 2026, 18:37","","Reverse Fly Single Arm (Cable)",,"",2,"normal",25,13,,,
"PULL","26 Jan 2026, 17:22","26 Jan 2026, 18:37","","Reverse Fly Single Arm (Cable)",,"",3,"normal",25,15,,,
"PULL","26 Jan 2026, 17:22","26 Jan 2026, 18:37","","Preacher Curl (Barbell)",,"",0,"warmup",20,8,,,
"PULL","26 Jan 2026, 17:22","26 Jan 2026, 18:37","","Preacher Curl (Barbell)",,"",1,"warmup",40,6,,,
"PULL","26 Jan 2026, 17:22","26 Jan 2026, 18:37","","Preacher Curl (Barbell)",,"",2,"normal",55,9,,,
"PULL","26 Jan 2026, 17:22","26 Jan 2026, 18:37","","Preacher Curl (Barbell)",,"",3,"normal",55,7,,,
"PULL","26 Jan 2026, 17:22","26 Jan 2026, 18:37","","EZ Bar Biceps Curl",,"",0,"normal",70,8,,,
"PULL","26 Jan 2026, 17:22","26 Jan 2026, 18:37","","Hammer Curl (Cable)",,"",0,"warmup",90,12,,,
"PULL","26 Jan 2026, 17:22","26 Jan 2026, 18:37","","Hammer Curl (Cable)",,"",1,"normal",130,11,,,
"PULL","26 Jan 2026, 17:22","26 Jan 2026, 18:37","","Hammer Curl (Cable)",,"",2,"normal",130,12,,,
"PULL","26 Jan 2026, 17:22","26 Jan 2026, 18:37","","Hammer Curl (Cable)",,"",3,"normal",140,11,,,
"PUSH","25 Jan 2026, 12:23","25 Jan 2026, 13:38","","Incline Bench Press (Smith Machine)",,"",0,"warmup",115,5,,,
"PUSH","25 Jan 2026, 12:23","25 Jan 2026, 13:38","","Incline Bench Press (Smith Machine)",,"",1,"warmup",135,5,,,
"PUSH","25 Jan 2026, 12:23","25 Jan 2026, 13:38","","Incline Bench Press (Smith Machine)",,"",2,"normal",165,7,,,
"PUSH","25 Jan 2026, 12:23","25 Jan 2026, 13:38","","Incline Bench Press (Smith Machine)",,"",3,"normal",165,5,,,
"PUSH","25 Jan 2026, 12:23","25 Jan 2026, 13:38","","Incline Bench Press (Smith Machine)",,"",4,"normal",165,5,,,
"PUSH","25 Jan 2026, 12:23","25 Jan 2026, 13:38","","Incline Bench Press (Smith Machine)",,"",5,"normal",145,9,,,
"PUSH","25 Jan 2026, 12:23","25 Jan 2026, 13:38","","Chest Fly (Machine)",,"",0,"warmup",130,5,,,
"PUSH","25 Jan 2026, 12:23","25 Jan 2026, 13:38","","Chest Fly (Machine)",,"",1,"normal",160,6,,,
"PUSH","25 Jan 2026, 12:23","25 Jan 2026, 13:38","","Chest Fly (Machine)",,"",2,"normal",150,9,,,
"PUSH","25 Jan 2026, 12:23","25 Jan 2026, 13:38","","Chest Fly (Machine)",,"",3,"normal",150,6,,,
"PUSH","25 Jan 2026, 12:23","25 Jan 2026, 13:38","","Chest Fly (Machine)",,"",4,"normal",140,10,,,
"PUSH","25 Jan 2026, 12:23","25 Jan 2026, 13:38","","Single Arm Lateral Raise (Cable)",,"",0,"normal",35,14,,,
"PUSH","25 Jan 2026, 12:23","25 Jan 2026, 13:38","","Single Arm Lateral Raise (Cable)",,"",1,"normal",35,13,,,
"PUSH","25 Jan 2026, 12:23","25 Jan 2026, 13:38","","Single Arm Lateral Raise (Cable)",,"",2,"normal",35,17,,,
"PUSH","25 Jan 2026, 12:23","25 Jan 2026, 13:38","","Shoulder Press (Dumbbell)",,"",0,"normal",110,6,,,
"PUSH","25 Jan 2026, 12:23","25 Jan 2026, 13:38","","Shoulder Press (Dumbbell)",,"",1,"normal",110,9,,,
"PUSH","25 Jan 2026, 12:23","25 Jan 2026, 13:38","","Single Arm Triceps Pushdown (Cable)",,"",0,"warmup",55,3,,,
"PUSH","25 Jan 2026, 12:23","25 Jan 2026, 13:38","","Single Arm Triceps Pushdown (Cable)",,"",1,"normal",55,8,,,
"PUSH","25 Jan 2026, 12:23","25 Jan 2026, 13:38","","Single Arm Triceps Pushdown (Cable)",,"",2,"normal",60,6,,,
"PUSH","25 Jan 2026, 12:23","25 Jan 2026, 13:38","","Single Arm Triceps Pushdown (Cable)",,"",3,"normal",55,8,,,
"PUSH","25 Jan 2026, 12:23","25 Jan 2026, 13:38","","Triceps Extension (Cable)",,"",0,"normal",35,8,,,
"PUSH","25 Jan 2026, 12:23","25 Jan 2026, 13:38","","Triceps Extension (Cable)",,"",1,"normal",45,6,,,
"PUSH","25 Jan 2026, 12:23","25 Jan 2026, 13:38","","Triceps Extension (Cable)",,"",2,"normal",40,9,,,
"PUSH","25 Jan 2026, 12:23","25 Jan 2026, 13:38","","Cable Crunch",,"",0,"normal",180,15,,,
"PUSH","25 Jan 2026, 12:23","25 Jan 2026, 13:38","","Cable Crunch",,"",1,"normal",185,15,,,
"PUSH","25 Jan 2026, 12:23","25 Jan 2026, 13:38","","Cable Crunch",,"",2,"normal",190,12,,,
"LEG SHARM","23 Jan 2026, 17:30","23 Jan 2026, 18:39","crazy pump","Seated Leg Curl (Machine)",,"",0,"warmup",100,5,,,
"LEG SHARM","23 Jan 2026, 17:30","23 Jan 2026, 18:39","crazy pump","Seated Leg Curl (Machine)",,"",1,"normal",170,10,,,
"LEG SHARM","23 Jan 2026, 17:30","23 Jan 2026, 18:39","crazy pump","Seated Leg Curl (Machine)",,"",2,"normal",180,10,,,
"LEG SHARM","23 Jan 2026, 17:30","23 Jan 2026, 18:39","crazy pump","Seated Leg Curl (Machine)",,"",3,"normal",190,10,,,
"LEG SHARM","23 Jan 2026, 17:30","23 Jan 2026, 18:39","crazy pump","Seated Leg Curl (Machine)",,"",4,"normal",200,9,,,
"LEG SHARM","23 Jan 2026, 17:30","23 Jan 2026, 18:39","crazy pump","Leg Extension (Machine)",,"",0,"warmup",145,5,,,
"LEG SHARM","23 Jan 2026, 17:30","23 Jan 2026, 18:39","crazy pump","Leg Extension (Machine)",,"",1,"normal",175,12,,,
"LEG SHARM","23 Jan 2026, 17:30","23 Jan 2026, 18:39","crazy pump","Leg Extension (Machine)",,"",2,"normal",185,12,,,
"LEG SHARM","23 Jan 2026, 17:30","23 Jan 2026, 18:39","crazy pump","Leg Extension (Machine)",,"",3,"normal",190,12,,,
"LEG SHARM","23 Jan 2026, 17:30","23 Jan 2026, 18:39","crazy pump","Leg Extension (Machine)",,"",4,"normal",195,10,,,
"LEG SHARM","23 Jan 2026, 17:30","23 Jan 2026, 18:39","crazy pump","Shoulder Press (Dumbbell)",,"",0,"warmup",80,8,,,
"LEG SHARM","23 Jan 2026, 17:30","23 Jan 2026, 18:39","crazy pump","Shoulder Press (Dumbbell)",,"",1,"normal",100,12,,,
"LEG SHARM","23 Jan 2026, 17:30","23 Jan 2026, 18:39","crazy pump","Shoulder Press (Dumbbell)",,"",2,"normal",110,8,,,
"LEG SHARM","23 Jan 2026, 17:30","23 Jan 2026, 18:39","crazy pump","Shoulder Press (Dumbbell)",,"",3,"normal",110,9,,,
"LEG SHARM","23 Jan 2026, 17:30","23 Jan 2026, 18:39","crazy pump","Lateral Raise (Dumbbell)",,"",0,"normal",40,12,,,
"LEG SHARM","23 Jan 2026, 17:30","23 Jan 2026, 18:39","crazy pump","Lateral Raise (Dumbbell)",,"",1,"normal",40,4,,,
"LEG SHARM","23 Jan 2026, 17:30","23 Jan 2026, 18:39","crazy pump","Single Arm Lateral Raise (Cable)",,"",0,"normal",35,12,,,
"LEG SHARM","23 Jan 2026, 17:30","23 Jan 2026, 18:39","crazy pump","Single Arm Lateral Raise (Cable)",,"",1,"normal",35,12,,,
"LEG SHARM","23 Jan 2026, 17:30","23 Jan 2026, 18:39","crazy pump","EZ Bar Biceps Curl",,"",0,"normal",70,12,,,
"LEG SHARM","23 Jan 2026, 17:30","23 Jan 2026, 18:39","crazy pump","EZ Bar Biceps Curl",,"",1,"normal",70,10,,,
"LEG SHARM","23 Jan 2026, 17:30","23 Jan 2026, 18:39","crazy pump","EZ Bar Biceps Curl",,"",2,"normal",70,12,,,
"LEG SHARM","23 Jan 2026, 17:30","23 Jan 2026, 18:39","crazy pump","Single Arm Triceps Pushdown (Cable)",,"",0,"normal",50,13,,,
"LEG SHARM","23 Jan 2026, 17:30","23 Jan 2026, 18:39","crazy pump","Single Arm Triceps Pushdown (Cable)",,"",1,"normal",55,10,,,
"LEG SHARM","23 Jan 2026, 17:30","23 Jan 2026, 18:39","crazy pump","Single Arm Triceps Pushdown (Cable)",,"",2,"normal",55,8,,,
"CHEST BACK","22 Jan 2026, 16:49","22 Jan 2026, 18:10","","Chest Press (Machine)",,"",0,"warmup",80,5,,,
"CHEST BACK","22 Jan 2026, 16:49","22 Jan 2026, 18:10","","Chest Press (Machine)",,"",1,"warmup",130,3,,,
"CHEST BACK","22 Jan 2026, 16:49","22 Jan 2026, 18:10","","Chest Press (Machine)",,"",2,"warmup",150,2,,,
"CHEST BACK","22 Jan 2026, 16:49","22 Jan 2026, 18:10","","Chest Press (Machine)",,"",3,"normal",165,12,,,
"CHEST BACK","22 Jan 2026, 16:49","22 Jan 2026, 18:10","","Chest Press (Machine)",,"",4,"normal",170,11,,,
"CHEST BACK","22 Jan 2026, 16:49","22 Jan 2026, 18:10","","Chest Press (Machine)",,"",5,"normal",170,7,,,
"CHEST BACK","22 Jan 2026, 16:49","22 Jan 2026, 18:10","","Lat Pulldown (Cable)",,"",0,"warmup",100,5,,,
"CHEST BACK","22 Jan 2026, 16:49","22 Jan 2026, 18:10","","Lat Pulldown (Cable)",,"",1,"warmup",140,3,,,
"CHEST BACK","22 Jan 2026, 16:49","22 Jan 2026, 18:10","","Lat Pulldown (Cable)",,"",2,"normal",170,7,,,
"CHEST BACK","22 Jan 2026, 16:49","22 Jan 2026, 18:10","","Lat Pulldown (Cable)",,"",3,"normal",170,7,,,
"CHEST BACK","22 Jan 2026, 16:49","22 Jan 2026, 18:10","","Lat Pulldown (Cable)",,"",4,"normal",170,6,,,
"CHEST BACK","22 Jan 2026, 16:49","22 Jan 2026, 18:10","","Incline Bench Press (Barbell)",,"",0,"warmup",45,5,,,
"CHEST BACK","22 Jan 2026, 16:49","22 Jan 2026, 18:10","","Incline Bench Press (Barbell)",,"",1,"warmup",95,5,,,
"CHEST BACK","22 Jan 2026, 16:49","22 Jan 2026, 18:10","","Incline Bench Press (Barbell)",,"",2,"normal",155,5,,,
"CHEST BACK","22 Jan 2026, 16:49","22 Jan 2026, 18:10","","Incline Bench Press (Barbell)",,"",3,"normal",155,5,,,
"CHEST BACK","22 Jan 2026, 16:49","22 Jan 2026, 18:10","","Incline Bench Press (Barbell)",,"",4,"normal",155,4,,,
"CHEST BACK","22 Jan 2026, 16:49","22 Jan 2026, 18:10","","Bent Over Row (Barbell)",,"",0,"warmup",45,5,,,
"CHEST BACK","22 Jan 2026, 16:49","22 Jan 2026, 18:10","","Bent Over Row (Barbell)",,"",1,"warmup",135,5,,,
"CHEST BACK","22 Jan 2026, 16:49","22 Jan 2026, 18:10","","Bent Over Row (Barbell)",,"",2,"normal",165,7,,,
"CHEST BACK","22 Jan 2026, 16:49","22 Jan 2026, 18:10","","Bent Over Row (Barbell)",,"",3,"normal",165,7,,,
"CHEST BACK","22 Jan 2026, 16:49","22 Jan 2026, 18:10","","Chest Fly (Machine)",,"",0,"warmup",130,6,,,
"CHEST BACK","22 Jan 2026, 16:49","22 Jan 2026, 18:10","","Chest Fly (Machine)",,"",1,"warmup",150,5,,,
"CHEST BACK","22 Jan 2026, 16:49","22 Jan 2026, 18:10","","Chest Fly (Machine)",,"",2,"normal",160,9,,,
"CHEST BACK","22 Jan 2026, 16:49","22 Jan 2026, 18:10","","Chest Fly (Machine)",,"",3,"normal",160,9,,,
"CHEST BACK","22 Jan 2026, 16:49","22 Jan 2026, 18:10","","Chest Fly (Machine)",,"",4,"normal",160,7,,,
"CHEST BACK","22 Jan 2026, 16:49","22 Jan 2026, 18:10","","Seated Cable Row - V Grip (Cable)",,"",0,"warmup",130,5,,,
"CHEST BACK","22 Jan 2026, 16:49","22 Jan 2026, 18:10","","Seated Cable Row - V Grip (Cable)",,"",1,"normal",150,10,,,
"CHEST BACK","22 Jan 2026, 16:49","22 Jan 2026, 18:10","","Seated Cable Row - V Grip (Cable)",,"",2,"normal",150,12,,,
"CHEST BACK","22 Jan 2026, 16:49","22 Jan 2026, 18:10","","Seated Cable Row - V Grip (Cable)",,"",3,"normal",150,9,,,
"CHEST BACK","22 Jan 2026, 16:49","22 Jan 2026, 18:10","","Cable Crunch",,"",0,"warmup",160,12,,,
"CHEST BACK","22 Jan 2026, 16:49","22 Jan 2026, 18:10","","Cable Crunch",,"",1,"normal",190,15,,,
"CHEST BACK","22 Jan 2026, 16:49","22 Jan 2026, 18:10","","Cable Crunch",,"",2,"normal",200,12,,,
"CHEST BACK","22 Jan 2026, 16:49","22 Jan 2026, 18:10","","Cable Crunch",,"",3,"normal",200,10,,,
"LEG","20 Jan 2026, 16:53","20 Jan 2026, 17:50","Torture","Squat (Smith Machine)",,"",0,"warmup",115,10,,,
"LEG","20 Jan 2026, 16:53","20 Jan 2026, 17:50","Torture","Squat (Smith Machine)",,"",1,"normal",185,12,,,
"LEG","20 Jan 2026, 16:53","20 Jan 2026, 17:50","Torture","Squat (Smith Machine)",,"",2,"normal",195,10,,,
"LEG","20 Jan 2026, 16:53","20 Jan 2026, 17:50","Torture","Squat (Smith Machine)",,"",3,"normal",205,7,,,
"LEG","20 Jan 2026, 16:53","20 Jan 2026, 17:50","Torture","Deadlift (Smith Machine)",,"",0,"warmup",115,8,,,
"LEG","20 Jan 2026, 16:53","20 Jan 2026, 17:50","Torture","Deadlift (Smith Machine)",,"",1,"normal",165,8,,,
"LEG","20 Jan 2026, 16:53","20 Jan 2026, 17:50","Torture","Deadlift (Smith Machine)",,"",2,"normal",165,4,,,
"LEG","20 Jan 2026, 16:53","20 Jan 2026, 17:50","Torture","Single Leg Extensions",,"",0,"normal",105,10,,,
"LEG","20 Jan 2026, 16:53","20 Jan 2026, 17:50","Torture","Single Leg Extensions",,"",1,"normal",105,10,,,
"LEG","20 Jan 2026, 16:53","20 Jan 2026, 17:50","Torture","Single Leg Extensions",,"",2,"normal",110,8,,,
"LEG","20 Jan 2026, 16:53","20 Jan 2026, 17:50","Torture","Calf Press (Machine)",,"",0,"normal",370,20,,,
"LEG","20 Jan 2026, 16:53","20 Jan 2026, 17:50","Torture","Calf Press (Machine)",,"",1,"normal",370,20,,,
"LEG","20 Jan 2026, 16:53","20 Jan 2026, 17:50","Torture","Calf Press (Machine)",,"",2,"normal",370,17,,,
"LEG","20 Jan 2026, 16:53","20 Jan 2026, 17:50","Torture","Calf Press (Machine)",,"",3,"normal",370,12,,,
"LEG","20 Jan 2026, 16:53","20 Jan 2026, 17:50","Torture","Seated Leg Curl (Machine)",,"",0,"normal",195,10,,,
"LEG","20 Jan 2026, 16:53","20 Jan 2026, 17:50","Torture","Seated Leg Curl (Machine)",,"",1,"normal",195,10,,,
"LEG","20 Jan 2026, 16:53","20 Jan 2026, 17:50","Torture","Seated Leg Curl (Machine)",,"",2,"normal",200,8,,,
"PULL","19 Jan 2026, 13:17","19 Jan 2026, 14:34","","Dead Hang",,"",0,"normal",,,,32,
"PULL","19 Jan 2026, 13:17","19 Jan 2026, 14:34","","Pull Up",,"",0,"warmup",,2,,,
"PULL","19 Jan 2026, 13:17","19 Jan 2026, 14:34","","Pull Up",,"",1,"normal",,7,,,
"PULL","19 Jan 2026, 13:17","19 Jan 2026, 14:34","","Pull Up",,"",2,"normal",,5,,,
"PULL","19 Jan 2026, 13:17","19 Jan 2026, 14:34","","Pull Up",,"",3,"normal",,5,,,
"PULL","19 Jan 2026, 13:17","19 Jan 2026, 14:34","","Chest Supported Bent Over Row (Smith Machine)",,"",0,"warmup",110,6,,,
"PULL","19 Jan 2026, 13:17","19 Jan 2026, 14:34","","Chest Supported Bent Over Row (Smith Machine)",,"",1,"normal",130,7,,,
"PULL","19 Jan 2026, 13:17","19 Jan 2026, 14:34","","Chest Supported Bent Over Row (Smith Machine)",,"",2,"normal",130,10,,,
"PULL","19 Jan 2026, 13:17","19 Jan 2026, 14:34","","Chest Supported Bent Over Row (Smith Machine)",,"",3,"normal",140,7,,,
"PULL","19 Jan 2026, 13:17","19 Jan 2026, 14:34","","Single Arm Cable Row",,"",0,"normal",47.5,15,,,
"PULL","19 Jan 2026, 13:17","19 Jan 2026, 14:34","","Single Arm Cable Row",,"",1,"normal",52.5,11,,,
"PULL","19 Jan 2026, 13:17","19 Jan 2026, 14:34","","Single Arm Cable Row",,"",2,"normal",52.5,12,,,
"PULL","19 Jan 2026, 13:17","19 Jan 2026, 14:34","","Reverse Fly Single Arm (Cable)",,"",0,"normal",12.5,12,,,
"PULL","19 Jan 2026, 13:17","19 Jan 2026, 14:34","","Reverse Fly Single Arm (Cable)",,"",1,"normal",12.5,14,,,
"PULL","19 Jan 2026, 13:17","19 Jan 2026, 14:34","","Reverse Fly Single Arm (Cable)",,"",2,"normal",12.5,13,,,
"PULL","19 Jan 2026, 13:17","19 Jan 2026, 14:34","","Preacher Curl (Machine)",,"",0,"normal",95,15,,,
"PULL","19 Jan 2026, 13:17","19 Jan 2026, 14:34","","Preacher Curl (Machine)",,"",1,"normal",102.5,8,,,
"PULL","19 Jan 2026, 13:17","19 Jan 2026, 14:34","","Preacher Curl (Machine)",,"",2,"normal",102.5,9,,,
"PULL","19 Jan 2026, 13:17","19 Jan 2026, 14:34","","Hammer Curl (Dumbbell)",,"Seated",0,"normal",60,12,,,
"PULL","19 Jan 2026, 13:17","19 Jan 2026, 14:34","","Hammer Curl (Dumbbell)",,"Seated",1,"normal",60,12,,,
"PULL","19 Jan 2026, 13:17","19 Jan 2026, 14:34","","Hammer Curl (Dumbbell)",,"Seated",2,"normal",60,11,,,
"PULL","19 Jan 2026, 13:17","19 Jan 2026, 14:34","","Cable Crunch",,"",0,"normal",92.5,15,,,
"PULL","19 Jan 2026, 13:17","19 Jan 2026, 14:34","","Cable Crunch",,"",1,"normal",92.5,15,,,
"PULL","19 Jan 2026, 13:17","19 Jan 2026, 14:34","","Cable Crunch",,"",2,"normal",92.5,15,,,
"PUSH","18 Jan 2026, 15:34","18 Jan 2026, 16:46","","Incline Bench Press (Barbell)",,"",0,"warmup",135,10,,,
"PUSH","18 Jan 2026, 15:34","18 Jan 2026, 16:46","","Incline Bench Press (Barbell)",,"",1,"normal",150,8,,,
"PUSH","18 Jan 2026, 15:34","18 Jan 2026, 16:46","","Incline Bench Press (Barbell)",,"",2,"normal",150,8,,,
"PUSH","18 Jan 2026, 15:34","18 Jan 2026, 16:46","","Incline Bench Press (Barbell)",,"",3,"normal",155,6,,,
"PUSH","18 Jan 2026, 15:34","18 Jan 2026, 16:46","","Chest Fly (Machine)",,"",0,"normal",160,10,,,
"PUSH","18 Jan 2026, 15:34","18 Jan 2026, 16:46","","Chest Fly (Machine)",,"",1,"normal",160,9,,,
"PUSH","18 Jan 2026, 15:34","18 Jan 2026, 16:46","","Chest Fly (Machine)",,"",2,"normal",160,7,,,
"PUSH","18 Jan 2026, 15:34","18 Jan 2026, 16:46","","Chest Press (Machine)",,"",0,"normal",100,6,,,
"PUSH","18 Jan 2026, 15:34","18 Jan 2026, 16:46","","Shoulder Press (Dumbbell)",,"",0,"normal",90,12,,,
"PUSH","18 Jan 2026, 15:34","18 Jan 2026, 16:46","","Shoulder Press (Dumbbell)",,"",1,"normal",100,10,,,
"PUSH","18 Jan 2026, 15:34","18 Jan 2026, 16:46","","Shoulder Press (Dumbbell)",,"",2,"normal",100,10,,,
"PUSH","18 Jan 2026, 15:34","18 Jan 2026, 16:46","","Single Arm Lateral Raise (Cable)",,"",0,"normal",17.5,13,,,
"PUSH","18 Jan 2026, 15:34","18 Jan 2026, 16:46","","Single Arm Lateral Raise (Cable)",,"",1,"normal",17.5,10,,,
"PUSH","18 Jan 2026, 15:34","18 Jan 2026, 16:46","","Single Arm Lateral Raise (Cable)",,"",2,"normal",17.5,10,,,
"PUSH","18 Jan 2026, 15:34","18 Jan 2026, 16:46","","Single Arm Triceps Pushdown (Cable)",,"",0,"normal",22.5,13,,,
"PUSH","18 Jan 2026, 15:34","18 Jan 2026, 16:46","","Single Arm Triceps Pushdown (Cable)",,"",1,"normal",27.5,9,,,
"PUSH","18 Jan 2026, 15:34","18 Jan 2026, 16:46","","Single Arm Triceps Pushdown (Cable)",,"",2,"normal",27.5,9,,,
"PUSH","18 Jan 2026, 15:34","18 Jan 2026, 16:46","","Overhead Triceps Extension (Cable)",,"",0,"normal",47.5,7,,,
"PUSH","18 Jan 2026, 15:34","18 Jan 2026, 16:46","","Overhead Triceps Extension (Cable)",,"",1,"normal",42.5,8,,,
"PUSH","18 Jan 2026, 15:34","18 Jan 2026, 16:46","","Overhead Triceps Extension (Cable)",,"",2,"normal",42.5,10,,,
"LEG SHARM","17 Jan 2026, 16:51","17 Jan 2026, 18:18","","Hack Squat (Machine)",,"",0,"warmup",110,10,,,
"LEG SHARM","17 Jan 2026, 16:51","17 Jan 2026, 18:18","","Hack Squat (Machine)",,"",1,"normal",240,12,,,
"LEG SHARM","17 Jan 2026, 16:51","17 Jan 2026, 18:18","","Hack Squat (Machine)",,"",2,"normal",260,12,,,
"LEG SHARM","17 Jan 2026, 16:51","17 Jan 2026, 18:18","","Hack Squat (Machine)",,"",3,"normal",280,10,,,
"LEG SHARM","17 Jan 2026, 16:51","17 Jan 2026, 18:18","","Hack Squat (Machine)",,"",4,"normal",280,10,,,
"LEG SHARM","17 Jan 2026, 16:51","17 Jan 2026, 18:18","","Calf Press (Machine)",,"",0,"normal",280,20,,,
"LEG SHARM","17 Jan 2026, 16:51","17 Jan 2026, 18:18","","Calf Press (Machine)",,"",1,"normal",330,20,,,
"LEG SHARM","17 Jan 2026, 16:51","17 Jan 2026, 18:18","","Calf Press (Machine)",,"",2,"normal",330,20,,,
"LEG SHARM","17 Jan 2026, 16:51","17 Jan 2026, 18:18","","Lying Leg Curl (Machine)",,"",0,"normal",95,12,,,
"LEG SHARM","17 Jan 2026, 16:51","17 Jan 2026, 18:18","","Lying Leg Curl (Machine)",,"",1,"normal",110,10,,,
"LEG SHARM","17 Jan 2026, 16:51","17 Jan 2026, 18:18","","Lying Leg Curl (Machine)",,"",2,"normal",110,7,,,
"LEG SHARM","17 Jan 2026, 16:51","17 Jan 2026, 18:18","","Single Leg Extensions",,"",0,"normal",100,8,,,
"LEG SHARM","17 Jan 2026, 16:51","17 Jan 2026, 18:18","","Single Leg Extensions",,"",1,"normal",100,6,,,
"LEG SHARM","17 Jan 2026, 16:51","17 Jan 2026, 18:18","","Single Leg Extensions",,"",2,"normal",85,10,,,
"LEG SHARM","17 Jan 2026, 16:51","17 Jan 2026, 18:18","","Hip Abduction (Machine)",,"",0,"normal",135,12,,,
"LEG SHARM","17 Jan 2026, 16:51","17 Jan 2026, 18:18","","Hip Abduction (Machine)",,"",1,"normal",135,12,,,
"LEG SHARM","17 Jan 2026, 16:51","17 Jan 2026, 18:18","","Hip Abduction (Machine)",,"",2,"normal",135,12,,,
"LEG SHARM","17 Jan 2026, 16:51","17 Jan 2026, 18:18","","Hip Adduction (Machine)",,"",0,"normal",60,10,,,
"LEG SHARM","17 Jan 2026, 16:51","17 Jan 2026, 18:18","","Hip Adduction (Machine)",,"",1,"normal",60,5,,,
"LEG SHARM","17 Jan 2026, 16:51","17 Jan 2026, 18:18","","Hip Adduction (Machine)",,"",2,"normal",45,10,,,
"LEG SHARM","17 Jan 2026, 16:51","17 Jan 2026, 18:18","","Seated Shoulder Press (Machine)",,"",0,"normal",85,10,,,
"LEG SHARM","17 Jan 2026, 16:51","17 Jan 2026, 18:18","","Seated Shoulder Press (Machine)",,"",1,"normal",85,12,,,
"LEG SHARM","17 Jan 2026, 16:51","17 Jan 2026, 18:18","","Seated Shoulder Press (Machine)",,"",2,"normal",95,8,,,
"LEG SHARM","17 Jan 2026, 16:51","17 Jan 2026, 18:18","","Preacher Curl (Machine)",,"",0,"normal",80,12,,,
"LEG SHARM","17 Jan 2026, 16:51","17 Jan 2026, 18:18","","Preacher Curl (Machine)",,"",1,"normal",95,12,,,
"LEG SHARM","17 Jan 2026, 16:51","17 Jan 2026, 18:18","","Preacher Curl (Machine)",,"",2,"normal",95,12,,,
"LEG SHARM","17 Jan 2026, 16:51","17 Jan 2026, 18:18","","Cable Crunch",,"",0,"normal",67.5,15,,,
"LEG SHARM","17 Jan 2026, 16:51","17 Jan 2026, 18:18","","Cable Crunch",,"",1,"normal",87.5,15,,,
"LEG SHARM","17 Jan 2026, 16:51","17 Jan 2026, 18:18","","Cable Crunch",,"",2,"normal",97.5,11,,,
"LEG SHARM","17 Jan 2026, 16:51","17 Jan 2026, 18:18","","Cable Crunch",,"",3,"normal",97.5,10,,,
"CHEST BACK","14 Jan 2026, 17:26","14 Jan 2026, 18:40","","Chest Fly (Machine)",,"",0,"normal",160,12,,,
"CHEST BACK","14 Jan 2026, 17:26","14 Jan 2026, 18:40","","Chest Fly (Machine)",,"",1,"normal",170,7,,,
"CHEST BACK","14 Jan 2026, 17:26","14 Jan 2026, 18:40","","Chest Fly (Machine)",,"",2,"normal",170,5,,,
"CHEST BACK","14 Jan 2026, 17:26","14 Jan 2026, 18:40","","Chest Fly (Machine)",,"",3,"normal",160,6,,,
"CHEST BACK","14 Jan 2026, 17:26","14 Jan 2026, 18:40","","Pull Up",,"",0,"normal",,8,,,
"CHEST BACK","14 Jan 2026, 17:26","14 Jan 2026, 18:40","","Pull Up",,"",1,"normal",,6,,,
"CHEST BACK","14 Jan 2026, 17:26","14 Jan 2026, 18:40","","Pull Up",,"",2,"normal",,5,,,
"CHEST BACK","14 Jan 2026, 17:26","14 Jan 2026, 18:40","","Incline Chest Press (Machine)",,"",0,"warmup",114,12,,,
"CHEST BACK","14 Jan 2026, 17:26","14 Jan 2026, 18:40","","Incline Chest Press (Machine)",,"",1,"normal",144,12,,,
"CHEST BACK","14 Jan 2026, 17:26","14 Jan 2026, 18:40","","Incline Chest Press (Machine)",,"",2,"normal",154,10,,,
"CHEST BACK","14 Jan 2026, 17:26","14 Jan 2026, 18:40","","Incline Chest Press (Machine)",,"",3,"normal",164,10,,,
"CHEST BACK","14 Jan 2026, 17:26","14 Jan 2026, 18:40","","Chest Supported Bent Over Row (Smith Machine)",,"",0,"normal",115,12,,,
"CHEST BACK","14 Jan 2026, 17:26","14 Jan 2026, 18:40","","Chest Supported Bent Over Row (Smith Machine)",,"",1,"normal",135,8,,,
"CHEST BACK","14 Jan 2026, 17:26","14 Jan 2026, 18:40","","Chest Supported Bent Over Row (Smith Machine)",,"",2,"normal",135,7,,,
"CHEST BACK","14 Jan 2026, 17:26","14 Jan 2026, 18:40","","Cable Crunch",,"",0,"normal",190,9,,,
"CHEST BACK","14 Jan 2026, 17:26","14 Jan 2026, 18:40","","Cable Crunch",,"",1,"normal",190,12,,,
"CHEST BACK","14 Jan 2026, 17:26","14 Jan 2026, 18:40","","Chest Press (Machine)",,"",0,"normal",165,10,,,
"CHEST BACK","14 Jan 2026, 17:26","14 Jan 2026, 18:40","","Chest Press (Machine)",,"",1,"normal",165,9,,,
"CHEST BACK","14 Jan 2026, 17:26","14 Jan 2026, 18:40","","Chest Press (Machine)",,"",2,"normal",165,8,,,
"CHEST BACK","14 Jan 2026, 17:26","14 Jan 2026, 18:40","","Seated Cable Row - V Grip (Cable)",,"",0,"normal",150,10,,,
"CHEST BACK","14 Jan 2026, 17:26","14 Jan 2026, 18:40","","Seated Cable Row - V Grip (Cable)",,"",1,"normal",150,9,,,
"CHEST BACK","14 Jan 2026, 17:26","14 Jan 2026, 18:40","","Seated Cable Row - V Grip (Cable)",,"",2,"normal",140,11,,,
"CHEST BACK","14 Jan 2026, 17:26","14 Jan 2026, 18:40","","Cable Crunch",,"",0,"normal",150,10,,,
"CHEST BACK","14 Jan 2026, 17:26","14 Jan 2026, 18:40","","Cable Crunch",,"",1,"normal",150,10,,,
"CHEST BACK","14 Jan 2026, 17:26","14 Jan 2026, 18:40","","Cable Crunch",,"",2,"normal",150,15,,,
"LEG","13 Jan 2026, 16:49","13 Jan 2026, 18:04","Holy volume","Squat (Smith Machine)",,"",0,"warmup",115,10,,,
"LEG","13 Jan 2026, 16:49","13 Jan 2026, 18:04","Holy volume","Squat (Smith Machine)",,"",1,"normal",185,8,,,
"LEG","13 Jan 2026, 16:49","13 Jan 2026, 18:04","Holy volume","Squat (Smith Machine)",,"",2,"normal",185,10,,,
"LEG","13 Jan 2026, 16:49","13 Jan 2026, 18:04","Holy volume","Squat (Smith Machine)",,"",3,"normal",195,8,,,
"LEG","13 Jan 2026, 16:49","13 Jan 2026, 18:04","Holy volume","Romanian Deadlift (Barbell)",,"",0,"warmup",135,8,,,
"LEG","13 Jan 2026, 16:49","13 Jan 2026, 18:04","Holy volume","Romanian Deadlift (Barbell)",,"",1,"normal",205,8,,,
"LEG","13 Jan 2026, 16:49","13 Jan 2026, 18:04","Holy volume","Romanian Deadlift (Barbell)",,"",2,"normal",205,8,,,
"LEG","13 Jan 2026, 16:49","13 Jan 2026, 18:04","Holy volume","Romanian Deadlift (Barbell)",,"",3,"normal",205,9,,,
"LEG","13 Jan 2026, 16:49","13 Jan 2026, 18:04","Holy volume","Single Leg Extensions",,"",0,"normal",95,10,,,
"LEG","13 Jan 2026, 16:49","13 Jan 2026, 18:04","Holy volume","Single Leg Extensions",,"",1,"normal",100,10,,,
"LEG","13 Jan 2026, 16:49","13 Jan 2026, 18:04","Holy volume","Single Leg Extensions",,"",2,"normal",105,8,,,
"LEG","13 Jan 2026, 16:49","13 Jan 2026, 18:04","Holy volume","Seated Leg Curl (Machine)",,"",0,"normal",190,12,,,
"LEG","13 Jan 2026, 16:49","13 Jan 2026, 18:04","Holy volume","Seated Leg Curl (Machine)",,"",1,"normal",195,9,,,
"LEG","13 Jan 2026, 16:49","13 Jan 2026, 18:04","Holy volume","Seated Leg Curl (Machine)",,"",2,"normal",195,10,,,
"LEG","13 Jan 2026, 16:49","13 Jan 2026, 18:04","Holy volume","Calf Press (Machine)",,"",0,"normal",360,25,,,
"LEG","13 Jan 2026, 16:49","13 Jan 2026, 18:04","Holy volume","Calf Press (Machine)",,"",1,"normal",370,21,,,
"LEG","13 Jan 2026, 16:49","13 Jan 2026, 18:04","Holy volume","Calf Press (Machine)",,"",2,"normal",370,20,,,
"LEG","13 Jan 2026, 16:49","13 Jan 2026, 18:04","Holy volume","Leg Raise Parallel Bars",,"",0,"normal",,15,,,
"LEG","13 Jan 2026, 16:49","13 Jan 2026, 18:04","Holy volume","Leg Raise Parallel Bars",,"",1,"normal",,16,,,
"LEG","13 Jan 2026, 16:49","13 Jan 2026, 18:04","Holy volume","Leg Raise Parallel Bars",,"",2,"normal",,12,,,
"PULL","12 Jan 2026, 16:47","12 Jan 2026, 17:53","","Dead Hang",,"",0,"normal",,,,50,
"PULL","12 Jan 2026, 16:47","12 Jan 2026, 17:53","","Lat Pulldown (Cable)",,"",0,"warmup",120,10,,,
"PULL","12 Jan 2026, 16:47","12 Jan 2026, 17:53","","Lat Pulldown (Cable)",,"",1,"normal",160,10,,,
"PULL","12 Jan 2026, 16:47","12 Jan 2026, 17:53","","Lat Pulldown (Cable)",,"",2,"normal",160,10,,,
"PULL","12 Jan 2026, 16:47","12 Jan 2026, 17:53","","Lat Pulldown (Cable)",,"",3,"normal",160,7,,,
"PULL","12 Jan 2026, 16:47","12 Jan 2026, 17:53","","Lat Pulldown (Cable)",,"",4,"dropset",130,6,,,
"PULL","12 Jan 2026, 16:47","12 Jan 2026, 17:53","","Single Arm Cable Row",,"",0,"normal",90,12,,,
"PULL","12 Jan 2026, 16:47","12 Jan 2026, 17:53","","Single Arm Cable Row",,"",1,"normal",100,13,,,
"PULL","12 Jan 2026, 16:47","12 Jan 2026, 17:53","","Single Arm Cable Row",,"",2,"normal",100,12,,,
"PULL","12 Jan 2026, 16:47","12 Jan 2026, 17:53","","Reverse Fly Single Arm (Cable)",,"",0,"normal",20,15,,,
"PULL","12 Jan 2026, 16:47","12 Jan 2026, 17:53","","Reverse Fly Single Arm (Cable)",,"",1,"normal",25,14,,,
"PULL","12 Jan 2026, 16:47","12 Jan 2026, 17:53","","Reverse Fly Single Arm (Cable)",,"",2,"normal",25,14,,,
"PULL","12 Jan 2026, 16:47","12 Jan 2026, 17:53","","Chest Supported Bent Over Row (Smith Machine)",,"",0,"warmup",75,12,,,
"PULL","12 Jan 2026, 16:47","12 Jan 2026, 17:53","","Chest Supported Bent Over Row (Smith Machine)",,"",1,"normal",115,9,,,
"PULL","12 Jan 2026, 16:47","12 Jan 2026, 17:53","","Chest Supported Bent Over Row (Smith Machine)",,"",2,"normal",115,10,,,
"PULL","12 Jan 2026, 16:47","12 Jan 2026, 17:53","","Chest Supported Bent Over Row (Smith Machine)",,"",3,"normal",115,10,,,
"PULL","12 Jan 2026, 16:47","12 Jan 2026, 17:53","","Preacher Curl (Barbell)",,"",0,"normal",55,12,,,
"PULL","12 Jan 2026, 16:47","12 Jan 2026, 17:53","","Preacher Curl (Barbell)",,"",1,"normal",55,7,,,
"PULL","12 Jan 2026, 16:47","12 Jan 2026, 17:53","","Preacher Curl (Barbell)",,"",2,"normal",55,7,,,
"PULL","12 Jan 2026, 16:47","12 Jan 2026, 17:53","","Bicep Curl (Cable)",,"",0,"normal",90,10,,,
"PULL","12 Jan 2026, 16:47","12 Jan 2026, 17:53","","Hammer Curl (Cable)",,"",0,"normal",130,10,,,
"PULL","12 Jan 2026, 16:47","12 Jan 2026, 17:53","","Hammer Curl (Cable)",,"",1,"normal",130,10,,,
"PULL","12 Jan 2026, 16:47","12 Jan 2026, 17:53","","Hammer Curl (Cable)",,"",2,"normal",,9,,,
"PUSH","10 Jan 2026, 14:29","10 Jan 2026, 15:31","","Incline Bench Press (Smith Machine)",,"",0,"warmup",115,10,,,
"PUSH","10 Jan 2026, 14:29","10 Jan 2026, 15:31","","Incline Bench Press (Smith Machine)",,"",1,"normal",165,7,,,
"PUSH","10 Jan 2026, 14:29","10 Jan 2026, 15:31","","Incline Bench Press (Smith Machine)",,"",2,"normal",165,5,,,
"PUSH","10 Jan 2026, 14:29","10 Jan 2026, 15:31","","Incline Bench Press (Smith Machine)",,"",3,"normal",165,7,,,
"PUSH","10 Jan 2026, 14:29","10 Jan 2026, 15:31","","Chest Press (Machine)",,"",0,"normal",160,11,,,
"PUSH","10 Jan 2026, 14:29","10 Jan 2026, 15:31","","Chest Press (Machine)",,"",1,"normal",165,10,,,
"PUSH","10 Jan 2026, 14:29","10 Jan 2026, 15:31","","Chest Press (Machine)",,"",2,"normal",165,8,,,
"PUSH","10 Jan 2026, 14:29","10 Jan 2026, 15:31","","Chest Fly (Machine)",,"",0,"normal",160,7,,,
"PUSH","10 Jan 2026, 14:29","10 Jan 2026, 15:31","","Chest Fly (Machine)",,"",1,"normal",160,7,,,
"PUSH","10 Jan 2026, 14:29","10 Jan 2026, 15:31","","Chest Fly (Machine)",,"",2,"normal",150,7,,,
"PUSH","10 Jan 2026, 14:29","10 Jan 2026, 15:31","","Single Arm Lateral Raise (Cable)",,"",0,"normal",30,15,,,
"PUSH","10 Jan 2026, 14:29","10 Jan 2026, 15:31","","Single Arm Lateral Raise (Cable)",,"",1,"normal",35,12,,,
"PUSH","10 Jan 2026, 14:29","10 Jan 2026, 15:31","","Single Arm Lateral Raise (Cable)",,"",2,"normal",35,12,,,
"PUSH","10 Jan 2026, 14:29","10 Jan 2026, 15:31","","Single Arm Triceps Pushdown (Cable)",,"",0,"normal",40,14,,,
"PUSH","10 Jan 2026, 14:29","10 Jan 2026, 15:31","","Single Arm Triceps Pushdown (Cable)",,"",1,"normal",45,11,,,
"PUSH","10 Jan 2026, 14:29","10 Jan 2026, 15:31","","Single Arm Triceps Pushdown (Cable)",,"",2,"normal",45,8,,,
"PUSH","10 Jan 2026, 14:29","10 Jan 2026, 15:31","","Overhead Triceps Extension (Cable)",,"",0,"normal",110,9,,,
"PUSH","10 Jan 2026, 14:29","10 Jan 2026, 15:31","","Overhead Triceps Extension (Cable)",,"",1,"normal",110,9,,,
"PUSH","10 Jan 2026, 14:29","10 Jan 2026, 15:31","","Overhead Triceps Extension (Cable)",,"",2,"normal",100,12,,,
"PUSH","10 Jan 2026, 14:29","10 Jan 2026, 15:31","","Cable Crunch",,"",0,"normal",190,15,,,
"PUSH","10 Jan 2026, 14:29","10 Jan 2026, 15:31","","Cable Crunch",,"",1,"normal",200,13,,,
"PUSH","10 Jan 2026, 14:29","10 Jan 2026, 15:31","","Cable Crunch",,"",2,"normal",200,11,,,
"LEG SHARM","9 Jan 2026, 17:08","9 Jan 2026, 18:26","Barely legs","Leg Extension (Machine)",,"",0,"warmup",140,12,,,
"LEG SHARM","9 Jan 2026, 17:08","9 Jan 2026, 18:26","Barely legs","Leg Extension (Machine)",,"",1,"normal",170,12,,,
"LEG SHARM","9 Jan 2026, 17:08","9 Jan 2026, 18:26","Barely legs","Leg Extension (Machine)",,"",2,"normal",175,12,,,
"LEG SHARM","9 Jan 2026, 17:08","9 Jan 2026, 18:26","Barely legs","Leg Extension (Machine)",,"",3,"normal",175,12,,,
"LEG SHARM","9 Jan 2026, 17:08","9 Jan 2026, 18:26","Barely legs","Shoulder Press (Dumbbell)",,"",0,"normal",100,10,,,
"LEG SHARM","9 Jan 2026, 17:08","9 Jan 2026, 18:26","Barely legs","Shoulder Press (Dumbbell)",,"",1,"normal",100,10,,,
"LEG SHARM","9 Jan 2026, 17:08","9 Jan 2026, 18:26","Barely legs","Shoulder Press (Dumbbell)",,"",2,"normal",100,10,,,
"LEG SHARM","9 Jan 2026, 17:08","9 Jan 2026, 18:26","Barely legs","Single Arm Lateral Raise (Cable)",,"",0,"normal",30,15,,,
"LEG SHARM","9 Jan 2026, 17:08","9 Jan 2026, 18:26","Barely legs","Single Arm Lateral Raise (Cable)",,"",1,"normal",30,15,,,
"LEG SHARM","9 Jan 2026, 17:08","9 Jan 2026, 18:26","Barely legs","Single Arm Lateral Raise (Cable)",,"",2,"normal",30,12,,,
"LEG SHARM","9 Jan 2026, 17:08","9 Jan 2026, 18:26","Barely legs","Rear Delt Reverse Fly (Cable)",,"",0,"normal",40,10,,,
"LEG SHARM","9 Jan 2026, 17:08","9 Jan 2026, 18:26","Barely legs","Rear Delt Reverse Fly (Cable)",,"",1,"normal",40,10,,,
"LEG SHARM","9 Jan 2026, 17:08","9 Jan 2026, 18:26","Barely legs","Rear Delt Reverse Fly (Cable)",,"",2,"normal",20,13,,,
"LEG SHARM","9 Jan 2026, 17:08","9 Jan 2026, 18:26","Barely legs","Reverse Curl (Barbell)",0,"",0,"normal",70,10,,,
"LEG SHARM","9 Jan 2026, 17:08","9 Jan 2026, 18:26","Barely legs","Reverse Curl (Barbell)",0,"",1,"normal",70,10,,,
"LEG SHARM","9 Jan 2026, 17:08","9 Jan 2026, 18:26","Barely legs","Reverse Curl (Barbell)",0,"",2,"normal",60,12,,,
"LEG SHARM","9 Jan 2026, 17:08","9 Jan 2026, 18:26","Barely legs","EZ Bar Biceps Curl",0,"",0,"normal",70,8,,,
"LEG SHARM","9 Jan 2026, 17:08","9 Jan 2026, 18:26","Barely legs","EZ Bar Biceps Curl",0,"",1,"normal",70,4,,,
"LEG SHARM","9 Jan 2026, 17:08","9 Jan 2026, 18:26","Barely legs","EZ Bar Biceps Curl",0,"",2,"normal",60,9,,,
"LEG SHARM","9 Jan 2026, 17:08","9 Jan 2026, 18:26","Barely legs","Triceps Dip",1,"",0,"normal",,8,,,
"LEG SHARM","9 Jan 2026, 17:08","9 Jan 2026, 18:26","Barely legs","Triceps Dip",1,"",1,"normal",,10,,,
"LEG SHARM","9 Jan 2026, 17:08","9 Jan 2026, 18:26","Barely legs","Triceps Dip",1,"",2,"normal",,10,,,
"LEG SHARM","9 Jan 2026, 17:08","9 Jan 2026, 18:26","Barely legs","Leg Raise Parallel Bars",1,"",0,"normal",,15,,,
"LEG SHARM","9 Jan 2026, 17:08","9 Jan 2026, 18:26","Barely legs","Leg Raise Parallel Bars",1,"",1,"normal",,15,,,
"LEG SHARM","9 Jan 2026, 17:08","9 Jan 2026, 18:26","Barely legs","Leg Raise Parallel Bars",1,"",2,"normal",,15,,,
"UPPER","8 Jan 2026, 16:40","8 Jan 2026, 17:49","","Incline Bench Press (Dumbbell)",,"",0,"warmup",100,10,,,
"UPPER","8 Jan 2026, 16:40","8 Jan 2026, 17:49","","Incline Bench Press (Dumbbell)",,"",1,"normal",120,12,,,
"UPPER","8 Jan 2026, 16:40","8 Jan 2026, 17:49","","Incline Bench Press (Dumbbell)",,"",2,"normal",130,7,,,
"UPPER","8 Jan 2026, 16:40","8 Jan 2026, 17:49","","Incline Bench Press (Dumbbell)",,"",3,"normal",130,8,,,
"UPPER","8 Jan 2026, 16:40","8 Jan 2026, 17:49","","Pull Up",,"",0,"normal",,8,,,
"UPPER","8 Jan 2026, 16:40","8 Jan 2026, 17:49","","Pull Up",,"",1,"normal",,5,,,
"UPPER","8 Jan 2026, 16:40","8 Jan 2026, 17:49","","Pull Up",,"",2,"normal",,5,,,
"UPPER","8 Jan 2026, 16:40","8 Jan 2026, 17:49","","Chest Press (Machine)",,"",0,"normal",160,12,,,
"UPPER","8 Jan 2026, 16:40","8 Jan 2026, 17:49","","Chest Press (Machine)",,"",1,"normal",170,11,,,
"UPPER","8 Jan 2026, 16:40","8 Jan 2026, 17:49","","Chest Press (Machine)",,"",2,"normal",170,8,,,
"UPPER","8 Jan 2026, 16:40","8 Jan 2026, 17:49","","Seated Cable Row - V Grip (Cable)",,"",0,"normal",155,11,,,
"UPPER","8 Jan 2026, 16:40","8 Jan 2026, 17:49","","Seated Cable Row - V Grip (Cable)",,"",1,"normal",155,10,,,
"UPPER","8 Jan 2026, 16:40","8 Jan 2026, 17:49","","Seated Cable Row - V Grip (Cable)",,"",2,"normal",155,10,,,
"UPPER","8 Jan 2026, 16:40","8 Jan 2026, 17:49","","Bicep Curl (Cable)",,"",0,"normal",110,12,,,
"UPPER","8 Jan 2026, 16:40","8 Jan 2026, 17:49","","Bicep Curl (Cable)",,"",1,"normal",120,8,,,
"UPPER","8 Jan 2026, 16:40","8 Jan 2026, 17:49","","Bicep Curl (Cable)",,"",2,"normal",115,7,,,
"UPPER","8 Jan 2026, 16:40","8 Jan 2026, 17:49","","Triceps Rope Pushdown",,"",0,"normal",120,12,,,
"UPPER","8 Jan 2026, 16:40","8 Jan 2026, 17:49","","Triceps Rope Pushdown",,"",1,"normal",120,10,,,
"UPPER","8 Jan 2026, 16:40","8 Jan 2026, 17:49","","Triceps Rope Pushdown",,"",2,"normal",120,8,,,
"UPPER","8 Jan 2026, 16:40","8 Jan 2026, 17:49","","Cable Crunch",,"",0,"normal",190,15,,,
"UPPER","8 Jan 2026, 16:40","8 Jan 2026, 17:49","","Cable Crunch",,"",1,"normal",190,15,,,
"UPPER","8 Jan 2026, 16:40","8 Jan 2026, 17:49","","Cable Crunch",,"",2,"normal",200,8,,,
"LEG","7 Jan 2026, 16:59","7 Jan 2026, 18:02","","Squat (Barbell)",,"",0,"warmup",135,10,,,
"LEG","7 Jan 2026, 16:59","7 Jan 2026, 18:02","","Squat (Barbell)",,"",1,"normal",165,10,,,
"LEG","7 Jan 2026, 16:59","7 Jan 2026, 18:02","","Squat (Barbell)",,"",2,"normal",175,6,,,
"LEG","7 Jan 2026, 16:59","7 Jan 2026, 18:02","","Squat (Barbell)",,"",3,"normal",175,8,,,
"LEG","7 Jan 2026, 16:59","7 Jan 2026, 18:02","","Romanian Deadlift (Barbell)",,"",0,"warmup",135,10,,,
"LEG","7 Jan 2026, 16:59","7 Jan 2026, 18:02","","Romanian Deadlift (Barbell)",,"",1,"normal",195,10,,,
"LEG","7 Jan 2026, 16:59","7 Jan 2026, 18:02","","Romanian Deadlift (Barbell)",,"",2,"normal",195,10,,,
"LEG","7 Jan 2026, 16:59","7 Jan 2026, 18:02","","Romanian Deadlift (Barbell)",,"",3,"normal",195,8,,,
"LEG","7 Jan 2026, 16:59","7 Jan 2026, 18:02","","Seated Leg Curl (Machine)",,"",0,"normal",200,6,,,
"LEG","7 Jan 2026, 16:59","7 Jan 2026, 18:02","","Seated Leg Curl (Machine)",,"",1,"normal",180,10,,,
"LEG","7 Jan 2026, 16:59","7 Jan 2026, 18:02","","Seated Leg Curl (Machine)",,"",2,"normal",190,5,,,
"LEG","7 Jan 2026, 16:59","7 Jan 2026, 18:02","","Single Leg Extensions",,"",0,"normal",95,10,,,
"LEG","7 Jan 2026, 16:59","7 Jan 2026, 18:02","","Single Leg Extensions",,"",1,"normal",95,10,,,
"LEG","7 Jan 2026, 16:59","7 Jan 2026, 18:02","","Single Leg Extensions",,"",2,"normal",95,10,,,
"LEG","7 Jan 2026, 16:59","7 Jan 2026, 18:02","","Calf Press (Machine)",,"",0,"normal",410,16,,,
"LEG","7 Jan 2026, 16:59","7 Jan 2026, 18:02","","Calf Press (Machine)",,"",1,"normal",410,15,,,
"LEG","7 Jan 2026, 16:59","7 Jan 2026, 18:02","","Calf Press (Machine)",,"",2,"normal",250,30,,,
"LEG","7 Jan 2026, 16:59","7 Jan 2026, 18:02","","Leg Raise Parallel Bars",,"",0,"normal",,15,,,
"LEG","7 Jan 2026, 16:59","7 Jan 2026, 18:02","","Leg Raise Parallel Bars",,"",1,"normal",,15,,,
"LEG","7 Jan 2026, 16:59","7 Jan 2026, 18:02","","Leg Raise Parallel Bars",,"",2,"normal",,15,,,
"PULL","6 Jan 2026, 17:20","6 Jan 2026, 18:35","","Pull Up",,"",0,"normal",,7,,,
"PULL","6 Jan 2026, 17:20","6 Jan 2026, 18:35","","Lat Pulldown (Cable)",,"",0,"normal",170,9,,,
"PULL","6 Jan 2026, 17:20","6 Jan 2026, 18:35","","Lat Pulldown (Cable)",,"",1,"normal",170,8,,,
"PULL","6 Jan 2026, 17:20","6 Jan 2026, 18:35","","Lat Pulldown (Cable)",,"",2,"normal",170,7,,,
"PULL","6 Jan 2026, 17:20","6 Jan 2026, 18:35","","Single Arm Cable Row",,"",0,"normal",90,13,,,
"PULL","6 Jan 2026, 17:20","6 Jan 2026, 18:35","","Single Arm Cable Row",,"",1,"normal",90,13,,,
"PULL","6 Jan 2026, 17:20","6 Jan 2026, 18:35","","Single Arm Cable Row",,"",2,"normal",90,14,,,
"PULL","6 Jan 2026, 17:20","6 Jan 2026, 18:35","","Bent Over Row (Barbell)",,"",0,"warmup",135,10,,,
"PULL","6 Jan 2026, 17:20","6 Jan 2026, 18:35","","Bent Over Row (Barbell)",,"",1,"normal",155,12,,,
"PULL","6 Jan 2026, 17:20","6 Jan 2026, 18:35","","Bent Over Row (Barbell)",,"",2,"normal",165,10,,,
"PULL","6 Jan 2026, 17:20","6 Jan 2026, 18:35","","Bent Over Row (Barbell)",,"",3,"normal",175,9,,,
"PULL","6 Jan 2026, 17:20","6 Jan 2026, 18:35","","Rear Delt Reverse Fly (Machine)",,"",0,"normal",80,11,,,
"PULL","6 Jan 2026, 17:20","6 Jan 2026, 18:35","","Rear Delt Reverse Fly (Machine)",,"",1,"normal",80,12,,,
"PULL","6 Jan 2026, 17:20","6 Jan 2026, 18:35","","Rear Delt Reverse Fly (Machine)",,"",2,"normal",85,10,,,
"PULL","6 Jan 2026, 17:20","6 Jan 2026, 18:35","","Preacher Curl (Barbell)",,"",0,"normal",50,15,,,
"PULL","6 Jan 2026, 17:20","6 Jan 2026, 18:35","","Preacher Curl (Barbell)",,"",1,"normal",55,10,,,
"PULL","6 Jan 2026, 17:20","6 Jan 2026, 18:35","","Preacher Curl (Barbell)",,"",2,"normal",55,10,,,
"PULL","6 Jan 2026, 17:20","6 Jan 2026, 18:35","","Preacher Curl (Barbell)",,"",3,"normal",55,7,,,
"PULL","6 Jan 2026, 17:20","6 Jan 2026, 18:35","","Hammer Curl (Cable)",,"",0,"normal",130,9,,,
"PULL","6 Jan 2026, 17:20","6 Jan 2026, 18:35","","Hammer Curl (Cable)",,"",1,"normal",130,11,,,
"PULL","6 Jan 2026, 17:20","6 Jan 2026, 18:35","","Hammer Curl (Cable)",,"",2,"normal",130,10,,,
"PULL","6 Jan 2026, 17:20","6 Jan 2026, 18:35","","Cable Crunch",,"",0,"normal",190,12,,,
"PULL","6 Jan 2026, 17:20","6 Jan 2026, 18:35","","Cable Crunch",,"",1,"normal",190,15,,,
"PULL","6 Jan 2026, 17:20","6 Jan 2026, 18:35","","Cable Crunch",,"",2,"normal",190,14,,,
"PUSH","4 Jan 2026, 21:00","4 Jan 2026, 22:26","post blue mountain lift","Incline Bench Press (Barbell)",,"",0,"warmup",45,10,,,
"PUSH","4 Jan 2026, 21:00","4 Jan 2026, 22:26","post blue mountain lift","Incline Bench Press (Barbell)",,"",1,"normal",145,8,,,
"PUSH","4 Jan 2026, 21:00","4 Jan 2026, 22:26","post blue mountain lift","Incline Bench Press (Barbell)",,"",2,"normal",145,7,,,
"PUSH","4 Jan 2026, 21:00","4 Jan 2026, 22:26","post blue mountain lift","Incline Bench Press (Barbell)",,"",3,"normal",145,9,,,
"PUSH","4 Jan 2026, 21:00","4 Jan 2026, 22:26","post blue mountain lift","Incline Bench Press (Barbell)",,"",4,"normal",150,7,,,
"PUSH","4 Jan 2026, 21:00","4 Jan 2026, 22:26","post blue mountain lift","Chest Fly (Machine)",,"",0,"normal",160,10,,,
"PUSH","4 Jan 2026, 21:00","4 Jan 2026, 22:26","post blue mountain lift","Chest Fly (Machine)",,"",1,"normal",160,10,,,
"PUSH","4 Jan 2026, 21:00","4 Jan 2026, 22:26","post blue mountain lift","Chest Fly (Machine)",,"",2,"normal",170,7,,,
"PUSH","4 Jan 2026, 21:00","4 Jan 2026, 22:26","post blue mountain lift","Chest Press (Machine)",,"",0,"normal",115,10,,,
"PUSH","4 Jan 2026, 21:00","4 Jan 2026, 22:26","post blue mountain lift","Chest Press (Machine)",,"",1,"normal",115,10,,,
"PUSH","4 Jan 2026, 21:00","4 Jan 2026, 22:26","post blue mountain lift","Chest Press (Machine)",,"",2,"normal",115,11,,,
"PUSH","4 Jan 2026, 21:00","4 Jan 2026, 22:26","post blue mountain lift","Lateral Raise (Dumbbell)",,"",0,"normal",12.5,16,,,
"PUSH","4 Jan 2026, 21:00","4 Jan 2026, 22:26","post blue mountain lift","Lateral Raise (Dumbbell)",,"",1,"normal",17.5,13,,,
"PUSH","4 Jan 2026, 21:00","4 Jan 2026, 22:26","post blue mountain lift","Lateral Raise (Dumbbell)",,"",2,"normal",17.5,14,,,
"PUSH","4 Jan 2026, 21:00","4 Jan 2026, 22:26","post blue mountain lift","Triceps Rope Pushdown",,"",0,"normal",57.5,12,,,
"PUSH","4 Jan 2026, 21:00","4 Jan 2026, 22:26","post blue mountain lift","Triceps Rope Pushdown",,"",1,"normal",57.5,12,,,
"PUSH","4 Jan 2026, 21:00","4 Jan 2026, 22:26","post blue mountain lift","Triceps Rope Pushdown",,"",2,"normal",57.5,12,,,
"PUSH","4 Jan 2026, 21:00","4 Jan 2026, 22:26","post blue mountain lift","Overhead Triceps Extension (Cable)",,"",0,"normal",52.5,11,,,
"PUSH","4 Jan 2026, 21:00","4 Jan 2026, 22:26","post blue mountain lift","Overhead Triceps Extension (Cable)",,"",1,"normal",52.5,12,,,
"PUSH","4 Jan 2026, 21:00","4 Jan 2026, 22:26","post blue mountain lift","Overhead Triceps Extension (Cable)",,"",2,"normal",52.5,12,,,
"UPPER","1 Jan 2026, 15:37","1 Jan 2026, 16:52","new year new me ahh","Bench Press (Barbell)",,"",0,"warmup",45,10,,,
"UPPER","1 Jan 2026, 15:37","1 Jan 2026, 16:52","new year new me ahh","Bench Press (Barbell)",,"",1,"normal",135,12,,,
"UPPER","1 Jan 2026, 15:37","1 Jan 2026, 16:52","new year new me ahh","Bench Press (Barbell)",,"",2,"normal",155,8,,,
"UPPER","1 Jan 2026, 15:37","1 Jan 2026, 16:52","new year new me ahh","Bench Press (Barbell)",,"",3,"normal",155,7,,,
"UPPER","1 Jan 2026, 15:37","1 Jan 2026, 16:52","new year new me ahh","Chest Fly (Machine)",,"",0,"normal",160,8,,,
"UPPER","1 Jan 2026, 15:37","1 Jan 2026, 16:52","new year new me ahh","Chest Fly (Machine)",,"",1,"normal",150,10,,,
"UPPER","1 Jan 2026, 15:37","1 Jan 2026, 16:52","new year new me ahh","Chest Fly (Machine)",,"",2,"normal",155,9,,,
"UPPER","1 Jan 2026, 15:37","1 Jan 2026, 16:52","new year new me ahh","Chest Press (Machine)",,"",0,"normal",160,9,,,
"UPPER","1 Jan 2026, 15:37","1 Jan 2026, 16:52","new year new me ahh","Chest Press (Machine)",,"",1,"normal",160,10,,,
"UPPER","1 Jan 2026, 15:37","1 Jan 2026, 16:52","new year new me ahh","Chest Press (Machine)",,"",2,"normal",160,10,,,
"UPPER","1 Jan 2026, 15:37","1 Jan 2026, 16:52","new year new me ahh","Seated Lateral Raise (Dumbbell)",,"",0,"normal",40,12,,,
"UPPER","1 Jan 2026, 15:37","1 Jan 2026, 16:52","new year new me ahh","Seated Lateral Raise (Dumbbell)",,"",1,"normal",40,12,,,
"UPPER","1 Jan 2026, 15:37","1 Jan 2026, 16:52","new year new me ahh","Seated Lateral Raise (Dumbbell)",,"",2,"normal",40,12,,,
"UPPER","1 Jan 2026, 15:37","1 Jan 2026, 16:52","new year new me ahh","Pull Up",,"",0,"normal",,6,,,
"UPPER","1 Jan 2026, 15:37","1 Jan 2026, 16:52","new year new me ahh","Pull Up",,"",1,"normal",,6,,,
"UPPER","1 Jan 2026, 15:37","1 Jan 2026, 16:52","new year new me ahh","Bicep Curl (Cable)",,"",0,"normal",120,9,,,
"UPPER","1 Jan 2026, 15:37","1 Jan 2026, 16:52","new year new me ahh","Bicep Curl (Cable)",,"",1,"normal",110,10,,,
"UPPER","1 Jan 2026, 15:37","1 Jan 2026, 16:52","new year new me ahh","Bicep Curl (Cable)",,"",2,"normal",110,13,,,
"UPPER","1 Jan 2026, 15:37","1 Jan 2026, 16:52","new year new me ahh","Triceps Rope Pushdown",,"",0,"normal",110,14,,,
"UPPER","1 Jan 2026, 15:37","1 Jan 2026, 16:52","new year new me ahh","Triceps Rope Pushdown",,"",1,"normal",120,11,,,
"UPPER","1 Jan 2026, 15:37","1 Jan 2026, 16:52","new year new me ahh","Triceps Rope Pushdown",,"",2,"normal",120,10,,,
"UPPER","1 Jan 2026, 15:37","1 Jan 2026, 16:52","new year new me ahh","Cable Crunch",,"",0,"normal",150,15,,,
"UPPER","1 Jan 2026, 15:37","1 Jan 2026, 16:52","new year new me ahh","Cable Crunch",,"",1,"normal",180,15,,,
"UPPER","1 Jan 2026, 15:37","1 Jan 2026, 16:52","new year new me ahh","Cable Crunch",,"",2,"normal",190,14,,,
"UPPER","1 Jan 2026, 15:37","1 Jan 2026, 16:52","new year new me ahh","Cable Crunch",,"",3,"normal",190,15,,,
"PULL","31 Dec 2025, 16:49","31 Dec 2025, 18:12","","Lat Pulldown (Cable)",,"",0,"warmup",120,10,,,
"PULL","31 Dec 2025, 16:49","31 Dec 2025, 18:12","","Lat Pulldown (Cable)",,"",1,"normal",170,9,,,
"PULL","31 Dec 2025, 16:49","31 Dec 2025, 18:12","","Lat Pulldown (Cable)",,"",2,"normal",170,9,,,
"PULL","31 Dec 2025, 16:49","31 Dec 2025, 18:12","","Lat Pulldown (Cable)",,"",3,"normal",170,8,,,
"PULL","31 Dec 2025, 16:49","31 Dec 2025, 18:12","","Bent Over Row (Barbell)",,"",0,"warmup",135,12,,,
"PULL","31 Dec 2025, 16:49","31 Dec 2025, 18:12","","Bent Over Row (Barbell)",,"",1,"normal",165,10,,,
"PULL","31 Dec 2025, 16:49","31 Dec 2025, 18:12","","Bent Over Row (Barbell)",,"",2,"normal",175,10,,,
"PULL","31 Dec 2025, 16:49","31 Dec 2025, 18:12","","Bent Over Row (Barbell)",,"",3,"normal",175,9,,,
"PULL","31 Dec 2025, 16:49","31 Dec 2025, 18:12","","Single Arm Cable Row",,"",0,"normal",40,15,,,
"PULL","31 Dec 2025, 16:49","31 Dec 2025, 18:12","","Single Arm Cable Row",,"",1,"normal",50,17,,,
"PULL","31 Dec 2025, 16:49","31 Dec 2025, 18:12","","Single Arm Cable Row",,"",2,"normal",60,15,,,
"PULL","31 Dec 2025, 16:49","31 Dec 2025, 18:12","","Rear Delt Reverse Fly (Cable)",,"",0,"normal",40,8,,,
"PULL","31 Dec 2025, 16:49","31 Dec 2025, 18:12","","Rear Delt Reverse Fly (Cable)",,"",1,"normal",40,9,,,
"PULL","31 Dec 2025, 16:49","31 Dec 2025, 18:12","","Rear Delt Reverse Fly (Cable)",,"",2,"normal",40,7,,,
"PULL","31 Dec 2025, 16:49","31 Dec 2025, 18:12","","Preacher Curl (Barbell)",,"",0,"normal",55,6,,,
"PULL","31 Dec 2025, 16:49","31 Dec 2025, 18:12","","Preacher Curl (Barbell)",,"",1,"normal",50,12,,,
"PULL","31 Dec 2025, 16:49","31 Dec 2025, 18:12","","Preacher Curl (Barbell)",,"",2,"normal",50,8,,,
"PULL","31 Dec 2025, 16:49","31 Dec 2025, 18:12","","Preacher Curl (Barbell)",,"",3,"normal",45,10,,,
"PULL","31 Dec 2025, 16:49","31 Dec 2025, 18:12","","Reverse Curl (Barbell)",,"",0,"normal",40,25,,,
"PULL","31 Dec 2025, 16:49","31 Dec 2025, 18:12","","Reverse Curl (Barbell)",,"",1,"normal",50,20,,,
"PULL","31 Dec 2025, 16:49","31 Dec 2025, 18:12","","Reverse Curl (Barbell)",,"",2,"normal",60,16,,,
"PULL","31 Dec 2025, 16:49","31 Dec 2025, 18:12","","Hammer Curl (Dumbbell)",,"",0,"normal",60,8,,,
"PULL","31 Dec 2025, 16:49","31 Dec 2025, 18:12","","Hammer Curl (Dumbbell)",,"",1,"normal",60,12,,,
"PUSH","29 Dec 2025, 16:36","29 Dec 2025, 17:48","","Incline Bench Press (Smith Machine)",,"",0,"warmup",115,10,,,
"PUSH","29 Dec 2025, 16:36","29 Dec 2025, 17:48","","Incline Bench Press (Smith Machine)",,"",1,"normal",165,8,,,
"PUSH","29 Dec 2025, 16:36","29 Dec 2025, 17:48","","Incline Bench Press (Smith Machine)",,"",2,"normal",165,5,,,
"PUSH","29 Dec 2025, 16:36","29 Dec 2025, 17:48","","Incline Bench Press (Smith Machine)",,"",3,"normal",155,10,,,
"PUSH","29 Dec 2025, 16:36","29 Dec 2025, 17:48","","Chest Fly (Machine)",,"",0,"normal",160,10,,,
"PUSH","29 Dec 2025, 16:36","29 Dec 2025, 17:48","","Chest Fly (Machine)",,"",1,"normal",160,8,,,
"PUSH","29 Dec 2025, 16:36","29 Dec 2025, 17:48","","Chest Fly (Machine)",,"",2,"normal",160,6,,,
"PUSH","29 Dec 2025, 16:36","29 Dec 2025, 17:48","","Chest Press (Machine)",,"",0,"normal",160,9,,,
"PUSH","29 Dec 2025, 16:36","29 Dec 2025, 17:48","","Chest Press (Machine)",,"",1,"normal",160,8,,,
"PUSH","29 Dec 2025, 16:36","29 Dec 2025, 17:48","","Chest Press (Machine)",,"",2,"normal",160,12,,,
"PUSH","29 Dec 2025, 16:36","29 Dec 2025, 17:48","","Single Arm Lateral Raise (Cable)",,"",0,"normal",30,15,,,
"PUSH","29 Dec 2025, 16:36","29 Dec 2025, 17:48","","Single Arm Lateral Raise (Cable)",,"",1,"normal",35,11,,,
"PUSH","29 Dec 2025, 16:36","29 Dec 2025, 17:48","","Single Arm Lateral Raise (Cable)",,"",2,"normal",35,11,,,
"PUSH","29 Dec 2025, 16:36","29 Dec 2025, 17:48","","Overhead Triceps Extension (Cable)",,"",0,"normal",110,13,,,
"PUSH","29 Dec 2025, 16:36","29 Dec 2025, 17:48","","Overhead Triceps Extension (Cable)",,"",1,"normal",110,11,,,
"PUSH","29 Dec 2025, 16:36","29 Dec 2025, 17:48","","Overhead Triceps Extension (Cable)",,"",2,"normal",110,10,,,
"PUSH","29 Dec 2025, 16:36","29 Dec 2025, 17:48","","Triceps Pushdown",,"",0,"normal",130,10,,,
"PUSH","29 Dec 2025, 16:36","29 Dec 2025, 17:48","","Triceps Pushdown",,"",1,"normal",130,11,,,
"PUSH","29 Dec 2025, 16:36","29 Dec 2025, 17:48","","Triceps Pushdown",,"",2,"normal",130,10,,,
"PUSH","29 Dec 2025, 16:36","29 Dec 2025, 17:48","","Cable Crunch",,"",0,"normal",170,15,,,
"PUSH","29 Dec 2025, 16:36","29 Dec 2025, 17:48","","Cable Crunch",,"",1,"normal",180,15,,,
"PUSH","29 Dec 2025, 16:36","29 Dec 2025, 17:48","","Cable Crunch",,"",2,"normal",180,12,,,
"LEG","28 Dec 2025, 11:49","28 Dec 2025, 12:44","","Hack Squat (Machine)",,"",0,"warmup",110,14,,,
"LEG","28 Dec 2025, 11:49","28 Dec 2025, 12:44","","Hack Squat (Machine)",,"",1,"normal",160,12,,,
"LEG","28 Dec 2025, 11:49","28 Dec 2025, 12:44","","Hack Squat (Machine)",,"",2,"normal",200,12,,,
"LEG","28 Dec 2025, 11:49","28 Dec 2025, 12:44","","Hack Squat (Machine)",,"",3,"normal",230,12,,,
"LEG","28 Dec 2025, 11:49","28 Dec 2025, 12:44","","Hack Squat (Machine)",,"",4,"normal",240,4,,,
"LEG","28 Dec 2025, 11:49","28 Dec 2025, 12:44","","Calf Press (Machine)",,"",0,"normal",200,20,,,
"LEG","28 Dec 2025, 11:49","28 Dec 2025, 12:44","","Calf Press (Machine)",,"",1,"normal",220,20,,,
"LEG","28 Dec 2025, 11:49","28 Dec 2025, 12:44","","Calf Press (Machine)",,"",2,"normal",220,20,,,
"LEG","28 Dec 2025, 11:49","28 Dec 2025, 12:44","","Romanian Deadlift (Barbell)",,"",0,"warmup",135,10,,,
"LEG","28 Dec 2025, 11:49","28 Dec 2025, 12:44","","Romanian Deadlift (Barbell)",,"",1,"normal",195,9,,,
"LEG","28 Dec 2025, 11:49","28 Dec 2025, 12:44","","Romanian Deadlift (Barbell)",,"",2,"normal",195,10,,,
"LEG","28 Dec 2025, 11:49","28 Dec 2025, 12:44","","Single Leg Extensions",,"",0,"normal",85,10,,,
"LEG","28 Dec 2025, 11:49","28 Dec 2025, 12:44","","Single Leg Extensions",,"",1,"normal",90,11,,,
"LEG","28 Dec 2025, 11:49","28 Dec 2025, 12:44","","Leg Extension (Machine)",,"",0,"normal",190,10,,,
"LEG","28 Dec 2025, 11:49","28 Dec 2025, 12:44","","Hip Abduction (Machine)",,"",0,"normal",90,15,,,
"LEG","28 Dec 2025, 11:49","28 Dec 2025, 12:44","","Hip Abduction (Machine)",,"",1,"normal",105,15,,,
"LEG","28 Dec 2025, 11:49","28 Dec 2025, 12:44","","Hip Abduction (Machine)",,"",2,"normal",120,15,,,
"LEG","28 Dec 2025, 11:49","28 Dec 2025, 12:44","","Hip Abduction (Machine)",,"",3,"normal",135,10,,,
"LEG","28 Dec 2025, 11:49","28 Dec 2025, 12:44","","Hip Adduction (Machine)",,"",0,"normal",60,15,,,
"LEG","28 Dec 2025, 11:49","28 Dec 2025, 12:44","","Hip Adduction (Machine)",,"",1,"normal",60,12,,,
"ARMS SHOULDER","27 Dec 2025, 15:45","27 Dec 2025, 16:53","","Triceps Pushdown",,"",0,"normal",62.5,15,,,
"ARMS SHOULDER","27 Dec 2025, 15:45","27 Dec 2025, 16:53","","Triceps Pushdown",,"",1,"normal",72.5,12,,,
"ARMS SHOULDER","27 Dec 2025, 15:45","27 Dec 2025, 16:53","","Triceps Pushdown",,"",2,"normal",72.5,11,,,
"ARMS SHOULDER","27 Dec 2025, 15:45","27 Dec 2025, 16:53","","Triceps Pushdown",,"",3,"normal",72.5,13,,,
"ARMS SHOULDER","27 Dec 2025, 15:45","27 Dec 2025, 16:53","","Overhead Triceps Extension (Cable)",,"",0,"normal",42.5,15,,,
"ARMS SHOULDER","27 Dec 2025, 15:45","27 Dec 2025, 16:53","","Overhead Triceps Extension (Cable)",,"",1,"normal",52.5,14,,,
"ARMS SHOULDER","27 Dec 2025, 15:45","27 Dec 2025, 16:53","","Overhead Triceps Extension (Cable)",,"",2,"normal",57.5,12,,,
"ARMS SHOULDER","27 Dec 2025, 15:45","27 Dec 2025, 16:53","","Bicep Curl (Cable)",,"",0,"normal",52.5,13,,,
"ARMS SHOULDER","27 Dec 2025, 15:45","27 Dec 2025, 16:53","","Bicep Curl (Cable)",,"",1,"normal",57.5,10,,,
"ARMS SHOULDER","27 Dec 2025, 15:45","27 Dec 2025, 16:53","","Bicep Curl (Cable)",,"",2,"normal",57.5,7,,,
"ARMS SHOULDER","27 Dec 2025, 15:45","27 Dec 2025, 16:53","","Hammer Curl (Dumbbell)",0,"",0,"normal",70,12,,,
"ARMS SHOULDER","27 Dec 2025, 15:45","27 Dec 2025, 16:53","","Hammer Curl (Dumbbell)",0,"",1,"normal",70,13,,,
"ARMS SHOULDER","27 Dec 2025, 15:45","27 Dec 2025, 16:53","","Hammer Curl (Dumbbell)",0,"",2,"normal",70,12,,,
"ARMS SHOULDER","27 Dec 2025, 15:45","27 Dec 2025, 16:53","","Shoulder Press (Dumbbell)",0,"",0,"normal",110,10,,,
"ARMS SHOULDER","27 Dec 2025, 15:45","27 Dec 2025, 16:53","","Shoulder Press (Dumbbell)",0,"",1,"normal",110,10,,,
"ARMS SHOULDER","27 Dec 2025, 15:45","27 Dec 2025, 16:53","","Shoulder Press (Dumbbell)",0,"",2,"normal",110,6,,,
"ARMS SHOULDER","27 Dec 2025, 15:45","27 Dec 2025, 16:53","","Lateral Raise (Dumbbell)",,"",0,"normal",40,15,,,
"ARMS SHOULDER","27 Dec 2025, 15:45","27 Dec 2025, 16:53","","Lateral Raise (Dumbbell)",,"",1,"normal",40,15,,,
"ARMS SHOULDER","27 Dec 2025, 15:45","27 Dec 2025, 16:53","","Lateral Raise (Dumbbell)",,"",2,"normal",40,12,,,
"ARMS SHOULDER","27 Dec 2025, 15:45","27 Dec 2025, 16:53","","Face Pull",,"",0,"normal",52.5,12,,,
"ARMS SHOULDER","27 Dec 2025, 15:45","27 Dec 2025, 16:53","","Cable Crunch",,"",0,"normal",72.5,15,,,
"ARMS SHOULDER","27 Dec 2025, 15:45","27 Dec 2025, 16:53","","Cable Crunch",,"",1,"normal",87.5,14,,,
"ARMS SHOULDER","27 Dec 2025, 15:45","27 Dec 2025, 16:53","","Cable Crunch",,"",2,"normal",97.5,15,,,
"ARMS SHOULDER","27 Dec 2025, 15:45","27 Dec 2025, 16:53","","Cable Crunch",,"",3,"normal",97.5,15,,,
"UPPER","26 Dec 2025, 18:23","26 Dec 2025, 19:41","chest back focus. it's snowing so much","Squat (Smith Machine)",,"",0,"warmup",110,8,,,
"UPPER","26 Dec 2025, 18:23","26 Dec 2025, 19:41","chest back focus. it's snowing so much","Squat (Smith Machine)",,"",1,"normal",160,10,,,
"UPPER","26 Dec 2025, 18:23","26 Dec 2025, 19:41","chest back focus. it's snowing so much","Squat (Smith Machine)",,"",2,"normal",180,8,,,
"UPPER","26 Dec 2025, 18:23","26 Dec 2025, 19:41","chest back focus. it's snowing so much","Incline Bench Press (Smith Machine)",,"",0,"normal",160,8,,,
"UPPER","26 Dec 2025, 18:23","26 Dec 2025, 19:41","chest back focus. it's snowing so much","Incline Bench Press (Smith Machine)",,"",1,"normal",160,7,,,
"UPPER","26 Dec 2025, 18:23","26 Dec 2025, 19:41","chest back focus. it's snowing so much","Incline Bench Press (Smith Machine)",,"",2,"normal",160,6,,,
"UPPER","26 Dec 2025, 18:23","26 Dec 2025, 19:41","chest back focus. it's snowing so much","Lat Pulldown (Cable)",,"",0,"normal",160,12,,,
"UPPER","26 Dec 2025, 18:23","26 Dec 2025, 19:41","chest back focus. it's snowing so much","Lat Pulldown (Cable)",,"",1,"normal",170,10,,,
"UPPER","26 Dec 2025, 18:23","26 Dec 2025, 19:41","chest back focus. it's snowing so much","Lat Pulldown (Cable)",,"",2,"normal",170,10,,,
"UPPER","26 Dec 2025, 18:23","26 Dec 2025, 19:41","chest back focus. it's snowing so much","Chest Press (Machine)",,"worst chest machine ive tried",0,"normal",70,7,,,
"UPPER","26 Dec 2025, 18:23","26 Dec 2025, 19:41","chest back focus. it's snowing so much","Chest Press (Machine)",,"worst chest machine ive tried",1,"normal",100,12,,,
"UPPER","26 Dec 2025, 18:23","26 Dec 2025, 19:41","chest back focus. it's snowing so much","Chest Press (Machine)",,"worst chest machine ive tried",2,"normal",115,10,,,
"UPPER","26 Dec 2025, 18:23","26 Dec 2025, 19:41","chest back focus. it's snowing so much","Seated Cable Row - V Grip (Cable)",,"",0,"normal",140,15,,,
"UPPER","26 Dec 2025, 18:23","26 Dec 2025, 19:41","chest back focus. it's snowing so much","Seated Cable Row - V Grip (Cable)",,"",1,"normal",160,12,,,
"UPPER","26 Dec 2025, 18:23","26 Dec 2025, 19:41","chest back focus. it's snowing so much","Seated Cable Row - V Grip (Cable)",,"",2,"normal",160,10,,,
"UPPER","26 Dec 2025, 18:23","26 Dec 2025, 19:41","chest back focus. it's snowing so much","Lateral Raise (Dumbbell)",,"",0,"normal",40,15,,,
"UPPER","26 Dec 2025, 18:23","26 Dec 2025, 19:41","chest back focus. it's snowing so much","Lateral Raise (Dumbbell)",,"",1,"normal",45,12,,,
"UPPER","26 Dec 2025, 18:23","26 Dec 2025, 19:41","chest back focus. it's snowing so much","Lateral Raise (Dumbbell)",,"",2,"normal",45,12,,,
"PULL","25 Dec 2025, 16:59","25 Dec 2025, 18:17","merry christmas","Pull Up",,"",0,"normal",,7,,,
"PULL","25 Dec 2025, 16:59","25 Dec 2025, 18:17","merry christmas","Pull Up",,"",1,"normal",,6,,,
"PULL","25 Dec 2025, 16:59","25 Dec 2025, 18:17","merry christmas","Pull Up",,"",2,"normal",,5,,,
"PULL","25 Dec 2025, 16:59","25 Dec 2025, 18:17","merry christmas","Bent Over Row (Barbell)",,"",0,"warmup",135,12,,,
"PULL","25 Dec 2025, 16:59","25 Dec 2025, 18:17","merry christmas","Bent Over Row (Barbell)",,"",1,"normal",165,11,,,
"PULL","25 Dec 2025, 16:59","25 Dec 2025, 18:17","merry christmas","Bent Over Row (Barbell)",,"",2,"normal",175,8,,,
"PULL","25 Dec 2025, 16:59","25 Dec 2025, 18:17","merry christmas","Bent Over Row (Barbell)",,"",3,"normal",175,9,,,
"PULL","25 Dec 2025, 16:59","25 Dec 2025, 18:17","merry christmas","Single Arm Cable Row",,"",0,"normal",32.5,15,,,
"PULL","25 Dec 2025, 16:59","25 Dec 2025, 18:17","merry christmas","Single Arm Cable Row",,"",1,"normal",37.5,15,,,
"PULL","25 Dec 2025, 16:59","25 Dec 2025, 18:17","merry christmas","Single Arm Cable Row",,"",2,"normal",42.5,15,,,
"PULL","25 Dec 2025, 16:59","25 Dec 2025, 18:17","merry christmas","Single Arm Rear Delt Reverse Fly (Machine)",,"",0,"normal",55,12,,,
"PULL","25 Dec 2025, 16:59","25 Dec 2025, 18:17","merry christmas","Single Arm Rear Delt Reverse Fly (Machine)",,"",1,"normal",60,12,,,
"PULL","25 Dec 2025, 16:59","25 Dec 2025, 18:17","merry christmas","Single Arm Rear Delt Reverse Fly (Machine)",,"",2,"normal",60,12,,,
"PULL","25 Dec 2025, 16:59","25 Dec 2025, 18:17","merry christmas","EZ Bar Biceps Curl",,"",0,"normal",70,13,,,
"PULL","25 Dec 2025, 16:59","25 Dec 2025, 18:17","merry christmas","EZ Bar Biceps Curl",,"",1,"normal",70,11,,,
"PULL","25 Dec 2025, 16:59","25 Dec 2025, 18:17","merry christmas","EZ Bar Biceps Curl",,"",2,"normal",70,11,,,
"PULL","25 Dec 2025, 16:59","25 Dec 2025, 18:17","merry christmas","Hammer Curl (Dumbbell)",,"",0,"normal",60,8,,,
"PULL","25 Dec 2025, 16:59","25 Dec 2025, 18:17","merry christmas","Hammer Curl (Dumbbell)",,"",1,"normal",60,15,,,
"PULL","25 Dec 2025, 16:59","25 Dec 2025, 18:17","merry christmas","Hammer Curl (Dumbbell)",,"",2,"normal",70,12,,,
"half PUSH","23 Dec 2025, 17:06","23 Dec 2025, 17:56","fucked up my rotator cuff 😔","Incline Bench Press (Smith Machine)",,"",0,"warmup",115,10,,,
"half PUSH","23 Dec 2025, 17:06","23 Dec 2025, 17:56","fucked up my rotator cuff 😔","Incline Bench Press (Smith Machine)",,"",1,"normal",165,5,,,
"half PUSH","23 Dec 2025, 17:06","23 Dec 2025, 17:56","fucked up my rotator cuff 😔","Incline Bench Press (Smith Machine)",,"",2,"normal",145,7,,,
"half PUSH","23 Dec 2025, 17:06","23 Dec 2025, 17:56","fucked up my rotator cuff 😔","Chest Fly (Machine)",,"",0,"normal",130,12,,,
"half PUSH","23 Dec 2025, 17:06","23 Dec 2025, 17:56","fucked up my rotator cuff 😔","Triceps Pushdown",,"",0,"normal",120,15,,,
"half PUSH","23 Dec 2025, 17:06","23 Dec 2025, 17:56","fucked up my rotator cuff 😔","Triceps Pushdown",,"",1,"normal",130,12,,,
"half PUSH","23 Dec 2025, 17:06","23 Dec 2025, 17:56","fucked up my rotator cuff 😔","Triceps Pushdown",,"",2,"normal",130,12,,,
"half PUSH","23 Dec 2025, 17:06","23 Dec 2025, 17:56","fucked up my rotator cuff 😔","Overhead Triceps Extension (Cable)",,"",0,"normal",80,15,,,
"half PUSH","23 Dec 2025, 17:06","23 Dec 2025, 17:56","fucked up my rotator cuff 😔","Overhead Triceps Extension (Cable)",,"",1,"normal",100,12,,,
"half PUSH","23 Dec 2025, 17:06","23 Dec 2025, 17:56","fucked up my rotator cuff 😔","Overhead Triceps Extension (Cable)",,"",2,"normal",100,13,,,
"half PUSH","23 Dec 2025, 17:06","23 Dec 2025, 17:56","fucked up my rotator cuff 😔","Cable Crunch",,"",0,"normal",150,15,,,
"half PUSH","23 Dec 2025, 17:06","23 Dec 2025, 17:56","fucked up my rotator cuff 😔","Cable Crunch",,"",1,"normal",170,15,,,
"half PUSH","23 Dec 2025, 17:06","23 Dec 2025, 17:56","fucked up my rotator cuff 😔","Cable Crunch",,"",2,"normal",180,13,,,
"quick chest","20 Dec 2025, 15:00","20 Dec 2025, 15:44","forgot my gym bag, no music no water so painful","Incline Bench Press (Smith Machine)",,"",0,"warmup",115,10,,,
"quick chest","20 Dec 2025, 15:00","20 Dec 2025, 15:44","forgot my gym bag, no music no water so painful","Incline Bench Press (Smith Machine)",,"",1,"normal",165,6,,,
"quick chest","20 Dec 2025, 15:00","20 Dec 2025, 15:44","forgot my gym bag, no music no water so painful","Incline Bench Press (Smith Machine)",,"",2,"normal",165,6,,,
"quick chest","20 Dec 2025, 15:00","20 Dec 2025, 15:44","forgot my gym bag, no music no water so painful","Incline Bench Press (Smith Machine)",,"",3,"normal",155,7,,,
"quick chest","20 Dec 2025, 15:00","20 Dec 2025, 15:44","forgot my gym bag, no music no water so painful","Chest Fly (Machine)",,"",0,"normal",155,12,,,
"quick chest","20 Dec 2025, 15:00","20 Dec 2025, 15:44","forgot my gym bag, no music no water so painful","Chest Fly (Machine)",,"",1,"normal",160,11,,,
"quick chest","20 Dec 2025, 15:00","20 Dec 2025, 15:44","forgot my gym bag, no music no water so painful","Chest Fly (Machine)",,"",2,"normal",160,11,,,
"quick chest","20 Dec 2025, 15:00","20 Dec 2025, 15:44","forgot my gym bag, no music no water so painful","Chest Press (Machine)",,"",0,"normal",160,10,,,
"quick chest","20 Dec 2025, 15:00","20 Dec 2025, 15:44","forgot my gym bag, no music no water so painful","Chest Press (Machine)",,"",1,"normal",160,11,,,
"quick chest","20 Dec 2025, 15:00","20 Dec 2025, 15:44","forgot my gym bag, no music no water so painful","Chest Press (Machine)",,"",2,"normal",165,11,,,
"LOWER","19 Dec 2025, 11:30","19 Dec 2025, 12:43","","Squat (Barbell)",,"",0,"warmup",45,8,,,
"LOWER","19 Dec 2025, 11:30","19 Dec 2025, 12:43","","Squat (Barbell)",,"",1,"normal",165,8,,,
"LOWER","19 Dec 2025, 11:30","19 Dec 2025, 12:43","","Squat (Barbell)",,"",2,"normal",175,8,,,
"LOWER","19 Dec 2025, 11:30","19 Dec 2025, 12:43","","Romanian Deadlift (Barbell)",,"",0,"warmup",135,10,,,
"LOWER","19 Dec 2025, 11:30","19 Dec 2025, 12:43","","Romanian Deadlift (Barbell)",,"",1,"normal",205,9,,,
"LOWER","19 Dec 2025, 11:30","19 Dec 2025, 12:43","","Romanian Deadlift (Barbell)",,"",2,"normal",205,7,,,
"LOWER","19 Dec 2025, 11:30","19 Dec 2025, 12:43","","Seated Leg Curl (Machine)",,"",0,"normal",195,12,,,
"LOWER","19 Dec 2025, 11:30","19 Dec 2025, 12:43","","Seated Leg Curl (Machine)",,"",1,"normal",200,11,,,
"LOWER","19 Dec 2025, 11:30","19 Dec 2025, 12:43","","Seated Leg Curl (Machine)",,"",2,"normal",200,9,,,
"LOWER","19 Dec 2025, 11:30","19 Dec 2025, 12:43","","Single Leg Extensions",,"",0,"normal",90,12,,,
"LOWER","19 Dec 2025, 11:30","19 Dec 2025, 12:43","","Single Leg Extensions",,"",1,"normal",95,10,,,
"LOWER","19 Dec 2025, 11:30","19 Dec 2025, 12:43","","Single Leg Extensions",,"",2,"normal",95,12,,,
"LOWER","19 Dec 2025, 11:30","19 Dec 2025, 12:43","","Calf Press (Machine)",,"",0,"normal",410,15,,,
"LOWER","19 Dec 2025, 11:30","19 Dec 2025, 12:43","","Calf Press (Machine)",,"",1,"normal",410,15,,,
"LOWER","19 Dec 2025, 11:30","19 Dec 2025, 12:43","","Leg Raise Parallel Bars",,"",0,"normal",,15,,,
"LOWER","19 Dec 2025, 11:30","19 Dec 2025, 12:43","","Leg Raise Parallel Bars",,"",1,"normal",,15,,,
"LOWER","19 Dec 2025, 11:30","19 Dec 2025, 12:43","","Leg Raise Parallel Bars",,"",2,"normal",,15,,,
"UPPER","18 Dec 2025, 17:38","18 Dec 2025, 19:10","bicep vein coming in","Incline Bench Press (Dumbbell)",,"",0,"normal",120,12,,,
"UPPER","18 Dec 2025, 17:38","18 Dec 2025, 19:10","bicep vein coming in","Incline Bench Press (Dumbbell)",,"",1,"normal",130,10,,,
"UPPER","18 Dec 2025, 17:38","18 Dec 2025, 19:10","bicep vein coming in","Incline Bench Press (Dumbbell)",,"",2,"normal",130,9,,,
"UPPER","18 Dec 2025, 17:38","18 Dec 2025, 19:10","bicep vein coming in","Chest Fly (Machine)",,"",0,"normal",150,12,,,
"UPPER","18 Dec 2025, 17:38","18 Dec 2025, 19:10","bicep vein coming in","Chest Fly (Machine)",,"",1,"normal",155,10,,,
"UPPER","18 Dec 2025, 17:38","18 Dec 2025, 19:10","bicep vein coming in","Chest Fly (Machine)",,"",2,"normal",155,8,,,
"UPPER","18 Dec 2025, 17:38","18 Dec 2025, 19:10","bicep vein coming in","Chest Fly (Machine)",,"",3,"dropset",130,6,,,
"UPPER","18 Dec 2025, 17:38","18 Dec 2025, 19:10","bicep vein coming in","Chest Press (Machine)",,"",0,"normal",180,5,,,
"UPPER","18 Dec 2025, 17:38","18 Dec 2025, 19:10","bicep vein coming in","Chest Press (Machine)",,"",1,"normal",160,8,,,
"UPPER","18 Dec 2025, 17:38","18 Dec 2025, 19:10","bicep vein coming in","Chest Press (Machine)",,"",2,"normal",160,10,,,
"UPPER","18 Dec 2025, 17:38","18 Dec 2025, 19:10","bicep vein coming in","Pull Up",,"",0,"normal",,7,,,
"UPPER","18 Dec 2025, 17:38","18 Dec 2025, 19:10","bicep vein coming in","Pull Up",,"",1,"normal",,5,,,
"UPPER","18 Dec 2025, 17:38","18 Dec 2025, 19:10","bicep vein coming in","Pull Up",,"",2,"normal",,5,,,
"UPPER","18 Dec 2025, 17:38","18 Dec 2025, 19:10","bicep vein coming in","Seated Cable Row - V Grip (Cable)",,"",0,"normal",150,12,,,
"UPPER","18 Dec 2025, 17:38","18 Dec 2025, 19:10","bicep vein coming in","Seated Cable Row - V Grip (Cable)",,"",1,"normal",155,10,,,
"UPPER","18 Dec 2025, 17:38","18 Dec 2025, 19:10","bicep vein coming in","Seated Cable Row - V Grip (Cable)",,"",2,"normal",155,11,,,
"UPPER","18 Dec 2025, 17:38","18 Dec 2025, 19:10","bicep vein coming in","Preacher Curl (Barbell)",,"",0,"normal",50,12,,,
"UPPER","18 Dec 2025, 17:38","18 Dec 2025, 19:10","bicep vein coming in","Preacher Curl (Barbell)",,"",1,"normal",55,9,,,
"UPPER","18 Dec 2025, 17:38","18 Dec 2025, 19:10","bicep vein coming in","Preacher Curl (Barbell)",,"",2,"normal",55,9,,,
"UPPER","18 Dec 2025, 17:38","18 Dec 2025, 19:10","bicep vein coming in","Single Arm Lateral Raise (Cable)",,"",0,"normal",30,15,,,
"UPPER","18 Dec 2025, 17:38","18 Dec 2025, 19:10","bicep vein coming in","Single Arm Lateral Raise (Cable)",,"",1,"normal",30,12,,,
"UPPER","18 Dec 2025, 17:38","18 Dec 2025, 19:10","bicep vein coming in","Single Arm Lateral Raise (Cable)",,"",2,"normal",35,12,,,
"UPPER","18 Dec 2025, 17:38","18 Dec 2025, 19:10","bicep vein coming in","Cable Crunch",,"",0,"normal",180,15,,,
"UPPER","18 Dec 2025, 17:38","18 Dec 2025, 19:10","bicep vein coming in","Cable Crunch",,"",1,"normal",185,12,,,
"UPPER","18 Dec 2025, 17:38","18 Dec 2025, 19:10","bicep vein coming in","Cable Crunch",,"",2,"normal",185,10,,,
"UPPER","18 Dec 2025, 17:38","18 Dec 2025, 19:10","bicep vein coming in","Single Arm Triceps Pushdown (Cable)",,"",0,"normal",50,11,,,
"LEG","17 Dec 2025, 19:01","17 Dec 2025, 20:17","torture","Squat (Smith Machine)",,"",0,"warmup",115,8,,,
"LEG","17 Dec 2025, 19:01","17 Dec 2025, 20:17","torture","Squat (Smith Machine)",,"",1,"normal",165,10,,,
"LEG","17 Dec 2025, 19:01","17 Dec 2025, 20:17","torture","Squat (Smith Machine)",,"",2,"normal",175,8,,,
"LEG","17 Dec 2025, 19:01","17 Dec 2025, 20:17","torture","Squat (Smith Machine)",,"",3,"normal",185,8,,,
"LEG","17 Dec 2025, 19:01","17 Dec 2025, 20:17","torture","Romanian Deadlift (Barbell)",,"",0,"warmup",135,10,,,
"LEG","17 Dec 2025, 19:01","17 Dec 2025, 20:17","torture","Romanian Deadlift (Barbell)",,"",1,"normal",185,10,,,
"LEG","17 Dec 2025, 19:01","17 Dec 2025, 20:17","torture","Romanian Deadlift (Barbell)",,"",2,"normal",195,10,,,
"LEG","17 Dec 2025, 19:01","17 Dec 2025, 20:17","torture","Romanian Deadlift (Barbell)",,"",3,"normal",205,8,,,
"LEG","17 Dec 2025, 19:01","17 Dec 2025, 20:17","torture","Seated Leg Curl (Machine)",,"",0,"normal",190,12,,,
"LEG","17 Dec 2025, 19:01","17 Dec 2025, 20:17","torture","Seated Leg Curl (Machine)",,"",1,"normal",195,11,,,
"LEG","17 Dec 2025, 19:01","17 Dec 2025, 20:17","torture","Leg Extension (Machine)",,"",0,"normal",185,12,,,
"LEG","17 Dec 2025, 19:01","17 Dec 2025, 20:17","torture","Leg Extension (Machine)",,"",1,"normal",190,12,,,
"LEG","17 Dec 2025, 19:01","17 Dec 2025, 20:17","torture","Single Leg Extensions",,"",0,"normal",90,10,,,
"LEG","17 Dec 2025, 19:01","17 Dec 2025, 20:17","torture","Calf Press (Machine)",,"",0,"normal",410,15,,,
"LEG","17 Dec 2025, 19:01","17 Dec 2025, 20:17","torture","Calf Press (Machine)",,"",1,"normal",410,15,,,
"LEG","17 Dec 2025, 19:01","17 Dec 2025, 20:17","torture","Leg Raise Parallel Bars",,"",0,"normal",,15,,,
"LEG","17 Dec 2025, 19:01","17 Dec 2025, 20:17","torture","Leg Raise Parallel Bars",,"",1,"normal",,15,,,
"PULL","16 Dec 2025, 17:14","16 Dec 2025, 18:37","","Pull Up",,"",0,"normal",,8,,,
"PULL","16 Dec 2025, 17:14","16 Dec 2025, 18:37","","Pull Up",,"",1,"normal",,6,,,
"PULL","16 Dec 2025, 17:14","16 Dec 2025, 18:37","","Pull Up",,"",2,"normal",,5,,,
"PULL","16 Dec 2025, 17:14","16 Dec 2025, 18:37","","Pull Up",,"",3,"normal",,6,,,
"PULL","16 Dec 2025, 17:14","16 Dec 2025, 18:37","","Bent Over Row (Barbell)",,"",0,"warmup",45,8,,,
"PULL","16 Dec 2025, 17:14","16 Dec 2025, 18:37","","Bent Over Row (Barbell)",,"",1,"normal",155,12,,,
"PULL","16 Dec 2025, 17:14","16 Dec 2025, 18:37","","Bent Over Row (Barbell)",,"",2,"normal",165,9,,,
"PULL","16 Dec 2025, 17:14","16 Dec 2025, 18:37","","Bent Over Row (Barbell)",,"",3,"normal",165,10,,,
"PULL","16 Dec 2025, 17:14","16 Dec 2025, 18:37","","Shrug (Barbell)",,"",0,"warmup",165,15,,,
"PULL","16 Dec 2025, 17:14","16 Dec 2025, 18:37","","Shrug (Barbell)",,"",1,"normal",205,15,,,
"PULL","16 Dec 2025, 17:14","16 Dec 2025, 18:37","","Shrug (Barbell)",,"",2,"normal",215,15,,,
"PULL","16 Dec 2025, 17:14","16 Dec 2025, 18:37","","Shrug (Barbell)",,"",3,"normal",225,13,,,
"PULL","16 Dec 2025, 17:14","16 Dec 2025, 18:37","","Single Arm Rear Delt Reverse Fly (Machine)",,"",0,"normal",55,8,,,
"PULL","16 Dec 2025, 17:14","16 Dec 2025, 18:37","","Single Arm Rear Delt Reverse Fly (Machine)",,"",1,"normal",55,12,,,
"PULL","16 Dec 2025, 17:14","16 Dec 2025, 18:37","","Single Arm Rear Delt Reverse Fly (Machine)",,"",2,"normal",60,15,,,
"PULL","16 Dec 2025, 17:14","16 Dec 2025, 18:37","","Single Arm Cable Row",,"",0,"normal",60,15,,,
"PULL","16 Dec 2025, 17:14","16 Dec 2025, 18:37","","Single Arm Cable Row",,"",1,"normal",80,12,,,
"PULL","16 Dec 2025, 17:14","16 Dec 2025, 18:37","","Single Arm Cable Row",,"",2,"normal",80,13,,,
"PULL","16 Dec 2025, 17:14","16 Dec 2025, 18:37","","Single Arm Cable Row",,"",3,"normal",90,11,,,
"PULL","16 Dec 2025, 17:14","16 Dec 2025, 18:37","","Preacher Curl (Dumbbell)",,"",0,"normal",50,13,,,
"PULL","16 Dec 2025, 17:14","16 Dec 2025, 18:37","","Preacher Curl (Dumbbell)",,"",1,"normal",50,10,,,
"PULL","16 Dec 2025, 17:14","16 Dec 2025, 18:37","","Preacher Curl (Dumbbell)",,"",2,"normal",50,10,,,
"PULL","16 Dec 2025, 17:14","16 Dec 2025, 18:37","","Hammer Curl (Cable)",,"",0,"normal",120,12,,,
"PULL","16 Dec 2025, 17:14","16 Dec 2025, 18:37","","Hammer Curl (Cable)",,"",1,"normal",120,12,,,
"PULL","16 Dec 2025, 17:14","16 Dec 2025, 18:37","","Hammer Curl (Cable)",,"",2,"normal",130,11,,,
"PUSH","15 Dec 2025, 17:28","15 Dec 2025, 18:43","under 1.5 hours i'm speed running wtf","Incline Bench Press (Smith Machine)",,"",0,"normal",155,8,,,
"PUSH","15 Dec 2025, 17:28","15 Dec 2025, 18:43","under 1.5 hours i'm speed running wtf","Incline Bench Press (Smith Machine)",,"",1,"normal",155,8,,,
"PUSH","15 Dec 2025, 17:28","15 Dec 2025, 18:43","under 1.5 hours i'm speed running wtf","Incline Bench Press (Smith Machine)",,"",2,"normal",165,5,,,
"PUSH","15 Dec 2025, 17:28","15 Dec 2025, 18:43","under 1.5 hours i'm speed running wtf","Chest Fly (Machine)",,"",0,"normal",155,10,,,
"PUSH","15 Dec 2025, 17:28","15 Dec 2025, 18:43","under 1.5 hours i'm speed running wtf","Chest Fly (Machine)",,"",1,"normal",160,9,,,
"PUSH","15 Dec 2025, 17:28","15 Dec 2025, 18:43","under 1.5 hours i'm speed running wtf","Chest Fly (Machine)",,"",2,"normal",165,8,,,
"PUSH","15 Dec 2025, 17:28","15 Dec 2025, 18:43","under 1.5 hours i'm speed running wtf","Single Arm Lateral Raise (Cable)",,"",0,"normal",30,13,,,
"PUSH","15 Dec 2025, 17:28","15 Dec 2025, 18:43","under 1.5 hours i'm speed running wtf","Single Arm Lateral Raise (Cable)",,"",1,"normal",35,8,,,
"PUSH","15 Dec 2025, 17:28","15 Dec 2025, 18:43","under 1.5 hours i'm speed running wtf","Single Arm Lateral Raise (Cable)",,"",2,"normal",35,10,,,
"PUSH","15 Dec 2025, 17:28","15 Dec 2025, 18:43","under 1.5 hours i'm speed running wtf","Incline Chest Press (Machine)",,"",0,"normal",134,12,,,
"PUSH","15 Dec 2025, 17:28","15 Dec 2025, 18:43","under 1.5 hours i'm speed running wtf","Incline Chest Press (Machine)",,"",1,"normal",144,11,,,
"PUSH","15 Dec 2025, 17:28","15 Dec 2025, 18:43","under 1.5 hours i'm speed running wtf","Incline Chest Press (Machine)",,"",2,"normal",154,10,,,
"PUSH","15 Dec 2025, 17:28","15 Dec 2025, 18:43","under 1.5 hours i'm speed running wtf","Triceps Pushdown",,"",0,"normal",140,12,,,
"PUSH","15 Dec 2025, 17:28","15 Dec 2025, 18:43","under 1.5 hours i'm speed running wtf","Triceps Pushdown",,"",1,"normal",150,10,,,
"PUSH","15 Dec 2025, 17:28","15 Dec 2025, 18:43","under 1.5 hours i'm speed running wtf","Triceps Pushdown",,"",2,"normal",150,7,,,
"PUSH","15 Dec 2025, 17:28","15 Dec 2025, 18:43","under 1.5 hours i'm speed running wtf","Overhead Triceps Extension (Cable)",,"",0,"normal",110,10,,,
"PUSH","15 Dec 2025, 17:28","15 Dec 2025, 18:43","under 1.5 hours i'm speed running wtf","Overhead Triceps Extension (Cable)",,"",1,"normal",110,13,,,
"PUSH","15 Dec 2025, 17:28","15 Dec 2025, 18:43","under 1.5 hours i'm speed running wtf","Overhead Triceps Extension (Cable)",,"",2,"normal",110,11,,,
"PUSH","15 Dec 2025, 17:28","15 Dec 2025, 18:43","under 1.5 hours i'm speed running wtf","Cable Crunch",,"",0,"normal",170,15,,,
"PUSH","15 Dec 2025, 17:28","15 Dec 2025, 18:43","under 1.5 hours i'm speed running wtf","Cable Crunch",,"",1,"normal",180,12,,,
"PUSH","15 Dec 2025, 17:28","15 Dec 2025, 18:43","under 1.5 hours i'm speed running wtf","Cable Crunch",,"",2,"normal",180,10,,,
"gooning around","13 Dec 2025, 17:16","13 Dec 2025, 19:04","","Lat Pulldown (Cable)",,"",0,"normal",144,12,,,
"gooning around","13 Dec 2025, 17:16","13 Dec 2025, 19:04","","Lat Pulldown (Cable)",,"",1,"normal",187,6,,,
"gooning around","13 Dec 2025, 17:16","13 Dec 2025, 19:04","","Lat Pulldown (Cable)",,"",2,"normal",187,5,,,
"gooning around","13 Dec 2025, 17:16","13 Dec 2025, 19:04","","Pull Up",,"",0,"normal",,8,,,
"gooning around","13 Dec 2025, 17:16","13 Dec 2025, 19:04","","Pull Up",,"",1,"normal",,5,,,
"gooning around","13 Dec 2025, 17:16","13 Dec 2025, 19:04","","Bench Press (Barbell)",,"",0,"warmup",45,5,,,
"gooning around","13 Dec 2025, 17:16","13 Dec 2025, 19:04","","Bench Press (Barbell)",,"",1,"normal",155,8,,,
"gooning around","13 Dec 2025, 17:16","13 Dec 2025, 19:04","","Bench Press (Barbell)",,"",2,"normal",165,7,,,
"gooning around","13 Dec 2025, 17:16","13 Dec 2025, 19:04","","Bench Press (Barbell)",,"",3,"normal",135,8,,,
"gooning around","13 Dec 2025, 17:16","13 Dec 2025, 19:04","","EZ Bar Biceps Curl",0,"",0,"normal",70,12,,,
"gooning around","13 Dec 2025, 17:16","13 Dec 2025, 19:04","","EZ Bar Biceps Curl",0,"",1,"normal",70,12,,,
"gooning around","13 Dec 2025, 17:16","13 Dec 2025, 19:04","","EZ Bar Biceps Curl",0,"",2,"normal",70,12,,,
"gooning around","13 Dec 2025, 17:16","13 Dec 2025, 19:04","","Single Arm Triceps Pushdown (Cable)",0,"",0,"normal",22,12,,,
"gooning around","13 Dec 2025, 17:16","13 Dec 2025, 19:04","","Single Arm Triceps Pushdown (Cable)",0,"",1,"normal",27.5,10,,,
"gooning around","13 Dec 2025, 17:16","13 Dec 2025, 19:04","","Overhead Triceps Extension (Cable)",,"",0,"normal",27.5,10,,,
"gooning around","13 Dec 2025, 17:16","13 Dec 2025, 19:04","","Pull Up",,"",0,"normal",,6,,,
"gooning around","13 Dec 2025, 17:16","13 Dec 2025, 19:04","","Single Arm Lateral Raise (Cable)",,"",0,"normal",11,12,,,
"gooning around","13 Dec 2025, 17:16","13 Dec 2025, 19:04","","Single Arm Lateral Raise (Cable)",,"",1,"normal",16.5,10,,,
"gooning around","13 Dec 2025, 17:16","13 Dec 2025, 19:04","","Single Arm Lateral Raise (Cable)",,"",2,"normal",16.5,12,,,
"gooning around","13 Dec 2025, 17:16","13 Dec 2025, 19:04","","Single Arm Hammer Preacher Curl (Dumbbell)",,"",0,"normal",20,12,,,
"gooning around","13 Dec 2025, 17:16","13 Dec 2025, 19:04","","Push Up",,"",0,"normal",,25,,,
"I LOVE UPPER","10 Dec 2025, 17:09","10 Dec 2025, 18:44","","Chest Dip",,"",0,"normal",,10,,,
"I LOVE UPPER","10 Dec 2025, 17:09","10 Dec 2025, 18:44","","Incline Bench Press (Dumbbell)",,"",0,"normal",110,12,,,
"I LOVE UPPER","10 Dec 2025, 17:09","10 Dec 2025, 18:44","","Incline Bench Press (Dumbbell)",,"",1,"normal",120,12,,,
"I LOVE UPPER","10 Dec 2025, 17:09","10 Dec 2025, 18:44","","Incline Bench Press (Dumbbell)",,"",2,"normal",120,12,,,
"I LOVE UPPER","10 Dec 2025, 17:09","10 Dec 2025, 18:44","","Incline Bench Press (Dumbbell)",,"",3,"normal",130,9,,,
"I LOVE UPPER","10 Dec 2025, 17:09","10 Dec 2025, 18:44","","Chest Fly (Machine)",,"",0,"normal",145,10,,,
"I LOVE UPPER","10 Dec 2025, 17:09","10 Dec 2025, 18:44","","Chest Fly (Machine)",,"",1,"normal",150,10,,,
"I LOVE UPPER","10 Dec 2025, 17:09","10 Dec 2025, 18:44","","Chest Fly (Machine)",,"",2,"normal",155,7,,,
"I LOVE UPPER","10 Dec 2025, 17:09","10 Dec 2025, 18:44","","Chest Press (Machine)",,"",0,"normal",160,5,,,
"I LOVE UPPER","10 Dec 2025, 17:09","10 Dec 2025, 18:44","","Chest Press (Machine)",,"",1,"normal",140,10,,,
"I LOVE UPPER","10 Dec 2025, 17:09","10 Dec 2025, 18:44","","Lat Pulldown (Cable)",,"",0,"normal",150,12,,,
"I LOVE UPPER","10 Dec 2025, 17:09","10 Dec 2025, 18:44","","Lat Pulldown (Cable)",,"",1,"normal",160,10,,,
"I LOVE UPPER","10 Dec 2025, 17:09","10 Dec 2025, 18:44","","Lat Pulldown (Cable)",,"",2,"normal",170,7,,,
"I LOVE UPPER","10 Dec 2025, 17:09","10 Dec 2025, 18:44","","Seated Cable Row - V Grip (Cable)",,"",0,"normal",150,10,,,
"I LOVE UPPER","10 Dec 2025, 17:09","10 Dec 2025, 18:44","","Seated Cable Row - V Grip (Cable)",,"",1,"normal",150,12,,,
"I LOVE UPPER","10 Dec 2025, 17:09","10 Dec 2025, 18:44","","Seated Cable Row - V Grip (Cable)",,"",2,"normal",155,11,,,
"I LOVE UPPER","10 Dec 2025, 17:09","10 Dec 2025, 18:44","","Preacher Curl (Barbell)",,"",0,"normal",45,12,,,
"I LOVE UPPER","10 Dec 2025, 17:09","10 Dec 2025, 18:44","","Preacher Curl (Barbell)",,"",1,"normal",50,12,,,
"I LOVE UPPER","10 Dec 2025, 17:09","10 Dec 2025, 18:44","","Preacher Curl (Barbell)",,"",2,"normal",55,9,,,
"I LOVE UPPER","10 Dec 2025, 17:09","10 Dec 2025, 18:44","","Single Arm Lateral Raise (Cable)",,"",0,"normal",30,12,,,
"I LOVE UPPER","10 Dec 2025, 17:09","10 Dec 2025, 18:44","","Single Arm Lateral Raise (Cable)",,"",1,"normal",30,12,,,
"I LOVE UPPER","10 Dec 2025, 17:09","10 Dec 2025, 18:44","","Overhead Triceps Extension (Cable)",,"",0,"normal",100,15,,,
"I LOVE UPPER","10 Dec 2025, 17:09","10 Dec 2025, 18:44","","Overhead Triceps Extension (Cable)",,"",1,"normal",110,12,,,
"I HATE LEG","9 Dec 2025, 17:20","9 Dec 2025, 18:58","10 min rest between RDL sets 😌😌","Squat (Smith Machine)",,"",0,"normal",155,10,,,
"I HATE LEG","9 Dec 2025, 17:20","9 Dec 2025, 18:58","10 min rest between RDL sets 😌😌","Squat (Smith Machine)",,"",1,"normal",165,10,,,
"I HATE LEG","9 Dec 2025, 17:20","9 Dec 2025, 18:58","10 min rest between RDL sets 😌😌","Leg Press Horizontal (Machine)",,"",0,"normal",270,11,,,
"I HATE LEG","9 Dec 2025, 17:20","9 Dec 2025, 18:58","10 min rest between RDL sets 😌😌","Leg Press Horizontal (Machine)",,"",1,"normal",270,8,,,
"I HATE LEG","9 Dec 2025, 17:20","9 Dec 2025, 18:58","10 min rest between RDL sets 😌😌","Romanian Deadlift (Barbell)",,"",0,"warmup",45,8,,,
"I HATE LEG","9 Dec 2025, 17:20","9 Dec 2025, 18:58","10 min rest between RDL sets 😌😌","Romanian Deadlift (Barbell)",,"",1,"normal",175,10,,,
"I HATE LEG","9 Dec 2025, 17:20","9 Dec 2025, 18:58","10 min rest between RDL sets 😌😌","Romanian Deadlift (Barbell)",,"",2,"normal",185,10,,,
"I HATE LEG","9 Dec 2025, 17:20","9 Dec 2025, 18:58","10 min rest between RDL sets 😌😌","Romanian Deadlift (Barbell)",,"",3,"normal",195,6,,,
"I HATE LEG","9 Dec 2025, 17:20","9 Dec 2025, 18:58","10 min rest between RDL sets 😌😌","Seated Leg Curl (Machine)",,"",0,"normal",190,12,,,
"I HATE LEG","9 Dec 2025, 17:20","9 Dec 2025, 18:58","10 min rest between RDL sets 😌😌","Seated Leg Curl (Machine)",,"",1,"normal",190,12,,,
"I HATE LEG","9 Dec 2025, 17:20","9 Dec 2025, 18:58","10 min rest between RDL sets 😌😌","Leg Extension (Machine)",,"",0,"normal",180,12,,,
"I HATE LEG","9 Dec 2025, 17:20","9 Dec 2025, 18:58","10 min rest between RDL sets 😌😌","Leg Extension (Machine)",,"",1,"normal",185,12,,,
"I HATE LEG","9 Dec 2025, 17:20","9 Dec 2025, 18:58","10 min rest between RDL sets 😌😌","Calf Press (Machine)",,"",0,"normal",410,15,,,
"I HATE LEG","9 Dec 2025, 17:20","9 Dec 2025, 18:58","10 min rest between RDL sets 😌😌","Calf Press (Machine)",,"",1,"normal",410,15,,,
"I HATE LEG","9 Dec 2025, 17:20","9 Dec 2025, 18:58","10 min rest between RDL sets 😌😌","Hanging Leg Raise",,"",0,"normal",,5,,,
"I HATE LEG","9 Dec 2025, 17:20","9 Dec 2025, 18:58","10 min rest between RDL sets 😌😌","Russian Twist (Weighted)",,"",0,"normal",30,20,,,
"I HATE LEG","9 Dec 2025, 17:20","9 Dec 2025, 18:58","10 min rest between RDL sets 😌😌","Russian Twist (Weighted)",,"",1,"normal",30,20,,,
"I HATE LEG","9 Dec 2025, 17:20","9 Dec 2025, 18:58","10 min rest between RDL sets 😌😌","Russian Twist (Weighted)",,"",2,"normal",30,20,,,
"I HATE LEG","9 Dec 2025, 17:20","9 Dec 2025, 18:58","10 min rest between RDL sets 😌😌","Heel Taps",,"",0,"normal",,20,,,
"I HATE LEG","9 Dec 2025, 17:20","9 Dec 2025, 18:58","10 min rest between RDL sets 😌😌","Heel Taps",,"",1,"normal",,20,,,
"I HATE LEG","9 Dec 2025, 17:20","9 Dec 2025, 18:58","10 min rest between RDL sets 😌😌","Heel Taps",,"",2,"normal",,20,,,
"PULL","8 Dec 2025, 21:21","8 Dec 2025, 23:17","","Pull Up",,"",0,"normal",,7,,,
"PULL","8 Dec 2025, 21:21","8 Dec 2025, 23:17","","Bent Over Row (Barbell)",,"",0,"warmup",45,10,,,
"PULL","8 Dec 2025, 21:21","8 Dec 2025, 23:17","","Bent Over Row (Barbell)",,"",1,"normal",145,10,,,
"PULL","8 Dec 2025, 21:21","8 Dec 2025, 23:17","","Bent Over Row (Barbell)",,"",2,"normal",155,8,,,
"PULL","8 Dec 2025, 21:21","8 Dec 2025, 23:17","","Bent Over Row (Barbell)",,"",3,"normal",155,10,,,
"PULL","8 Dec 2025, 21:21","8 Dec 2025, 23:17","","Shrug (Barbell)",,"",0,"warmup",155,12,,,
"PULL","8 Dec 2025, 21:21","8 Dec 2025, 23:17","","Shrug (Barbell)",,"",1,"normal",205,15,,,
"PULL","8 Dec 2025, 21:21","8 Dec 2025, 23:17","","Shrug (Barbell)",,"",2,"normal",225,15,,,
"PULL","8 Dec 2025, 21:21","8 Dec 2025, 23:17","","Lat Pulldown - Close Grip (Cable)",,"",0,"normal",150,10,,,
"PULL","8 Dec 2025, 21:21","8 Dec 2025, 23:17","","Lat Pulldown - Close Grip (Cable)",,"",1,"normal",160,6,,,
"PULL","8 Dec 2025, 21:21","8 Dec 2025, 23:17","","Lat Pulldown - Close Grip (Cable)",,"",2,"normal",160,7,,,
"PULL","8 Dec 2025, 21:21","8 Dec 2025, 23:17","","Seated Cable Row - Bar Grip",,"",0,"normal",150,12,,,
"PULL","8 Dec 2025, 21:21","8 Dec 2025, 23:17","","Seated Cable Row - Bar Grip",,"",1,"normal",160,8,,,
"PULL","8 Dec 2025, 21:21","8 Dec 2025, 23:17","","Seated Cable Row - Bar Grip",,"",2,"normal",160,10,,,
"PULL","8 Dec 2025, 21:21","8 Dec 2025, 23:17","","Rear Delt Reverse Fly (Machine)",,"",0,"normal",60,15,,,
"PULL","8 Dec 2025, 21:21","8 Dec 2025, 23:17","","Rear Delt Reverse Fly (Machine)",,"",1,"normal",80,11,,,
"PULL","8 Dec 2025, 21:21","8 Dec 2025, 23:17","","Rear Delt Reverse Fly (Machine)",,"",2,"normal",80,12,,,
"PULL","8 Dec 2025, 21:21","8 Dec 2025, 23:17","","Preacher Curl (Dumbbell)",,"",0,"normal",45,12,,,
"PULL","8 Dec 2025, 21:21","8 Dec 2025, 23:17","","Preacher Curl (Dumbbell)",,"",1,"normal",45,12,,,
"PULL","8 Dec 2025, 21:21","8 Dec 2025, 23:17","","Preacher Curl (Dumbbell)",,"",2,"normal",50,11,,,
"PULL","8 Dec 2025, 21:21","8 Dec 2025, 23:17","","Single Arm Hammer Preacher Curl (Dumbbell)",,"",0,"normal",25,5,,,
"PULL","8 Dec 2025, 21:21","8 Dec 2025, 23:17","","Single Arm Hammer Preacher Curl (Dumbbell)",,"",1,"normal",20,12,,,
"PULL","8 Dec 2025, 21:21","8 Dec 2025, 23:17","","Single Arm Hammer Preacher Curl (Dumbbell)",,"",2,"normal",20,11,,,
"PULL","8 Dec 2025, 21:21","8 Dec 2025, 23:17","","Cable Crunch",,"",0,"normal",150,15,,,
"PULL","8 Dec 2025, 21:21","8 Dec 2025, 23:17","","Cable Crunch",,"",1,"normal",150,15,,,
"PULL","8 Dec 2025, 21:21","8 Dec 2025, 23:17","","Cable Crunch",,"",2,"normal",150,15,,,
"PUSH","7 Dec 2025, 17:57","7 Dec 2025, 19:32","ayce prep","Incline Bench Press (Dumbbell)",,"",0,"normal",120,10,,,
"PUSH","7 Dec 2025, 17:57","7 Dec 2025, 19:32","ayce prep","Incline Bench Press (Barbell)",,"",0,"warmup",45,10,,,
"PUSH","7 Dec 2025, 17:57","7 Dec 2025, 19:32","ayce prep","Incline Bench Press (Barbell)",,"",1,"normal",135,10,,,
"PUSH","7 Dec 2025, 17:57","7 Dec 2025, 19:32","ayce prep","Incline Bench Press (Barbell)",,"",2,"normal",145,9,,,
"PUSH","7 Dec 2025, 17:57","7 Dec 2025, 19:32","ayce prep","Incline Bench Press (Barbell)",,"",3,"normal",155,3,,,
"PUSH","7 Dec 2025, 17:57","7 Dec 2025, 19:32","ayce prep","Incline Bench Press (Barbell)",,"",4,"dropset",135,7,,,
"PUSH","7 Dec 2025, 17:57","7 Dec 2025, 19:32","ayce prep","Seated Chest Flys (Cable)",,"",0,"normal",17.5,12,,,
"PUSH","7 Dec 2025, 17:57","7 Dec 2025, 19:32","ayce prep","Seated Chest Flys (Cable)",,"",1,"normal",22.5,12,,,
"PUSH","7 Dec 2025, 17:57","7 Dec 2025, 19:32","ayce prep","Single Arm Lateral Raise (Cable)",,"",0,"normal",10,15,,,
"PUSH","7 Dec 2025, 17:57","7 Dec 2025, 19:32","ayce prep","Single Arm Lateral Raise (Cable)",,"",1,"normal",15,12,,,
"PUSH","7 Dec 2025, 17:57","7 Dec 2025, 19:32","ayce prep","Single Arm Lateral Raise (Cable)",,"",2,"normal",15,13,,,
"PUSH","7 Dec 2025, 17:57","7 Dec 2025, 19:32","ayce prep","Triceps Pushdown",,"",0,"normal",50,10,,,
"PUSH","7 Dec 2025, 17:57","7 Dec 2025, 19:32","ayce prep","Triceps Pushdown",,"",1,"normal",65,12,,,
"PUSH","7 Dec 2025, 17:57","7 Dec 2025, 19:32","ayce prep","Triceps Pushdown",,"",2,"normal",80,8,,,
"PUSH","7 Dec 2025, 17:57","7 Dec 2025, 19:32","ayce prep","Triceps Pushdown",,"",3,"normal",80,8,,,
"PUSH","7 Dec 2025, 17:57","7 Dec 2025, 19:32","ayce prep","Overhead Triceps Extension (Cable)",,"",0,"normal",35,15,,,
"PUSH","7 Dec 2025, 17:57","7 Dec 2025, 19:32","ayce prep","Overhead Triceps Extension (Cable)",,"",1,"normal",50,11,,,
"PUSH","7 Dec 2025, 17:57","7 Dec 2025, 19:32","ayce prep","Overhead Triceps Extension (Cable)",,"",2,"normal",50,11,,,
"PUSH","7 Dec 2025, 17:57","7 Dec 2025, 19:32","ayce prep","Push Up",,"",0,"normal",,17,,,
"PUSH","7 Dec 2025, 17:57","7 Dec 2025, 19:32","ayce prep","Chest Fly (Machine)",,"",0,"normal",100,10,,,
"PUSH","7 Dec 2025, 17:57","7 Dec 2025, 19:32","ayce prep","Treadmill",,"",0,"normal",,,0.61,1200,
"LOWER","6 Dec 2025, 16:43","6 Dec 2025, 18:17","fist time hip abductor, had me feeling freaky","Squat (Barbell)",,"",0,"warmup",45,10,,,
"LOWER","6 Dec 2025, 16:43","6 Dec 2025, 18:17","fist time hip abductor, had me feeling freaky","Squat (Barbell)",,"",1,"normal",145,10,,,
"LOWER","6 Dec 2025, 16:43","6 Dec 2025, 18:17","fist time hip abductor, had me feeling freaky","Squat (Barbell)",,"",2,"normal",155,10,,,
"LOWER","6 Dec 2025, 16:43","6 Dec 2025, 18:17","fist time hip abductor, had me feeling freaky","Squat (Barbell)",,"",3,"normal",165,10,,,
"LOWER","6 Dec 2025, 16:43","6 Dec 2025, 18:17","fist time hip abductor, had me feeling freaky","Squat (Barbell)",,"",4,"normal",175,8,,,
"LOWER","6 Dec 2025, 16:43","6 Dec 2025, 18:17","fist time hip abductor, had me feeling freaky","Romanian Deadlift (Barbell)",,"",0,"warmup",135,10,,,
"LOWER","6 Dec 2025, 16:43","6 Dec 2025, 18:17","fist time hip abductor, had me feeling freaky","Romanian Deadlift (Barbell)",,"",1,"normal",165,10,,,
"LOWER","6 Dec 2025, 16:43","6 Dec 2025, 18:17","fist time hip abductor, had me feeling freaky","Romanian Deadlift (Barbell)",,"",2,"normal",175,8,,,
"LOWER","6 Dec 2025, 16:43","6 Dec 2025, 18:17","fist time hip abductor, had me feeling freaky","Romanian Deadlift (Barbell)",,"",3,"normal",185,6,,,
"LOWER","6 Dec 2025, 16:43","6 Dec 2025, 18:17","fist time hip abductor, had me feeling freaky","Back Extension (Machine)",,"",0,"warmup",100,10,,,
"LOWER","6 Dec 2025, 16:43","6 Dec 2025, 18:17","fist time hip abductor, had me feeling freaky","Back Extension (Machine)",,"",1,"normal",160,15,,,
"LOWER","6 Dec 2025, 16:43","6 Dec 2025, 18:17","fist time hip abductor, had me feeling freaky","Back Extension (Machine)",,"",2,"normal",175,15,,,
"LOWER","6 Dec 2025, 16:43","6 Dec 2025, 18:17","fist time hip abductor, had me feeling freaky","Back Extension (Machine)",,"",3,"normal",190,15,,,
"LOWER","6 Dec 2025, 16:43","6 Dec 2025, 18:17","fist time hip abductor, had me feeling freaky","Single Arm Hammer Preacher Curl (Dumbbell)",,"",0,"normal",20,15,,,
"LOWER","6 Dec 2025, 16:43","6 Dec 2025, 18:17","fist time hip abductor, had me feeling freaky","Single Arm Hammer Preacher Curl (Dumbbell)",,"",1,"normal",25,12,,,
"LOWER","6 Dec 2025, 16:43","6 Dec 2025, 18:17","fist time hip abductor, had me feeling freaky","Single Arm Hammer Preacher Curl (Dumbbell)",,"",2,"normal",25,11,,,
"LOWER","6 Dec 2025, 16:43","6 Dec 2025, 18:17","fist time hip abductor, had me feeling freaky","Crunch (Machine)",,"",0,"normal",135,15,,,
"LOWER","6 Dec 2025, 16:43","6 Dec 2025, 18:17","fist time hip abductor, had me feeling freaky","Crunch (Machine)",,"",1,"normal",145,15,,,
"LOWER","6 Dec 2025, 16:43","6 Dec 2025, 18:17","fist time hip abductor, had me feeling freaky","Crunch (Machine)",,"",2,"normal",160,10,,,
"LOWER","6 Dec 2025, 16:43","6 Dec 2025, 18:17","fist time hip abductor, had me feeling freaky","Hip Abduction (Machine)",,"",0,"normal",60,15,,,
"LOWER","6 Dec 2025, 16:43","6 Dec 2025, 18:17","fist time hip abductor, had me feeling freaky","Hip Abduction (Machine)",,"",1,"normal",90,10,,,
"LOWER","6 Dec 2025, 16:43","6 Dec 2025, 18:17","fist time hip abductor, had me feeling freaky","Hip Abduction (Machine)",,"",2,"normal",75,15,,,
"LOWER","6 Dec 2025, 16:43","6 Dec 2025, 18:17","fist time hip abductor, had me feeling freaky","Hip Abduction (Machine)",,"",3,"normal",90,15,,,
"UPPER","4 Dec 2025, 21:32","4 Dec 2025, 22:56","","Bench Press (Barbell)",,"",0,"warmup",45,10,,,
"UPPER","4 Dec 2025, 21:32","4 Dec 2025, 22:56","","Bench Press (Barbell)",,"",1,"normal",165,5,,,
"UPPER","4 Dec 2025, 21:32","4 Dec 2025, 22:56","","Bench Press (Barbell)",,"",2,"normal",145,10,,,
"UPPER","4 Dec 2025, 21:32","4 Dec 2025, 22:56","","Bench Press (Barbell)",,"",3,"normal",155,8,,,
"UPPER","4 Dec 2025, 21:32","4 Dec 2025, 22:56","","Lat Pulldown (Cable)",,"",0,"normal",150,12,,,
"UPPER","4 Dec 2025, 21:32","4 Dec 2025, 22:56","","Lat Pulldown (Cable)",,"",1,"normal",155,9,,,
"UPPER","4 Dec 2025, 21:32","4 Dec 2025, 22:56","","Lat Pulldown (Cable)",,"",2,"normal",160,9,,,
"UPPER","4 Dec 2025, 21:32","4 Dec 2025, 22:56","","Cable Fly Crossovers",,"",0,"normal",40,11,,,
"UPPER","4 Dec 2025, 21:32","4 Dec 2025, 22:56","","Cable Fly Crossovers",,"",1,"normal",40,7,,,
"UPPER","4 Dec 2025, 21:32","4 Dec 2025, 22:56","","Cable Fly Crossovers",,"",2,"normal",40,10,,,
"UPPER","4 Dec 2025, 21:32","4 Dec 2025, 22:56","","Seated Cable Row - V Grip (Cable)",,"",0,"normal",150,10,,,
"UPPER","4 Dec 2025, 21:32","4 Dec 2025, 22:56","","Seated Cable Row - V Grip (Cable)",,"",1,"normal",150,12,,,
"UPPER","4 Dec 2025, 21:32","4 Dec 2025, 22:56","","Single Arm Lateral Raise (Cable)",,"",0,"normal",30,12,,,
"UPPER","4 Dec 2025, 21:32","4 Dec 2025, 22:56","","Single Arm Lateral Raise (Cable)",,"",1,"normal",30,13,,,
"UPPER","4 Dec 2025, 21:32","4 Dec 2025, 22:56","","Single Arm Lateral Raise (Cable)",,"",2,"normal",30,14,,,
"UPPER","4 Dec 2025, 21:32","4 Dec 2025, 22:56","","Preacher Curl (Barbell)",,"",0,"normal",40,15,,,
"UPPER","4 Dec 2025, 21:32","4 Dec 2025, 22:56","","Preacher Curl (Barbell)",,"",1,"normal",45,13,,,
"UPPER","4 Dec 2025, 21:32","4 Dec 2025, 22:56","","Preacher Curl (Barbell)",,"",2,"normal",45,13,,,
"UPPER","4 Dec 2025, 21:32","4 Dec 2025, 22:56","","Overhead Triceps Extension (Cable)",,"",0,"normal",95,15,,,
"UPPER","4 Dec 2025, 21:32","4 Dec 2025, 22:56","","Overhead Triceps Extension (Cable)",,"",1,"normal",100,14,,,
"UPPER","4 Dec 2025, 21:32","4 Dec 2025, 22:56","","Overhead Triceps Extension (Cable)",,"",2,"normal",105,14,,,
"UPPER","4 Dec 2025, 21:32","4 Dec 2025, 22:56","","Cable Crunch",,"",0,"normal",185,15,,,
"UPPER","4 Dec 2025, 21:32","4 Dec 2025, 22:56","","Cable Crunch",,"",1,"normal",185,12,,,
"UPPER","4 Dec 2025, 21:32","4 Dec 2025, 22:56","","Cable Crunch",,"",2,"normal",185,15,,,
"LEG","3 Dec 2025, 17:20","3 Dec 2025, 18:50","😭😭","Squat (Smith Machine)",,"",0,"warmup",25,8,,,
"LEG","3 Dec 2025, 17:20","3 Dec 2025, 18:50","😭😭","Squat (Smith Machine)",,"",1,"normal",135,10,,,
"LEG","3 Dec 2025, 17:20","3 Dec 2025, 18:50","😭😭","Squat (Smith Machine)",,"",2,"normal",155,10,,,
"LEG","3 Dec 2025, 17:20","3 Dec 2025, 18:50","😭😭","Squat (Smith Machine)",,"",3,"normal",165,9,,,
"LEG","3 Dec 2025, 17:20","3 Dec 2025, 18:50","😭😭","Squat (Smith Machine)",,"",4,"normal",175,9,,,
"LEG","3 Dec 2025, 17:20","3 Dec 2025, 18:50","😭😭","Romanian Deadlift (Barbell)",,"",0,"warmup",95,10,,,
"LEG","3 Dec 2025, 17:20","3 Dec 2025, 18:50","😭😭","Romanian Deadlift (Barbell)",,"",1,"normal",155,10,,,
"LEG","3 Dec 2025, 17:20","3 Dec 2025, 18:50","😭😭","Romanian Deadlift (Barbell)",,"",2,"normal",165,9,,,
"LEG","3 Dec 2025, 17:20","3 Dec 2025, 18:50","😭😭","Romanian Deadlift (Barbell)",,"",3,"normal",165,9,,,
"LEG","3 Dec 2025, 17:20","3 Dec 2025, 18:50","😭😭","Leg Extension (Machine)",,"",0,"normal",170,12,,,
"LEG","3 Dec 2025, 17:20","3 Dec 2025, 18:50","😭😭","Leg Extension (Machine)",,"",1,"normal",175,12,,,
"LEG","3 Dec 2025, 17:20","3 Dec 2025, 18:50","😭😭","Leg Extension (Machine)",,"",2,"normal",180,10,,,
"LEG","3 Dec 2025, 17:20","3 Dec 2025, 18:50","😭😭","Seated Leg Curl (Machine)",,"",0,"normal",185,12,,,
"LEG","3 Dec 2025, 17:20","3 Dec 2025, 18:50","😭😭","Seated Leg Curl (Machine)",,"",1,"normal",190,8,,,
"LEG","3 Dec 2025, 17:20","3 Dec 2025, 18:50","😭😭","Seated Leg Curl (Machine)",,"",2,"normal",190,9,,,
"LEG","3 Dec 2025, 17:20","3 Dec 2025, 18:50","😭😭","Calf Press (Machine)",,"",0,"normal",410,15,,,
"LEG","3 Dec 2025, 17:20","3 Dec 2025, 18:50","😭😭","Calf Press (Machine)",,"",1,"normal",410,15,,,
"LEG","3 Dec 2025, 17:20","3 Dec 2025, 18:50","😭😭","Calf Press (Machine)",,"",2,"normal",410,15,,,
"LEG","3 Dec 2025, 17:20","3 Dec 2025, 18:50","😭😭","Leg Raise Parallel Bars",,"",0,"normal",,15,,,
"LEG","3 Dec 2025, 17:20","3 Dec 2025, 18:50","😭😭","Leg Raise Parallel Bars",,"",1,"normal",,15,,,
"LEG","3 Dec 2025, 17:20","3 Dec 2025, 18:50","😭😭","Leg Raise Parallel Bars",,"",2,"normal",,15,,,
"PULL","2 Dec 2025, 16:25","2 Dec 2025, 18:14","","Pull Up",,"",0,"normal",,6,,,
"PULL","2 Dec 2025, 16:25","2 Dec 2025, 18:14","","Pull Up",,"",1,"normal",,3,,,
"PULL","2 Dec 2025, 16:25","2 Dec 2025, 18:14","","Bent Over Row (Barbell)",,"",0,"warmup",45,10,,,
"PULL","2 Dec 2025, 16:25","2 Dec 2025, 18:14","","Bent Over Row (Barbell)",,"",1,"normal",135,10,,,
"PULL","2 Dec 2025, 16:25","2 Dec 2025, 18:14","","Bent Over Row (Barbell)",,"",2,"normal",145,9,,,
"PULL","2 Dec 2025, 16:25","2 Dec 2025, 18:14","","Bent Over Row (Barbell)",,"",3,"normal",145,10,,,
"PULL","2 Dec 2025, 16:25","2 Dec 2025, 18:14","","Shrug (Barbell)",,"",0,"normal",205,12,,,
"PULL","2 Dec 2025, 16:25","2 Dec 2025, 18:14","","Shrug (Barbell)",,"",1,"normal",205,12,,,
"PULL","2 Dec 2025, 16:25","2 Dec 2025, 18:14","","Shrug (Barbell)",,"",2,"normal",205,12,,,
"PULL","2 Dec 2025, 16:25","2 Dec 2025, 18:14","","Lat Pulldown - Close Grip (Cable)",,"",0,"normal",150,9,,,
"PULL","2 Dec 2025, 16:25","2 Dec 2025, 18:14","","Lat Pulldown - Close Grip (Cable)",,"",1,"normal",150,9,,,
"PULL","2 Dec 2025, 16:25","2 Dec 2025, 18:14","","Lat Pulldown - Close Grip (Cable)",,"",2,"normal",150,7,,,
"PULL","2 Dec 2025, 16:25","2 Dec 2025, 18:14","","Seated Cable Row - Bar Grip",,"",0,"normal",150,11,,,
"PULL","2 Dec 2025, 16:25","2 Dec 2025, 18:14","","Seated Cable Row - Bar Grip",,"",1,"normal",150,12,,,
"PULL","2 Dec 2025, 16:25","2 Dec 2025, 18:14","","Seated Cable Row - Bar Grip",,"",2,"normal",150,11,,,
"PULL","2 Dec 2025, 16:25","2 Dec 2025, 18:14","","Rear Delt Reverse Fly (Machine)",,"",0,"normal",50,13,,,
"PULL","2 Dec 2025, 16:25","2 Dec 2025, 18:14","","Rear Delt Reverse Fly (Machine)",,"",1,"normal",55,12,,,
"PULL","2 Dec 2025, 16:25","2 Dec 2025, 18:14","","Rear Delt Reverse Fly (Machine)",,"",2,"normal",55,14,,,
"PULL","2 Dec 2025, 16:25","2 Dec 2025, 18:14","","Preacher Curl (Dumbbell)",,"",0,"normal",40,13,,,
"PULL","2 Dec 2025, 16:25","2 Dec 2025, 18:14","","Preacher Curl (Dumbbell)",,"",1,"normal",50,5,,,
"PULL","2 Dec 2025, 16:25","2 Dec 2025, 18:14","","Preacher Curl (Dumbbell)",,"",2,"normal",50,7,,,
"PULL","2 Dec 2025, 16:25","2 Dec 2025, 18:14","","Preacher Curl (Dumbbell)",,"",3,"normal",40,11,,,
"PULL","2 Dec 2025, 16:25","2 Dec 2025, 18:14","","Hammer Curl (Cable)",,"",0,"normal",120,13,,,
"PULL","2 Dec 2025, 16:25","2 Dec 2025, 18:14","","Hammer Curl (Cable)",,"",1,"normal",130,11,,,
"PULL","2 Dec 2025, 16:25","2 Dec 2025, 18:14","","Hammer Curl (Cable)",,"",2,"normal",130,12,,,
"PULL","2 Dec 2025, 16:25","2 Dec 2025, 18:14","","Cable Crunch",,"",0,"normal",180,15,,,
"PULL","2 Dec 2025, 16:25","2 Dec 2025, 18:14","","Cable Crunch",,"",1,"normal",180,15,,,
"PULL","2 Dec 2025, 16:25","2 Dec 2025, 18:14","","Cable Crunch",,"",2,"normal",180,15,,,
"PUSH","1 Dec 2025, 21:37","1 Dec 2025, 23:14","","Pull Up",,"",0,"normal",,5,,,
"PUSH","1 Dec 2025, 21:37","1 Dec 2025, 23:14","","Incline Bench Press (Smith Machine)",,"",0,"warmup",25,10,,,
"PUSH","1 Dec 2025, 21:37","1 Dec 2025, 23:14","","Incline Bench Press (Smith Machine)",,"",1,"normal",145,9,,,
"PUSH","1 Dec 2025, 21:37","1 Dec 2025, 23:14","","Incline Bench Press (Smith Machine)",,"",2,"normal",155,9,,,
"PUSH","1 Dec 2025, 21:37","1 Dec 2025, 23:14","","Incline Bench Press (Smith Machine)",,"",3,"normal",165,6,,,
"PUSH","1 Dec 2025, 21:37","1 Dec 2025, 23:14","","Seated Chest Flys (Cable)",,"",0,"normal",60,12,,,
"PUSH","1 Dec 2025, 21:37","1 Dec 2025, 23:14","","Seated Chest Flys (Cable)",,"",1,"normal",80,10,,,
"PUSH","1 Dec 2025, 21:37","1 Dec 2025, 23:14","","Seated Chest Flys (Cable)",,"",2,"normal",85,12,,,
"PUSH","1 Dec 2025, 21:37","1 Dec 2025, 23:14","","Seated Chest Flys (Cable)",,"",3,"normal",85,15,,,
"PUSH","1 Dec 2025, 21:37","1 Dec 2025, 23:14","","Single Arm Lateral Raise (Cable)",,"",0,"warmup",15,8,,,
"PUSH","1 Dec 2025, 21:37","1 Dec 2025, 23:14","","Single Arm Lateral Raise (Cable)",,"",1,"normal",20,17,,,
"PUSH","1 Dec 2025, 21:37","1 Dec 2025, 23:14","","Single Arm Lateral Raise (Cable)",,"",2,"normal",25,16,,,
"PUSH","1 Dec 2025, 21:37","1 Dec 2025, 23:14","","Single Arm Lateral Raise (Cable)",,"",3,"normal",25,16,,,
"PUSH","1 Dec 2025, 21:37","1 Dec 2025, 23:14","","Triceps Pushdown",,"",0,"normal",140,15,,,
"PUSH","1 Dec 2025, 21:37","1 Dec 2025, 23:14","","Triceps Pushdown",,"",1,"normal",145,12,,,
"PUSH","1 Dec 2025, 21:37","1 Dec 2025, 23:14","","Triceps Pushdown",,"",2,"normal",145,8,,,
"PUSH","1 Dec 2025, 21:37","1 Dec 2025, 23:14","","Overhead Triceps Extension (Cable)",,"",0,"normal",95,11,,,
"PUSH","1 Dec 2025, 21:37","1 Dec 2025, 23:14","","Overhead Triceps Extension (Cable)",,"",1,"normal",95,12,,,
"PUSH","1 Dec 2025, 21:37","1 Dec 2025, 23:14","","Overhead Triceps Extension (Cable)",,"",2,"normal",95,12,,,
"PUSH","1 Dec 2025, 21:37","1 Dec 2025, 23:14","","Shoulder Press (Dumbbell)",,"",0,"normal",80,10,,,
"PUSH","1 Dec 2025, 21:37","1 Dec 2025, 23:14","","Shoulder Press (Dumbbell)",,"",1,"normal",80,10,,,
"PUSH","1 Dec 2025, 21:37","1 Dec 2025, 23:14","","Hanging Knee Raise",,"",0,"normal",,10,,,
"PUSH","1 Dec 2025, 21:37","1 Dec 2025, 23:14","","Hanging Knee Raise",,"",1,"normal",,10,,,
"PUSH","1 Dec 2025, 21:37","1 Dec 2025, 23:14","","Leg Raise Parallel Bars",,"",0,"normal",,12,,,
"UPPER","29 Nov 2025, 14:23","29 Nov 2025, 16:18","wtf 2 hours 💀😭","Bench Press (Barbell)",,"",0,"warmup",45,10,,,
"UPPER","29 Nov 2025, 14:23","29 Nov 2025, 16:18","wtf 2 hours 💀😭","Bench Press (Barbell)",,"",1,"normal",155,9,,,
"UPPER","29 Nov 2025, 14:23","29 Nov 2025, 16:18","wtf 2 hours 💀😭","Bench Press (Barbell)",,"",2,"normal",165,7,,,
"UPPER","29 Nov 2025, 14:23","29 Nov 2025, 16:18","wtf 2 hours 💀😭","Bench Press (Barbell)",,"",3,"normal",165,6,,,
"UPPER","29 Nov 2025, 14:23","29 Nov 2025, 16:18","wtf 2 hours 💀😭","Bench Press (Barbell)",,"",4,"dropset",135,10,,,
"UPPER","29 Nov 2025, 14:23","29 Nov 2025, 16:18","wtf 2 hours 💀😭","Lat Pulldown (Cable)",,"",0,"normal",140,12,,,
"UPPER","29 Nov 2025, 14:23","29 Nov 2025, 16:18","wtf 2 hours 💀😭","Lat Pulldown (Cable)",,"",1,"normal",150,9,,,
"UPPER","29 Nov 2025, 14:23","29 Nov 2025, 16:18","wtf 2 hours 💀😭","Lat Pulldown (Cable)",,"",2,"normal",150,10,,,
"UPPER","29 Nov 2025, 14:23","29 Nov 2025, 16:18","wtf 2 hours 💀😭","Seated Cable Row - V Grip (Cable)",,"",0,"normal",140,10,,,
"UPPER","29 Nov 2025, 14:23","29 Nov 2025, 16:18","wtf 2 hours 💀😭","Seated Cable Row - V Grip (Cable)",,"",1,"normal",150,9,,,
"UPPER","29 Nov 2025, 14:23","29 Nov 2025, 16:18","wtf 2 hours 💀😭","Seated Cable Row - V Grip (Cable)",,"",2,"normal",150,8,,,
"UPPER","29 Nov 2025, 14:23","29 Nov 2025, 16:18","wtf 2 hours 💀😭","Incline Chest Press (Machine)",,"",0,"normal",154,6,,,
"UPPER","29 Nov 2025, 14:23","29 Nov 2025, 16:18","wtf 2 hours 💀😭","Incline Chest Press (Machine)",,"",1,"normal",134,10,,,
"UPPER","29 Nov 2025, 14:23","29 Nov 2025, 16:18","wtf 2 hours 💀😭","Incline Chest Press (Machine)",,"",2,"normal",134,10,,,
"UPPER","29 Nov 2025, 14:23","29 Nov 2025, 16:18","wtf 2 hours 💀😭","Lateral Raise (Dumbbell)",,"",0,"normal",40,15,,,
"UPPER","29 Nov 2025, 14:23","29 Nov 2025, 16:18","wtf 2 hours 💀😭","Lateral Raise (Dumbbell)",,"",1,"normal",40,13,,,
"UPPER","29 Nov 2025, 14:23","29 Nov 2025, 16:18","wtf 2 hours 💀😭","Lateral Raise (Dumbbell)",,"",2,"normal",40,15,,,
"UPPER","29 Nov 2025, 14:23","29 Nov 2025, 16:18","wtf 2 hours 💀😭","Triceps Rope Pushdown",,"",0,"normal",110,14,,,
"UPPER","29 Nov 2025, 14:23","29 Nov 2025, 16:18","wtf 2 hours 💀😭","Triceps Rope Pushdown",,"",1,"normal",130,7,,,
"UPPER","29 Nov 2025, 14:23","29 Nov 2025, 16:18","wtf 2 hours 💀😭","Triceps Rope Pushdown",,"",2,"normal",120,9,,,
"UPPER","29 Nov 2025, 14:23","29 Nov 2025, 16:18","wtf 2 hours 💀😭","Bicep Curl (Cable)",,"",0,"normal",90,12,,,
"UPPER","29 Nov 2025, 14:23","29 Nov 2025, 16:18","wtf 2 hours 💀😭","Bicep Curl (Cable)",,"",1,"normal",110,12,,,
"UPPER","29 Nov 2025, 14:23","29 Nov 2025, 16:18","wtf 2 hours 💀😭","Bicep Curl (Cable)",,"",2,"normal",110,12,,,
"UPPER","29 Nov 2025, 14:23","29 Nov 2025, 16:18","wtf 2 hours 💀😭","Cable Crunch",,"",0,"normal",180,15,,,
"UPPER","29 Nov 2025, 14:23","29 Nov 2025, 16:18","wtf 2 hours 💀😭","Cable Crunch",,"",1,"normal",180,12,,,
"UPPER","29 Nov 2025, 14:23","29 Nov 2025, 16:18","wtf 2 hours 💀😭","Cable Crunch",,"",2,"normal",180,12,,,
"UPPER","29 Nov 2025, 14:23","29 Nov 2025, 16:18","wtf 2 hours 💀😭","Russian Twist (Weighted)",0,"",0,"normal",25,20,,,
"UPPER","29 Nov 2025, 14:23","29 Nov 2025, 16:18","wtf 2 hours 💀😭","Russian Twist (Weighted)",0,"",1,"normal",25,20,,,
"UPPER","29 Nov 2025, 14:23","29 Nov 2025, 16:18","wtf 2 hours 💀😭","Russian Twist (Weighted)",0,"",2,"normal",25,20,,,
"UPPER","29 Nov 2025, 14:23","29 Nov 2025, 16:18","wtf 2 hours 💀😭","Heel Taps",0,"",0,"normal",,20,,,
"UPPER","29 Nov 2025, 14:23","29 Nov 2025, 16:18","wtf 2 hours 💀😭","Heel Taps",0,"",1,"normal",,20,,,
"UPPER","29 Nov 2025, 14:23","29 Nov 2025, 16:18","wtf 2 hours 💀😭","Heel Taps",0,"",2,"normal",,20,,,
"LEG","28 Nov 2025, 16:51","28 Nov 2025, 18:15","i hate leg","Squat (Smith Machine)",,"",0,"normal",155,10,,,
"LEG","28 Nov 2025, 16:51","28 Nov 2025, 18:15","i hate leg","Squat (Smith Machine)",,"",1,"normal",155,10,,,
"LEG","28 Nov 2025, 16:51","28 Nov 2025, 18:15","i hate leg","Squat (Smith Machine)",,"",2,"normal",165,10,,,
"LEG","28 Nov 2025, 16:51","28 Nov 2025, 18:15","i hate leg","Romanian Deadlift (Barbell)",,"",0,"warmup",45,10,,,
"LEG","28 Nov 2025, 16:51","28 Nov 2025, 18:15","i hate leg","Romanian Deadlift (Barbell)",,"",1,"normal",155,10,,,
"LEG","28 Nov 2025, 16:51","28 Nov 2025, 18:15","i hate leg","Romanian Deadlift (Barbell)",,"",2,"normal",155,10,,,
"LEG","28 Nov 2025, 16:51","28 Nov 2025, 18:15","i hate leg","Romanian Deadlift (Barbell)",,"",3,"normal",165,10,,,
"LEG","28 Nov 2025, 16:51","28 Nov 2025, 18:15","i hate leg","Leg Extension (Machine)",,"",0,"normal",165,12,,,
"LEG","28 Nov 2025, 16:51","28 Nov 2025, 18:15","i hate leg","Leg Extension (Machine)",,"",1,"normal",170,12,,,
"LEG","28 Nov 2025, 16:51","28 Nov 2025, 18:15","i hate leg","Seated Leg Curl (Machine)",,"",0,"normal",190,10,,,
"LEG","28 Nov 2025, 16:51","28 Nov 2025, 18:15","i hate leg","Seated Leg Curl (Machine)",,"",1,"normal",190,6,,,
"LEG","28 Nov 2025, 16:51","28 Nov 2025, 18:15","i hate leg","Seated Leg Curl (Machine)",,"",2,"normal",160,10,,,
"LEG","28 Nov 2025, 16:51","28 Nov 2025, 18:15","i hate leg","Calf Press (Machine)",,"",0,"normal",410,15,,,
"LEG","28 Nov 2025, 16:51","28 Nov 2025, 18:15","i hate leg","Calf Press (Machine)",,"",1,"normal",410,15,,,
"LEG","28 Nov 2025, 16:51","28 Nov 2025, 18:15","i hate leg","Cable Crunch",0,"",0,"normal",180,17,,,
"LEG","28 Nov 2025, 16:51","28 Nov 2025, 18:15","i hate leg","Cable Crunch",0,"",1,"normal",190,12,,,
"LEG","28 Nov 2025, 16:51","28 Nov 2025, 18:15","i hate leg","Cable Crunch",0,"",2,"normal",190,12,,,
"LEG","28 Nov 2025, 16:51","28 Nov 2025, 18:15","i hate leg","Leg Raise Parallel Bars",0,"",0,"normal",,12,,,
"LEG","28 Nov 2025, 16:51","28 Nov 2025, 18:15","i hate leg","Leg Raise Parallel Bars",0,"",1,"normal",,12,,,
"LEG","28 Nov 2025, 16:51","28 Nov 2025, 18:15","i hate leg","Leg Raise Parallel Bars",0,"",2,"normal",,12,,,
"PULL","26 Nov 2025, 17:10","26 Nov 2025, 18:22","","Pull Up (Assisted)",,"",0,"normal",40,10,,,
"PULL","26 Nov 2025, 17:10","26 Nov 2025, 18:22","","Pull Up (Assisted)",,"",1,"normal",30,9,,,
"PULL","26 Nov 2025, 17:10","26 Nov 2025, 18:22","","Bent Over Row (Barbell)",,"",0,"warmup",45,10,,,
"PULL","26 Nov 2025, 17:10","26 Nov 2025, 18:22","","Bent Over Row (Barbell)",,"",1,"normal",135,10,,,
"PULL","26 Nov 2025, 17:10","26 Nov 2025, 18:22","","Bent Over Row (Barbell)",,"",2,"normal",135,10,,,
"PULL","26 Nov 2025, 17:10","26 Nov 2025, 18:22","","Bent Over Row (Barbell)",,"",3,"normal",145,8,,,
"PULL","26 Nov 2025, 17:10","26 Nov 2025, 18:22","","Shrug (Barbell)",,"",0,"normal",185,15,,,
"PULL","26 Nov 2025, 17:10","26 Nov 2025, 18:22","","Shrug (Barbell)",,"",1,"normal",205,10,,,
"PULL","26 Nov 2025, 17:10","26 Nov 2025, 18:22","","Shrug (Barbell)",,"",2,"normal",205,11,,,
"PULL","26 Nov 2025, 17:10","26 Nov 2025, 18:22","","Lat Pulldown - Close Grip (Cable)",,"",0,"normal",150,9,,,
"PULL","26 Nov 2025, 17:10","26 Nov 2025, 18:22","","Lat Pulldown - Close Grip (Cable)",,"",1,"normal",150,8,,,
"PULL","26 Nov 2025, 17:10","26 Nov 2025, 18:22","","Lat Pulldown - Close Grip (Cable)",,"",2,"normal",150,7,,,
"PULL","26 Nov 2025, 17:10","26 Nov 2025, 18:22","","Face Pull",,"",0,"normal",110,15,,,
"PULL","26 Nov 2025, 17:10","26 Nov 2025, 18:22","","Face Pull",,"",1,"normal",120,15,,,
"PULL","26 Nov 2025, 17:10","26 Nov 2025, 18:22","","Face Pull",,"",2,"normal",130,13,,,
"PULL","26 Nov 2025, 17:10","26 Nov 2025, 18:22","","Preacher Curl (Barbell)",,"",0,"warmup",20,10,,,
"PULL","26 Nov 2025, 17:10","26 Nov 2025, 18:22","","Preacher Curl (Barbell)",,"",1,"normal",40,15,,,
"PULL","26 Nov 2025, 17:10","26 Nov 2025, 18:22","","Preacher Curl (Barbell)",,"",2,"normal",50,10,,,
"PULL","26 Nov 2025, 17:10","26 Nov 2025, 18:22","","Preacher Curl (Barbell)",,"",3,"normal",60,5,,,
"PULL","26 Nov 2025, 17:10","26 Nov 2025, 18:22","","Preacher Curl (Barbell)",,"",4,"dropset",40,8,,,
"PULL","26 Nov 2025, 17:10","26 Nov 2025, 18:22","","Hammer Curl (Cable)",,"",0,"normal",130,11,,,
"PULL","26 Nov 2025, 17:10","26 Nov 2025, 18:22","","Hammer Curl (Cable)",,"",1,"normal",130,11,,,
"PULL","26 Nov 2025, 17:10","26 Nov 2025, 18:22","","Hammer Curl (Cable)",,"",2,"normal",130,9,,,
"PUSH","25 Nov 2025, 21:29","25 Nov 2025, 23:03","","Incline Bench Press (Barbell)",,"",0,"warmup",45,10,,,
"PUSH","25 Nov 2025, 21:29","25 Nov 2025, 23:03","","Incline Bench Press (Barbell)",,"",1,"normal",135,8,,,
"PUSH","25 Nov 2025, 21:29","25 Nov 2025, 23:03","","Incline Bench Press (Barbell)",,"",2,"normal",135,10,,,
"PUSH","25 Nov 2025, 21:29","25 Nov 2025, 23:03","","Incline Bench Press (Barbell)",,"",3,"normal",145,8,,,
"PUSH","25 Nov 2025, 21:29","25 Nov 2025, 23:03","","Incline Chest Press (Machine)",,"",0,"normal",154,8,,,
"PUSH","25 Nov 2025, 21:29","25 Nov 2025, 23:03","","Incline Chest Press (Machine)",,"",1,"normal",154,8,,,
"PUSH","25 Nov 2025, 21:29","25 Nov 2025, 23:03","","Shoulder Press (Dumbbell)",,"",0,"normal",110,8,,,
"PUSH","25 Nov 2025, 21:29","25 Nov 2025, 23:03","","Shoulder Press (Dumbbell)",,"",1,"normal",110,10,,,
"PUSH","25 Nov 2025, 21:29","25 Nov 2025, 23:03","","Shoulder Press (Dumbbell)",,"",2,"normal",110,8,,,
"PUSH","25 Nov 2025, 21:29","25 Nov 2025, 23:03","","Single Arm Lateral Raise (Cable)",,"",0,"normal",20,15,,,
"PUSH","25 Nov 2025, 21:29","25 Nov 2025, 23:03","","Single Arm Lateral Raise (Cable)",,"",1,"normal",30,7,,,
"PUSH","25 Nov 2025, 21:29","25 Nov 2025, 23:03","","Single Arm Lateral Raise (Cable)",,"",2,"normal",20,15,,,
"PUSH","25 Nov 2025, 21:29","25 Nov 2025, 23:03","","Chest Fly (Machine)",,"",0,"normal",140,15,,,
"PUSH","25 Nov 2025, 21:29","25 Nov 2025, 23:03","","Chest Fly (Machine)",,"",1,"normal",150,12,,,
"PUSH","25 Nov 2025, 21:29","25 Nov 2025, 23:03","","Chest Fly (Machine)",,"",2,"normal",150,10,,,
"PUSH","25 Nov 2025, 21:29","25 Nov 2025, 23:03","","Single Arm Triceps Pushdown (Cable)",,"",0,"normal",40,6,,,
"PUSH","25 Nov 2025, 21:29","25 Nov 2025, 23:03","","Single Arm Triceps Pushdown (Cable)",,"",1,"normal",30,15,,,
"PUSH","25 Nov 2025, 21:29","25 Nov 2025, 23:03","","Single Arm Triceps Pushdown (Cable)",,"",2,"normal",30,15,,,
"PUSH","25 Nov 2025, 21:29","25 Nov 2025, 23:03","","Overhead Triceps Extension (Cable)",,"",0,"normal",70,15,,,
"PUSH","25 Nov 2025, 21:29","25 Nov 2025, 23:03","","Overhead Triceps Extension (Cable)",,"",1,"normal",80,15,,,
"PUSH","25 Nov 2025, 21:29","25 Nov 2025, 23:03","","Overhead Triceps Extension (Cable)",,"",2,"normal",90,13,,,
"PUSH","25 Nov 2025, 21:29","25 Nov 2025, 23:03","","Cable Crunch",,"",0,"normal",170,18,,,
"PUSH","25 Nov 2025, 21:29","25 Nov 2025, 23:03","","Cable Crunch",,"",1,"normal",180,15,,,
"PUSH","25 Nov 2025, 21:29","25 Nov 2025, 23:03","","Cable Crunch",,"",2,"normal",180,15,,,
"PUSH","25 Nov 2025, 21:29","25 Nov 2025, 23:03","","Leg Raise Parallel Bars",,"",0,"normal",,12,,,
"PUSH","25 Nov 2025, 21:29","25 Nov 2025, 23:03","","Leg Raise Parallel Bars",,"",1,"normal",,12,,,
"PUSH","25 Nov 2025, 21:29","25 Nov 2025, 23:03","","Leg Raise Parallel Bars",,"",2,"normal",,12,,,
"PULL HAMSTRING","23 Nov 2025, 10:31","23 Nov 2025, 11:34","","Lat Pulldown - Close Grip (Cable)",,"",0,"normal",140,12,,,
"PULL HAMSTRING","23 Nov 2025, 10:31","23 Nov 2025, 11:34","","Lat Pulldown - Close Grip (Cable)",,"",1,"normal",160,6,,,
"PULL HAMSTRING","23 Nov 2025, 10:31","23 Nov 2025, 11:34","","Lat Pulldown - Close Grip (Cable)",,"",2,"normal",140,9,,,
"PULL HAMSTRING","23 Nov 2025, 10:31","23 Nov 2025, 11:34","","Romanian Deadlift (Barbell)",,"",0,"warmup",45,6,,,
"PULL HAMSTRING","23 Nov 2025, 10:31","23 Nov 2025, 11:34","","Romanian Deadlift (Barbell)",,"",1,"normal",135,10,,,
"PULL HAMSTRING","23 Nov 2025, 10:31","23 Nov 2025, 11:34","","Romanian Deadlift (Barbell)",,"",2,"normal",135,10,,,
"PULL HAMSTRING","23 Nov 2025, 10:31","23 Nov 2025, 11:34","","Romanian Deadlift (Barbell)",,"",3,"normal",145,10,,,
"PULL HAMSTRING","23 Nov 2025, 10:31","23 Nov 2025, 11:34","","Seated Cable Row - Bar Grip",,"",0,"normal",135,15,,,
"PULL HAMSTRING","23 Nov 2025, 10:31","23 Nov 2025, 11:34","","Seated Cable Row - Bar Grip",,"",1,"normal",150,12,,,
"PULL HAMSTRING","23 Nov 2025, 10:31","23 Nov 2025, 11:34","","Seated Row (Machine)",,"",0,"normal",110,17,,,
"PULL HAMSTRING","23 Nov 2025, 10:31","23 Nov 2025, 11:34","","Seated Leg Curl (Machine)",,"",0,"normal",130,8,,,
"PULL HAMSTRING","23 Nov 2025, 10:31","23 Nov 2025, 11:34","","Preacher Curl (Barbell)",,"",0,"normal",40,10,,,
"PULL HAMSTRING","23 Nov 2025, 10:31","23 Nov 2025, 11:34","","Preacher Curl (Barbell)",,"",1,"normal",50,5,,,
"PULL HAMSTRING","23 Nov 2025, 10:31","23 Nov 2025, 11:34","","Preacher Curl (Barbell)",,"",2,"normal",50,6,,,
"PULL HAMSTRING","23 Nov 2025, 10:31","23 Nov 2025, 11:34","","Hammer Curl (Cable)",,"",0,"normal",120,13,,,
"PULL HAMSTRING","23 Nov 2025, 10:31","23 Nov 2025, 11:34","","Hammer Curl (Cable)",,"",1,"normal",120,15,,,
"PULL HAMSTRING","23 Nov 2025, 10:31","23 Nov 2025, 11:34","","Hammer Curl (Cable)",,"",2,"normal",130,12,,,
"PULL HAMSTRING","23 Nov 2025, 10:31","23 Nov 2025, 11:34","","Hammer Curl (Dumbbell)",,"",0,"normal",45,10,,,
"UPPER 🤒","22 Nov 2025, 00:08","22 Nov 2025, 01:04","markham location cool equipment. unlimited wings is disgusting","Incline Bench Press (Barbell)",,"",0,"warmup",45,10,,,
"UPPER 🤒","22 Nov 2025, 00:08","22 Nov 2025, 01:04","markham location cool equipment. unlimited wings is disgusting","Incline Bench Press (Barbell)",,"",1,"normal",135,8,,,
"UPPER 🤒","22 Nov 2025, 00:08","22 Nov 2025, 01:04","markham location cool equipment. unlimited wings is disgusting","Incline Bench Press (Barbell)",,"",2,"normal",135,9,,,
"UPPER 🤒","22 Nov 2025, 00:08","22 Nov 2025, 01:04","markham location cool equipment. unlimited wings is disgusting","Incline Bench Press (Barbell)",,"",3,"dropset",115,10,,,
"UPPER 🤒","22 Nov 2025, 00:08","22 Nov 2025, 01:04","markham location cool equipment. unlimited wings is disgusting","Lat Pulldown (Cable)",,"",0,"normal",120,15,,,
"UPPER 🤒","22 Nov 2025, 00:08","22 Nov 2025, 01:04","markham location cool equipment. unlimited wings is disgusting","Lat Pulldown (Cable)",,"",1,"normal",140,12,,,
"UPPER 🤒","22 Nov 2025, 00:08","22 Nov 2025, 01:04","markham location cool equipment. unlimited wings is disgusting","Decline Bench Press (Machine)",,"",0,"normal",90,15,,,
"UPPER 🤒","22 Nov 2025, 00:08","22 Nov 2025, 01:04","markham location cool equipment. unlimited wings is disgusting","Decline Bench Press (Machine)",,"",1,"normal",140,11,,,
"UPPER 🤒","22 Nov 2025, 00:08","22 Nov 2025, 01:04","markham location cool equipment. unlimited wings is disgusting","Decline Bench Press (Machine)",,"",2,"normal",160,10,,,
"UPPER 🤒","22 Nov 2025, 00:08","22 Nov 2025, 01:04","markham location cool equipment. unlimited wings is disgusting","Seated Cable Row - V Grip (Cable)",,"",0,"normal",130,12,,,
"UPPER 🤒","22 Nov 2025, 00:08","22 Nov 2025, 01:04","markham location cool equipment. unlimited wings is disgusting","Seated Cable Row - V Grip (Cable)",,"",1,"normal",130,12,,,
"UPPER 🤒","22 Nov 2025, 00:08","22 Nov 2025, 01:04","markham location cool equipment. unlimited wings is disgusting","Seated Cable Row - V Grip (Cable)",,"",2,"normal",130,13,,,
"UPPER 🤒","22 Nov 2025, 00:08","22 Nov 2025, 01:04","markham location cool equipment. unlimited wings is disgusting","Preacher Curl (Barbell)",,"",0,"normal",40,10,,,
"UPPER 🤒","22 Nov 2025, 00:08","22 Nov 2025, 01:04","markham location cool equipment. unlimited wings is disgusting","Preacher Curl (Barbell)",,"",1,"normal",50,9,,,
"UPPER 🤒","22 Nov 2025, 00:08","22 Nov 2025, 01:04","markham location cool equipment. unlimited wings is disgusting","Preacher Curl (Barbell)",,"",2,"normal",50,10,,,
"UPPER 🤒","22 Nov 2025, 00:08","22 Nov 2025, 01:04","markham location cool equipment. unlimited wings is disgusting","Triceps Pushdown",,"",0,"normal",60,12,,,
"UPPER 🤒","22 Nov 2025, 00:08","22 Nov 2025, 01:04","markham location cool equipment. unlimited wings is disgusting","Triceps Pushdown",,"",1,"normal",60,15,,,
"UPPER 🤒","22 Nov 2025, 00:08","22 Nov 2025, 01:04","markham location cool equipment. unlimited wings is disgusting","Crunch (Machine)",,"",0,"normal",125,12,,,
"UPPER 🤒","22 Nov 2025, 00:08","22 Nov 2025, 01:04","markham location cool equipment. unlimited wings is disgusting","Crunch (Machine)",,"",1,"normal",125,12,,,
"UPPER 🤒","22 Nov 2025, 00:08","22 Nov 2025, 01:04","markham location cool equipment. unlimited wings is disgusting","Crunch (Machine)",,"",2,"normal",130,15,,,
"quick pull","19 Nov 2025, 16:53","19 Nov 2025, 17:50","i think i'm getting sick again 💔💔💔","Dead Hang",,"",0,"normal",,,,42,
"quick pull","19 Nov 2025, 16:53","19 Nov 2025, 17:50","i think i'm getting sick again 💔💔💔","Pull Up (Assisted)",,"",0,"normal",,3,,,
"quick pull","19 Nov 2025, 16:53","19 Nov 2025, 17:50","i think i'm getting sick again 💔💔💔","Pull Up (Assisted)",,"",1,"normal",40,10,,,
"quick pull","19 Nov 2025, 16:53","19 Nov 2025, 17:50","i think i'm getting sick again 💔💔💔","Pull Up (Assisted)",,"",2,"normal",30,6,,,
"quick pull","19 Nov 2025, 16:53","19 Nov 2025, 17:50","i think i'm getting sick again 💔💔💔","Lat Pulldown - Close Grip (Cable)",,"",0,"normal",140,9,,,
"quick pull","19 Nov 2025, 16:53","19 Nov 2025, 17:50","i think i'm getting sick again 💔💔💔","Lat Pulldown - Close Grip (Cable)",,"",1,"normal",150,7,,,
"quick pull","19 Nov 2025, 16:53","19 Nov 2025, 17:50","i think i'm getting sick again 💔💔💔","Lat Pulldown - Close Grip (Cable)",,"",2,"normal",150,7,,,
"quick pull","19 Nov 2025, 16:53","19 Nov 2025, 17:50","i think i'm getting sick again 💔💔💔","Seated Cable Row - Bar Grip",,"",0,"normal",140,12,,,
"quick pull","19 Nov 2025, 16:53","19 Nov 2025, 17:50","i think i'm getting sick again 💔💔💔","Seated Cable Row - Bar Grip",,"",1,"normal",150,11,,,
"quick pull","19 Nov 2025, 16:53","19 Nov 2025, 17:50","i think i'm getting sick again 💔💔💔","Seated Cable Row - Bar Grip",,"",2,"normal",150,9,,,
"quick pull","19 Nov 2025, 16:53","19 Nov 2025, 17:50","i think i'm getting sick again 💔💔💔","Single Arm Behind the Back Curl (Cable)",,"",0,"normal",35,12,,,
"quick pull","19 Nov 2025, 16:53","19 Nov 2025, 17:50","i think i'm getting sick again 💔💔💔","Single Arm Behind the Back Curl (Cable)",,"",1,"normal",40,9,,,
"quick pull","19 Nov 2025, 16:53","19 Nov 2025, 17:50","i think i'm getting sick again 💔💔💔","Single Arm Behind the Back Curl (Cable)",,"",2,"normal",40,9,,,
"quick pull","19 Nov 2025, 16:53","19 Nov 2025, 17:50","i think i'm getting sick again 💔💔💔","Hammer Curl (Cable)",,"",0,"normal",130,8,,,
"quick pull","19 Nov 2025, 16:53","19 Nov 2025, 17:50","i think i'm getting sick again 💔💔💔","Hammer Curl (Cable)",,"",1,"normal",120,12,,,
"quick pull","19 Nov 2025, 16:53","19 Nov 2025, 17:50","i think i'm getting sick again 💔💔💔","Hammer Curl (Cable)",,"",2,"normal",120,11,,,
"quick pull","19 Nov 2025, 16:53","19 Nov 2025, 17:50","i think i'm getting sick again 💔💔💔","Single Arm Rear Delt Reverse Fly (Machine)",,"",0,"normal",40,10,,,
"quick pull","19 Nov 2025, 16:53","19 Nov 2025, 17:50","i think i'm getting sick again 💔💔💔","Single Arm Rear Delt Reverse Fly (Machine)",,"",1,"normal",40,15,,,
"quick pull","19 Nov 2025, 16:53","19 Nov 2025, 17:50","i think i'm getting sick again 💔💔💔","Single Arm Rear Delt Reverse Fly (Machine)",,"",2,"normal",45,15,,,
"PUSH","18 Nov 2025, 16:48","18 Nov 2025, 18:04","","Incline Bench Press (Barbell)",,"",0,"warmup",45,12,,,
"PUSH","18 Nov 2025, 16:48","18 Nov 2025, 18:04","","Incline Bench Press (Barbell)",,"",1,"normal",115,12,,,
"PUSH","18 Nov 2025, 16:48","18 Nov 2025, 18:04","","Incline Bench Press (Barbell)",,"",2,"normal",125,11,,,
"PUSH","18 Nov 2025, 16:48","18 Nov 2025, 18:04","","Incline Bench Press (Barbell)",,"",3,"normal",135,10,,,
"PUSH","18 Nov 2025, 16:48","18 Nov 2025, 18:04","","Incline Bench Press (Barbell)",,"",4,"normal",145,6,,,
"PUSH","18 Nov 2025, 16:48","18 Nov 2025, 18:04","","Shoulder Press (Dumbbell)",,"",0,"normal",110,6,,,
"PUSH","18 Nov 2025, 16:48","18 Nov 2025, 18:04","","Shoulder Press (Dumbbell)",,"",1,"normal",110,7,,,
"PUSH","18 Nov 2025, 16:48","18 Nov 2025, 18:04","","Shoulder Press (Dumbbell)",,"",2,"normal",110,8,,,
"PUSH","18 Nov 2025, 16:48","18 Nov 2025, 18:04","","Chest Fly (Machine)",,"",0,"normal",145,12,,,
"PUSH","18 Nov 2025, 16:48","18 Nov 2025, 18:04","","Chest Fly (Machine)",,"",1,"normal",145,12,,,
"PUSH","18 Nov 2025, 16:48","18 Nov 2025, 18:04","","Chest Fly (Machine)",,"",2,"normal",145,8,,,
"PUSH","18 Nov 2025, 16:48","18 Nov 2025, 18:04","","Lateral Raise (Dumbbell)",,"",0,"normal",30,15,,,
"PUSH","18 Nov 2025, 16:48","18 Nov 2025, 18:04","","Lateral Raise (Dumbbell)",,"",1,"normal",30,15,,,
"PUSH","18 Nov 2025, 16:48","18 Nov 2025, 18:04","","Lateral Raise (Dumbbell)",,"",2,"normal",40,15,,,
"PUSH","18 Nov 2025, 16:48","18 Nov 2025, 18:04","","Triceps Pushdown",,"",0,"normal",140,15,,,
"PUSH","18 Nov 2025, 16:48","18 Nov 2025, 18:04","","Triceps Pushdown",,"",1,"normal",150,7,,,
"PUSH","18 Nov 2025, 16:48","18 Nov 2025, 18:04","","Triceps Pushdown",,"",2,"normal",140,9,,,
"PUSH","18 Nov 2025, 16:48","18 Nov 2025, 18:04","","Overhead Triceps Extension (Cable)",,"",0,"normal",70,12,,,
"PUSH","18 Nov 2025, 16:48","18 Nov 2025, 18:04","","Overhead Triceps Extension (Cable)",,"",1,"normal",70,13,,,
"PUSH","18 Nov 2025, 16:48","18 Nov 2025, 18:04","","Overhead Triceps Extension (Cable)",,"",2,"normal",70,15,,,
"PUSH","18 Nov 2025, 16:48","18 Nov 2025, 18:04","","Cable Crunch",,"",0,"normal",150,15,,,
"PUSH","18 Nov 2025, 16:48","18 Nov 2025, 18:04","","Cable Crunch",,"",1,"normal",150,20,,,
"PUSH","18 Nov 2025, 16:48","18 Nov 2025, 18:04","","Cable Crunch",,"",2,"normal",150,15,,,
"PUSH","18 Nov 2025, 16:48","18 Nov 2025, 18:04","","Leg Raise Parallel Bars",,"",0,"normal",,15,,,
"PUSH","18 Nov 2025, 16:48","18 Nov 2025, 18:04","","Leg Raise Parallel Bars",,"",1,"normal",,12,,,
"PUSH","18 Nov 2025, 16:48","18 Nov 2025, 18:04","","Leg Raise Parallel Bars",,"",2,"normal",,12,,,
"push leg","16 Nov 2025, 11:11","16 Nov 2025, 12:22","","Overhead Press (Smith Machine)",,"seated",0,"warmup",25,10,,,
"push leg","16 Nov 2025, 11:11","16 Nov 2025, 12:22","","Overhead Press (Smith Machine)",,"seated",1,"normal",75,10,,,
"push leg","16 Nov 2025, 11:11","16 Nov 2025, 12:22","","Overhead Press (Smith Machine)",,"seated",2,"normal",125,2,,,
"push leg","16 Nov 2025, 11:11","16 Nov 2025, 12:22","","Overhead Press (Smith Machine)",,"seated",3,"normal",125,12,,,
"push leg","16 Nov 2025, 11:11","16 Nov 2025, 12:22","","Overhead Press (Smith Machine)",,"seated",4,"normal",125,8,,,
"push leg","16 Nov 2025, 11:11","16 Nov 2025, 12:22","","Bench Press (Smith Machine)",,"",0,"warmup",25,7,,,
"push leg","16 Nov 2025, 11:11","16 Nov 2025, 12:22","","Bench Press (Smith Machine)",,"",1,"normal",75,12,,,
"push leg","16 Nov 2025, 11:11","16 Nov 2025, 12:22","","Bench Press (Smith Machine)",,"",2,"normal",145,10,,,
"push leg","16 Nov 2025, 11:11","16 Nov 2025, 12:22","","Bench Press (Smith Machine)",,"",3,"normal",165,10,,,
"push leg","16 Nov 2025, 11:11","16 Nov 2025, 12:22","","Bench Press (Smith Machine)",,"",4,"normal",180,3,,,
"push leg","16 Nov 2025, 11:11","16 Nov 2025, 12:22","","Lateral Raise (Machine)",,"",0,"normal",95,10,,,
"push leg","16 Nov 2025, 11:11","16 Nov 2025, 12:22","","Lateral Raise (Machine)",,"",1,"normal",95,10,,,
"push leg","16 Nov 2025, 11:11","16 Nov 2025, 12:22","","Lateral Raise (Machine)",,"",2,"normal",95,7,,,
"push leg","16 Nov 2025, 11:11","16 Nov 2025, 12:22","","Incline Chest Press (Machine)",,"",0,"normal",150,5,,,
"push leg","16 Nov 2025, 11:11","16 Nov 2025, 12:22","","Incline Chest Press (Machine)",,"",1,"normal",100,5,,,
"push leg","16 Nov 2025, 11:11","16 Nov 2025, 12:22","","Incline Chest Press (Machine)",,"",2,"normal",150,9,,,
"push leg","16 Nov 2025, 11:11","16 Nov 2025, 12:22","","Single Arm Triceps Pushdown (Cable)",,"",0,"normal",22.5,10,,,
"push leg","16 Nov 2025, 11:11","16 Nov 2025, 12:22","","Single Arm Triceps Pushdown (Cable)",,"",1,"normal",32.5,10,,,
"push leg","16 Nov 2025, 11:11","16 Nov 2025, 12:22","","Single Arm Triceps Pushdown (Cable)",,"",2,"normal",42.5,6,,,
"push leg","16 Nov 2025, 11:11","16 Nov 2025, 12:22","","Single Arm Triceps Pushdown (Cable)",,"",3,"normal",37.5,9,,,
"push leg","16 Nov 2025, 11:11","16 Nov 2025, 12:22","","Single Leg Extensions",,"",0,"normal",75,12,,,
"push leg","16 Nov 2025, 11:11","16 Nov 2025, 12:22","","Single Leg Extensions",,"",1,"normal",85,9,,,
"push leg","16 Nov 2025, 11:11","16 Nov 2025, 12:22","","Seated Chest Flys (Cable)",,"",0,"normal",35,12,,,
"pull","15 Nov 2025, 17:12","15 Nov 2025, 18:17","pull at bros condo gym","Lat Pulldown (Machine)",,"",0,"normal",135,10,,,
"pull","15 Nov 2025, 17:12","15 Nov 2025, 18:17","pull at bros condo gym","Lat Pulldown (Machine)",,"",1,"normal",150,10,,,
"pull","15 Nov 2025, 17:12","15 Nov 2025, 18:17","pull at bros condo gym","Pull Up",,"",0,"normal",,3,,,
"pull","15 Nov 2025, 17:12","15 Nov 2025, 18:17","pull at bros condo gym","Single Arm Behind the Back Curl (Cable)",,"",0,"normal",12.5,10,,,
"pull","15 Nov 2025, 17:12","15 Nov 2025, 18:17","pull at bros condo gym","Single Arm Behind the Back Curl (Cable)",,"",1,"normal",22.5,7,,,
"pull","15 Nov 2025, 17:12","15 Nov 2025, 18:17","pull at bros condo gym","Single Arm Behind the Back Curl (Cable)",,"",2,"normal",22.5,5,,,
"pull","15 Nov 2025, 17:12","15 Nov 2025, 18:17","pull at bros condo gym","Single Arm Behind the Back Curl (Cable)",,"",3,"normal",22.5,8,,,
"pull","15 Nov 2025, 17:12","15 Nov 2025, 18:17","pull at bros condo gym","Single Arm Preacher Curl (Dumbbell)",,"",0,"normal",12.5,12,,,
"pull","15 Nov 2025, 17:12","15 Nov 2025, 18:17","pull at bros condo gym","Single Arm Preacher Curl (Dumbbell)",,"",1,"normal",20,17,,,
"pull","15 Nov 2025, 17:12","15 Nov 2025, 18:17","pull at bros condo gym","Single Arm Preacher Curl (Dumbbell)",,"",2,"normal",25,9,,,
"pull","15 Nov 2025, 17:12","15 Nov 2025, 18:17","pull at bros condo gym","EZ Bar Biceps Curl",,"",0,"normal",60,13,,,
"pull","15 Nov 2025, 17:12","15 Nov 2025, 18:17","pull at bros condo gym","EZ Bar Biceps Curl",,"",1,"normal",60,15,,,
"pull","15 Nov 2025, 17:12","15 Nov 2025, 18:17","pull at bros condo gym","EZ Bar Biceps Curl",,"",2,"normal",60,15,,,
"pull","15 Nov 2025, 17:12","15 Nov 2025, 18:17","pull at bros condo gym","Iso-Lateral Row (Machine)",,"",0,"normal",105,15,,,
"pull","15 Nov 2025, 17:12","15 Nov 2025, 18:17","pull at bros condo gym","Iso-Lateral Row (Machine)",,"",1,"normal",135,15,,,
"pull","15 Nov 2025, 17:12","15 Nov 2025, 18:17","pull at bros condo gym","Iso-Lateral Row (Machine)",,"",2,"normal",150,9,,,
"pull","15 Nov 2025, 17:12","15 Nov 2025, 18:17","pull at bros condo gym","Lat Pulldown - Close Grip (Cable)",,"",0,"normal",92.5,10,,,
"pull","15 Nov 2025, 17:12","15 Nov 2025, 18:17","pull at bros condo gym","Lat Pulldown - Close Grip (Cable)",,"",1,"normal",97.5,10,,,
"pull","15 Nov 2025, 17:12","15 Nov 2025, 18:17","pull at bros condo gym","Face Pull",,"",0,"normal",77.5,8,,,
"pull","15 Nov 2025, 17:12","15 Nov 2025, 18:17","pull at bros condo gym","Face Pull",,"",1,"normal",62.5,10,,,
"pull","15 Nov 2025, 17:12","15 Nov 2025, 18:17","pull at bros condo gym","Hammer Curl (Cable)",,"",0,"normal",37.5,19,,,
"pull","15 Nov 2025, 17:12","15 Nov 2025, 18:17","pull at bros condo gym","Hammer Curl (Cable)",,"",1,"normal",47.5,15,,,
"PUSH","13 Nov 2025, 06:48","13 Nov 2025, 08:04","","Chest Dip",,"",0,"normal",,10,,,
"PUSH","13 Nov 2025, 06:48","13 Nov 2025, 08:04","","Chest Dip",,"",1,"normal",,8,,,
"PUSH","13 Nov 2025, 06:48","13 Nov 2025, 08:04","","Incline Bench Press (Smith Machine)",,"",0,"normal",135,12,,,
"PUSH","13 Nov 2025, 06:48","13 Nov 2025, 08:04","","Incline Bench Press (Smith Machine)",,"",1,"normal",155,6,,,
"PUSH","13 Nov 2025, 06:48","13 Nov 2025, 08:04","","Incline Bench Press (Smith Machine)",,"",2,"normal",155,6,,,
"PUSH","13 Nov 2025, 06:48","13 Nov 2025, 08:04","","Incline Bench Press (Smith Machine)",,"",3,"normal",145,7,,,
"PUSH","13 Nov 2025, 06:48","13 Nov 2025, 08:04","","Shoulder Press (Dumbbell)",,"",0,"normal",100,10,,,
"PUSH","13 Nov 2025, 06:48","13 Nov 2025, 08:04","","Shoulder Press (Dumbbell)",,"",1,"normal",100,10,,,
"PUSH","13 Nov 2025, 06:48","13 Nov 2025, 08:04","","Shoulder Press (Dumbbell)",,"",2,"normal",100,10,,,
"PUSH","13 Nov 2025, 06:48","13 Nov 2025, 08:04","","Chest Fly (Machine)",,"",0,"normal",140,12,,,
"PUSH","13 Nov 2025, 06:48","13 Nov 2025, 08:04","","Chest Fly (Machine)",,"",1,"normal",150,7,,,
"PUSH","13 Nov 2025, 06:48","13 Nov 2025, 08:04","","Chest Fly (Machine)",,"",2,"normal",150,9,,,
"PUSH","13 Nov 2025, 06:48","13 Nov 2025, 08:04","","Lateral Raise (Dumbbell)",,"",0,"normal",30,15,,,
"PUSH","13 Nov 2025, 06:48","13 Nov 2025, 08:04","","Lateral Raise (Dumbbell)",,"",1,"normal",40,15,,,
"PUSH","13 Nov 2025, 06:48","13 Nov 2025, 08:04","","Lateral Raise (Dumbbell)",,"",2,"normal",40,14,,,
"PUSH","13 Nov 2025, 06:48","13 Nov 2025, 08:04","","Triceps Pushdown",,"",0,"normal",140,12,,,
"PUSH","13 Nov 2025, 06:48","13 Nov 2025, 08:04","","Triceps Pushdown",,"",1,"normal",150,7,,,
"PUSH","13 Nov 2025, 06:48","13 Nov 2025, 08:04","","Triceps Pushdown",,"",2,"normal",140,11,,,
"PUSH","13 Nov 2025, 06:48","13 Nov 2025, 08:04","","Overhead Triceps Extension (Cable)",,"",0,"normal",70,8,,,
"PUSH","13 Nov 2025, 06:48","13 Nov 2025, 08:04","","Overhead Triceps Extension (Cable)",,"",1,"normal",70,11,,,
"PUSH","13 Nov 2025, 06:48","13 Nov 2025, 08:04","","Overhead Triceps Extension (Cable)",,"",2,"normal",70,11,,,
"LEG","12 Nov 2025, 17:05","12 Nov 2025, 18:29","","Squat (Smith Machine)",,"",0,"normal",135,10,,,
"LEG","12 Nov 2025, 17:05","12 Nov 2025, 18:29","","Squat (Smith Machine)",,"",1,"normal",155,10,,,
"LEG","12 Nov 2025, 17:05","12 Nov 2025, 18:29","","Squat (Smith Machine)",,"",2,"normal",165,9,,,
"LEG","12 Nov 2025, 17:05","12 Nov 2025, 18:29","","Squat (Smith Machine)",,"",3,"normal",165,8,,,
"LEG","12 Nov 2025, 17:05","12 Nov 2025, 18:29","","Romanian Deadlift (Barbell)",,"",0,"warmup",45,10,,,
"LEG","12 Nov 2025, 17:05","12 Nov 2025, 18:29","","Romanian Deadlift (Barbell)",,"",1,"normal",155,10,,,
"LEG","12 Nov 2025, 17:05","12 Nov 2025, 18:29","","Romanian Deadlift (Barbell)",,"",2,"normal",155,10,,,
"LEG","12 Nov 2025, 17:05","12 Nov 2025, 18:29","","Romanian Deadlift (Barbell)",,"",3,"normal",155,12,,,
"LEG","12 Nov 2025, 17:05","12 Nov 2025, 18:29","","Leg Extension (Machine)",,"",0,"normal",160,12,,,
"LEG","12 Nov 2025, 17:05","12 Nov 2025, 18:29","","Leg Extension (Machine)",,"",1,"normal",165,12,,,
"LEG","12 Nov 2025, 17:05","12 Nov 2025, 18:29","","Seated Leg Curl (Machine)",,"",0,"normal",180,12,,,
"LEG","12 Nov 2025, 17:05","12 Nov 2025, 18:29","","Seated Leg Curl (Machine)",,"",1,"normal",190,10,,,
"LEG","12 Nov 2025, 17:05","12 Nov 2025, 18:29","","Calf Press (Machine)",,"",0,"normal",400,15,,,
"LEG","12 Nov 2025, 17:05","12 Nov 2025, 18:29","","Calf Press (Machine)",,"",1,"normal",410,15,,,
"LEG","12 Nov 2025, 17:05","12 Nov 2025, 18:29","","Russian Twist (Weighted)",0,"",0,"normal",35,20,,,
"LEG","12 Nov 2025, 17:05","12 Nov 2025, 18:29","","Russian Twist (Weighted)",0,"",1,"normal",35,20,,,
"LEG","12 Nov 2025, 17:05","12 Nov 2025, 18:29","","Russian Twist (Weighted)",0,"",2,"normal",35,20,,,
"LEG","12 Nov 2025, 17:05","12 Nov 2025, 18:29","","Heel Taps",0,"",0,"normal",,20,,,
"LEG","12 Nov 2025, 17:05","12 Nov 2025, 18:29","","Heel Taps",0,"",1,"normal",,20,,,
"LEG","12 Nov 2025, 17:05","12 Nov 2025, 18:29","","Heel Taps",0,"",2,"normal",,20,,,
"LEG","12 Nov 2025, 17:05","12 Nov 2025, 18:29","","Bicep Curl (Cable)",,"",0,"normal",120,12,,,
"LEG","12 Nov 2025, 17:05","12 Nov 2025, 18:29","","Bicep Curl (Cable)",,"",1,"normal",120,12,,,
"PULL","11 Nov 2025, 17:52","11 Nov 2025, 19:08","","Bent Over Row (Barbell)",,"",0,"warmup",45,10,,,
"PULL","11 Nov 2025, 17:52","11 Nov 2025, 19:08","","Bent Over Row (Barbell)",,"",1,"normal",135,10,,,
"PULL","11 Nov 2025, 17:52","11 Nov 2025, 19:08","","Bent Over Row (Barbell)",,"",2,"normal",155,8,,,
"PULL","11 Nov 2025, 17:52","11 Nov 2025, 19:08","","Bent Over Row (Barbell)",,"",3,"normal",155,8,,,
"PULL","11 Nov 2025, 17:52","11 Nov 2025, 19:08","","Shrug (Barbell)",,"",0,"normal",225,15,,,
"PULL","11 Nov 2025, 17:52","11 Nov 2025, 19:08","","Shrug (Barbell)",,"",1,"normal",225,15,,,
"PULL","11 Nov 2025, 17:52","11 Nov 2025, 19:08","","Shrug (Barbell)",,"",2,"normal",225,15,,,
"PULL","11 Nov 2025, 17:52","11 Nov 2025, 19:08","","Pull Up (Assisted)",,"",0,"normal",40,9,,,
"PULL","11 Nov 2025, 17:52","11 Nov 2025, 19:08","","Pull Up (Assisted)",,"",1,"normal",40,8,,,
"PULL","11 Nov 2025, 17:52","11 Nov 2025, 19:08","","Face Pull",,"",0,"normal",120,15,,,
"PULL","11 Nov 2025, 17:52","11 Nov 2025, 19:08","","Face Pull",,"",1,"normal",140,12,,,
"PULL","11 Nov 2025, 17:52","11 Nov 2025, 19:08","","Face Pull",,"",2,"normal",140,10,,,
"PULL","11 Nov 2025, 17:52","11 Nov 2025, 19:08","","Lat Pulldown - Close Grip (Cable)",,"",0,"normal",140,8,,,
"PULL","11 Nov 2025, 17:52","11 Nov 2025, 19:08","","Lat Pulldown - Close Grip (Cable)",,"",1,"normal",140,7,,,
"PULL","11 Nov 2025, 17:52","11 Nov 2025, 19:08","","Lat Pulldown - Close Grip (Cable)",,"",2,"normal",140,6,,,
"PULL","11 Nov 2025, 17:52","11 Nov 2025, 19:08","","Seated Cable Row - Bar Grip",,"",0,"normal",150,10,,,
"PULL","11 Nov 2025, 17:52","11 Nov 2025, 19:08","","Seated Cable Row - Bar Grip",,"",1,"normal",150,10,,,
"PULL","11 Nov 2025, 17:52","11 Nov 2025, 19:08","","Seated Cable Row - Bar Grip",,"",2,"normal",140,9,,,
"PULL","11 Nov 2025, 17:52","11 Nov 2025, 19:08","","Seated Incline Curl (Dumbbell)",,"",0,"normal",40,15,,,
"PULL","11 Nov 2025, 17:52","11 Nov 2025, 19:08","","Seated Incline Curl (Dumbbell)",,"",1,"normal",50,10,,,
"PULL","11 Nov 2025, 17:52","11 Nov 2025, 19:08","","Seated Incline Curl (Dumbbell)",,"",2,"normal",50,9,,,
"PULL","11 Nov 2025, 17:52","11 Nov 2025, 19:08","","Hammer Curl (Cable)",,"",0,"normal",120,11,,,
"PULL","11 Nov 2025, 17:52","11 Nov 2025, 19:08","","Hammer Curl (Cable)",,"",1,"normal",120,12,,,
"PULL","11 Nov 2025, 17:52","11 Nov 2025, 19:08","","Hammer Curl (Cable)",,"",2,"normal",130,10,,,
"PUSH","9 Nov 2025, 16:16","9 Nov 2025, 17:52","big ahh camel","Chest Dip",,"",0,"normal",,8,,,
"PUSH","9 Nov 2025, 16:16","9 Nov 2025, 17:52","big ahh camel","Bench Press (Barbell)",,"",0,"normal",135,10,,,
"PUSH","9 Nov 2025, 16:16","9 Nov 2025, 17:52","big ahh camel","Bench Press (Barbell)",,"",1,"normal",155,8,,,
"PUSH","9 Nov 2025, 16:16","9 Nov 2025, 17:52","big ahh camel","Bench Press (Barbell)",,"",2,"normal",175,6,,,
"PUSH","9 Nov 2025, 16:16","9 Nov 2025, 17:52","big ahh camel","Incline Bench Press (Dumbbell)",,"",0,"normal",110,10,,,
"PUSH","9 Nov 2025, 16:16","9 Nov 2025, 17:52","big ahh camel","Incline Bench Press (Dumbbell)",,"",1,"normal",120,7,,,
"PUSH","9 Nov 2025, 16:16","9 Nov 2025, 17:52","big ahh camel","Shoulder Press (Dumbbell)",,"",0,"normal",100,12,,,
"PUSH","9 Nov 2025, 16:16","9 Nov 2025, 17:52","big ahh camel","Shoulder Press (Dumbbell)",,"",1,"normal",100,10,,,
"PUSH","9 Nov 2025, 16:16","9 Nov 2025, 17:52","big ahh camel","Chest Fly (Machine)",,"",0,"normal",110,12,,,
"PUSH","9 Nov 2025, 16:16","9 Nov 2025, 17:52","big ahh camel","Chest Fly (Machine)",,"",1,"normal",130,12,,,
"PUSH","9 Nov 2025, 16:16","9 Nov 2025, 17:52","big ahh camel","Chest Fly (Machine)",,"",2,"normal",140,12,,,
"PUSH","9 Nov 2025, 16:16","9 Nov 2025, 17:52","big ahh camel","Single Arm Lateral Raise (Cable)",,"",0,"normal",20,15,,,
"PUSH","9 Nov 2025, 16:16","9 Nov 2025, 17:52","big ahh camel","Single Arm Lateral Raise (Cable)",,"",1,"normal",30,15,,,
"PUSH","9 Nov 2025, 16:16","9 Nov 2025, 17:52","big ahh camel","Lateral Raise (Dumbbell)",,"",0,"normal",40,12,,,
"PUSH","9 Nov 2025, 16:16","9 Nov 2025, 17:52","big ahh camel","Lateral Raise (Dumbbell)",,"",1,"normal",40,12,,,
"PUSH","9 Nov 2025, 16:16","9 Nov 2025, 17:52","big ahh camel","Triceps Pushdown",,"",0,"normal",130,12,,,
"PUSH","9 Nov 2025, 16:16","9 Nov 2025, 17:52","big ahh camel","Triceps Pushdown",,"",1,"normal",140,11,,,
"PUSH","9 Nov 2025, 16:16","9 Nov 2025, 17:52","big ahh camel","Triceps Pushdown",,"",2,"normal",140,11,,,
"PUSH","9 Nov 2025, 16:16","9 Nov 2025, 17:52","big ahh camel","Overhead Triceps Extension (Cable)",,"",0,"normal",60,12,,,
"PUSH","9 Nov 2025, 16:16","9 Nov 2025, 17:52","big ahh camel","Overhead Triceps Extension (Cable)",,"",1,"normal",70,10,,,
"PUSH","9 Nov 2025, 16:16","9 Nov 2025, 17:52","big ahh camel","Overhead Triceps Extension (Cable)",,"",2,"normal",70,11,,,
"PUSH","9 Nov 2025, 16:16","9 Nov 2025, 17:52","big ahh camel","Cable Crunch",0,"",0,"normal",180,15,,,
"PUSH","9 Nov 2025, 16:16","9 Nov 2025, 17:52","big ahh camel","Cable Crunch",0,"",1,"normal",180,15,,,
"PUSH","9 Nov 2025, 16:16","9 Nov 2025, 17:52","big ahh camel","Cable Crunch",0,"",2,"normal",180,15,,,
"PUSH","9 Nov 2025, 16:16","9 Nov 2025, 17:52","big ahh camel","Hanging Knee Raise",0,"",0,"normal",,12,,,
"PUSH","9 Nov 2025, 16:16","9 Nov 2025, 17:52","big ahh camel","Hanging Knee Raise",0,"",1,"normal",,12,,,
"PUSH","9 Nov 2025, 16:16","9 Nov 2025, 17:52","big ahh camel","Hanging Knee Raise",0,"",2,"normal",,12,,,
"LEG","8 Nov 2025, 12:56","8 Nov 2025, 14:01","new PRs while coughing 😮‍💨","Squat (Smith Machine)",,"",0,"normal",115,10,,,
"LEG","8 Nov 2025, 12:56","8 Nov 2025, 14:01","new PRs while coughing 😮‍💨","Squat (Smith Machine)",,"",1,"normal",135,10,,,
"LEG","8 Nov 2025, 12:56","8 Nov 2025, 14:01","new PRs while coughing 😮‍💨","Squat (Smith Machine)",,"",2,"normal",155,8,,,
"LEG","8 Nov 2025, 12:56","8 Nov 2025, 14:01","new PRs while coughing 😮‍💨","Romanian Deadlift (Barbell)",,"",0,"warmup",45,8,,,
"LEG","8 Nov 2025, 12:56","8 Nov 2025, 14:01","new PRs while coughing 😮‍💨","Romanian Deadlift (Barbell)",,"",1,"normal",155,10,,,
"LEG","8 Nov 2025, 12:56","8 Nov 2025, 14:01","new PRs while coughing 😮‍💨","Romanian Deadlift (Barbell)",,"",2,"normal",175,8,,,
"LEG","8 Nov 2025, 12:56","8 Nov 2025, 14:01","new PRs while coughing 😮‍💨","Romanian Deadlift (Barbell)",,"",3,"normal",155,10,,,
"LEG","8 Nov 2025, 12:56","8 Nov 2025, 14:01","new PRs while coughing 😮‍💨","Leg Extension (Machine)",,"",0,"normal",155,15,,,
"LEG","8 Nov 2025, 12:56","8 Nov 2025, 14:01","new PRs while coughing 😮‍💨","Leg Extension (Machine)",,"",1,"normal",160,12,,,
"LEG","8 Nov 2025, 12:56","8 Nov 2025, 14:01","new PRs while coughing 😮‍💨","Seated Leg Curl (Machine)",,"",0,"normal",175,12,,,
"LEG","8 Nov 2025, 12:56","8 Nov 2025, 14:01","new PRs while coughing 😮‍💨","Seated Leg Curl (Machine)",,"",1,"normal",180,10,,,
"LEG","8 Nov 2025, 12:56","8 Nov 2025, 14:01","new PRs while coughing 😮‍💨","Calf Press (Machine)",,"",0,"normal",390,15,,,
"LEG","8 Nov 2025, 12:56","8 Nov 2025, 14:01","new PRs while coughing 😮‍💨","Calf Press (Machine)",,"",1,"normal",400,15,,,
"LEG","8 Nov 2025, 12:56","8 Nov 2025, 14:01","new PRs while coughing 😮‍💨","Russian Twist (Weighted)",0,"",0,"normal",35,20,,,
"LEG","8 Nov 2025, 12:56","8 Nov 2025, 14:01","new PRs while coughing 😮‍💨","Russian Twist (Weighted)",0,"",1,"normal",35,20,,,
"LEG","8 Nov 2025, 12:56","8 Nov 2025, 14:01","new PRs while coughing 😮‍💨","Russian Twist (Weighted)",0,"",2,"normal",35,20,,,
"LEG","8 Nov 2025, 12:56","8 Nov 2025, 14:01","new PRs while coughing 😮‍💨","Heel Taps",0,"",0,"normal",,20,,,
"LEG","8 Nov 2025, 12:56","8 Nov 2025, 14:01","new PRs while coughing 😮‍💨","Heel Taps",0,"",1,"normal",,20,,,
"LEG","8 Nov 2025, 12:56","8 Nov 2025, 14:01","new PRs while coughing 😮‍💨","Heel Taps",0,"",2,"normal",,20,,,
"light pull","7 Nov 2025, 18:28","7 Nov 2025, 19:09","sickness recovery pull day","Pull Up",,"",0,"normal",,3,,,
"light pull","7 Nov 2025, 18:28","7 Nov 2025, 19:09","sickness recovery pull day","Bent Over Row (Barbell)",,"",0,"normal",135,10,,,
"light pull","7 Nov 2025, 18:28","7 Nov 2025, 19:09","sickness recovery pull day","Bent Over Row (Barbell)",,"",1,"normal",135,10,,,
"light pull","7 Nov 2025, 18:28","7 Nov 2025, 19:09","sickness recovery pull day","Shrug (Barbell)",,"",0,"normal",185,15,,,
"light pull","7 Nov 2025, 18:28","7 Nov 2025, 19:09","sickness recovery pull day","Shrug (Barbell)",,"",1,"normal",185,15,,,
"light pull","7 Nov 2025, 18:28","7 Nov 2025, 19:09","sickness recovery pull day","Lat Pulldown - Close Grip (Cable)",,"",0,"normal",120,10,,,
"light pull","7 Nov 2025, 18:28","7 Nov 2025, 19:09","sickness recovery pull day","Lat Pulldown - Close Grip (Cable)",,"",1,"normal",120,10,,,
"light pull","7 Nov 2025, 18:28","7 Nov 2025, 19:09","sickness recovery pull day","Seated Incline Curl (Dumbbell)",,"",0,"normal",40,15,,,
"light pull","7 Nov 2025, 18:28","7 Nov 2025, 19:09","sickness recovery pull day","Seated Incline Curl (Dumbbell)",,"",1,"normal",40,12,,,
"light pull","7 Nov 2025, 18:28","7 Nov 2025, 19:09","sickness recovery pull day","Reverse Curl (Dumbbell)",,"",0,"normal",30,15,,,
"light pull","7 Nov 2025, 18:28","7 Nov 2025, 19:09","sickness recovery pull day","Hammer Curl (Cable)",,"",0,"normal",100,15,,,
"light pull","7 Nov 2025, 18:28","7 Nov 2025, 19:09","sickness recovery pull day","Hammer Curl (Cable)",,"",1,"normal",100,15,,,
"light pull","7 Nov 2025, 18:28","7 Nov 2025, 19:09","sickness recovery pull day","Face Pull",,"",0,"normal",110,15,,,
"light pull","7 Nov 2025, 18:28","7 Nov 2025, 19:09","sickness recovery pull day","Face Pull",,"",1,"normal",110,15,,,
"PUSH","3 Nov 2025, 16:45","3 Nov 2025, 17:54","","Chest Dip",,"",0,"normal",,8,,,
"PUSH","3 Nov 2025, 16:45","3 Nov 2025, 17:54","","Chest Dip",,"",1,"normal",,8,,,
"PUSH","3 Nov 2025, 16:45","3 Nov 2025, 17:54","","Incline Bench Press (Smith Machine)",,"",0,"warmup",115,8,,,
"PUSH","3 Nov 2025, 16:45","3 Nov 2025, 17:54","","Incline Bench Press (Smith Machine)",,"",1,"normal",165,2,,,
"PUSH","3 Nov 2025, 16:45","3 Nov 2025, 17:54","","Incline Bench Press (Smith Machine)",,"",2,"normal",165,6,,,
"PUSH","3 Nov 2025, 16:45","3 Nov 2025, 17:54","","Incline Bench Press (Smith Machine)",,"",3,"normal",165,5,,,
"PUSH","3 Nov 2025, 16:45","3 Nov 2025, 17:54","","Incline Bench Press (Smith Machine)",,"",4,"normal",155,7,,,
"PUSH","3 Nov 2025, 16:45","3 Nov 2025, 17:54","","Chest Fly (Machine)",,"",0,"normal",120,10,,,
"PUSH","3 Nov 2025, 16:45","3 Nov 2025, 17:54","","Chest Fly (Machine)",,"",1,"normal",130,10,,,
"PUSH","3 Nov 2025, 16:45","3 Nov 2025, 17:54","","Chest Fly (Machine)",,"",2,"normal",130,10,,,
"PUSH","3 Nov 2025, 16:45","3 Nov 2025, 17:54","","Shoulder Press (Dumbbell)",,"",0,"normal",100,9,,,
"PUSH","3 Nov 2025, 16:45","3 Nov 2025, 17:54","","Shoulder Press (Dumbbell)",,"",1,"normal",100,9,,,
"PUSH","3 Nov 2025, 16:45","3 Nov 2025, 17:54","","Shoulder Press (Dumbbell)",,"",2,"normal",100,10,,,
"PUSH","3 Nov 2025, 16:45","3 Nov 2025, 17:54","","Seated Lateral Raise (Dumbbell)",,"",0,"normal",30,15,,,
"PUSH","3 Nov 2025, 16:45","3 Nov 2025, 17:54","","Seated Lateral Raise (Dumbbell)",,"",1,"normal",30,15,,,
"PUSH","3 Nov 2025, 16:45","3 Nov 2025, 17:54","","Single Arm Lateral Raise (Cable)",,"",0,"normal",20,12,,,
"PUSH","3 Nov 2025, 16:45","3 Nov 2025, 17:54","","Single Arm Lateral Raise (Cable)",,"",1,"normal",20,14,,,
"PUSH","3 Nov 2025, 16:45","3 Nov 2025, 17:54","","Triceps Pushdown",,"",0,"normal",120,15,,,
"PUSH","3 Nov 2025, 16:45","3 Nov 2025, 17:54","","Triceps Pushdown",,"",1,"normal",130,11,,,
"PUSH","3 Nov 2025, 16:45","3 Nov 2025, 17:54","","Triceps Pushdown",,"",2,"normal",130,11,,,
"PUSH","3 Nov 2025, 16:45","3 Nov 2025, 17:54","","Overhead Triceps Extension (Cable)",,"",0,"normal",60,11,,,
"PUSH","3 Nov 2025, 16:45","3 Nov 2025, 17:54","","Overhead Triceps Extension (Cable)",,"",1,"normal",60,11,,,
"PUSH","3 Nov 2025, 16:45","3 Nov 2025, 17:54","","Overhead Triceps Extension (Cable)",,"",2,"normal",60,12,,,
"LEG 😵","2 Nov 2025, 12:06","2 Nov 2025, 13:28","first time RDLs i have back pain now","Squat (Barbell)",,"",0,"warmup",45,8,,,
"LEG 😵","2 Nov 2025, 12:06","2 Nov 2025, 13:28","first time RDLs i have back pain now","Squat (Barbell)",,"",1,"normal",95,8,,,
"LEG 😵","2 Nov 2025, 12:06","2 Nov 2025, 13:28","first time RDLs i have back pain now","Squat (Barbell)",,"",2,"normal",135,10,,,
"LEG 😵","2 Nov 2025, 12:06","2 Nov 2025, 13:28","first time RDLs i have back pain now","Squat (Barbell)",,"",3,"normal",155,6,,,
"LEG 😵","2 Nov 2025, 12:06","2 Nov 2025, 13:28","first time RDLs i have back pain now","Squat (Barbell)",,"",4,"normal",155,6,,,
"LEG 😵","2 Nov 2025, 12:06","2 Nov 2025, 13:28","first time RDLs i have back pain now","Romanian Deadlift (Barbell)",,"",0,"warmup",45,8,,,
"LEG 😵","2 Nov 2025, 12:06","2 Nov 2025, 13:28","first time RDLs i have back pain now","Romanian Deadlift (Barbell)",,"",1,"normal",135,10,,,
"LEG 😵","2 Nov 2025, 12:06","2 Nov 2025, 13:28","first time RDLs i have back pain now","Romanian Deadlift (Barbell)",,"",2,"normal",155,10,,,
"LEG 😵","2 Nov 2025, 12:06","2 Nov 2025, 13:28","first time RDLs i have back pain now","Romanian Deadlift (Barbell)",,"",3,"normal",165,8,,,
"LEG 😵","2 Nov 2025, 12:06","2 Nov 2025, 13:28","first time RDLs i have back pain now","Leg Extension (Machine)",,"",0,"normal",145,12,,,
"LEG 😵","2 Nov 2025, 12:06","2 Nov 2025, 13:28","first time RDLs i have back pain now","Leg Extension (Machine)",,"",1,"normal",150,15,,,
"LEG 😵","2 Nov 2025, 12:06","2 Nov 2025, 13:28","first time RDLs i have back pain now","Leg Extension (Machine)",,"",2,"normal",155,12,,,
"LEG 😵","2 Nov 2025, 12:06","2 Nov 2025, 13:28","first time RDLs i have back pain now","Seated Leg Curl (Machine)",,"",0,"normal",170,12,,,
"LEG 😵","2 Nov 2025, 12:06","2 Nov 2025, 13:28","first time RDLs i have back pain now","Seated Leg Curl (Machine)",,"",1,"normal",175,11,,,
"LEG 😵","2 Nov 2025, 12:06","2 Nov 2025, 13:28","first time RDLs i have back pain now","Seated Leg Curl (Machine)",,"",2,"normal",180,10,,,
"LEG 😵","2 Nov 2025, 12:06","2 Nov 2025, 13:28","first time RDLs i have back pain now","Calf Press (Machine)",,"",0,"normal",380,12,,,
"LEG 😵","2 Nov 2025, 12:06","2 Nov 2025, 13:28","first time RDLs i have back pain now","Calf Press (Machine)",,"",1,"normal",390,15,,,
"LEG 😵","2 Nov 2025, 12:06","2 Nov 2025, 13:28","first time RDLs i have back pain now","Calf Press (Machine)",,"",2,"normal",400,15,,,
"LEG 😵","2 Nov 2025, 12:06","2 Nov 2025, 13:28","first time RDLs i have back pain now","Cable Crunch",,"",0,"normal",180,15,,,
"LEG 😵","2 Nov 2025, 12:06","2 Nov 2025, 13:28","first time RDLs i have back pain now","Cable Crunch",,"",1,"normal",180,15,,,
"LEG 😵","2 Nov 2025, 12:06","2 Nov 2025, 13:28","first time RDLs i have back pain now","Cable Crunch",,"",2,"normal",190,12,,,
"LEG 😵","2 Nov 2025, 12:06","2 Nov 2025, 13:28","first time RDLs i have back pain now","Leg Raise Parallel Bars",,"",0,"normal",,15,,,
"LEG 😵","2 Nov 2025, 12:06","2 Nov 2025, 13:28","first time RDLs i have back pain now","Leg Raise Parallel Bars",,"",1,"normal",,15,,,
"LEG 😵","2 Nov 2025, 12:06","2 Nov 2025, 13:28","first time RDLs i have back pain now","Leg Raise Parallel Bars",,"",2,"normal",,15,,,
"PULL","1 Nov 2025, 16:31","1 Nov 2025, 18:07","repping 2 plates on 🤷‍♂️","Pull Up (Assisted)",,"",0,"normal",,3,,,
"PULL","1 Nov 2025, 16:31","1 Nov 2025, 18:07","repping 2 plates on 🤷‍♂️","Pull Up (Assisted)",,"",1,"normal",30,6,,,
"PULL","1 Nov 2025, 16:31","1 Nov 2025, 18:07","repping 2 plates on 🤷‍♂️","Lat Pulldown - Close Grip (Cable)",,"",0,"normal",150,8,,,
"PULL","1 Nov 2025, 16:31","1 Nov 2025, 18:07","repping 2 plates on 🤷‍♂️","Lat Pulldown - Close Grip (Cable)",,"",1,"normal",150,10,,,
"PULL","1 Nov 2025, 16:31","1 Nov 2025, 18:07","repping 2 plates on 🤷‍♂️","Lat Pulldown - Close Grip (Cable)",,"",2,"normal",150,8,,,
"PULL","1 Nov 2025, 16:31","1 Nov 2025, 18:07","repping 2 plates on 🤷‍♂️","Bent Over Row (Barbell)",,"",0,"normal",135,9,,,
"PULL","1 Nov 2025, 16:31","1 Nov 2025, 18:07","repping 2 plates on 🤷‍♂️","Bent Over Row (Barbell)",,"",1,"normal",155,8,,,
"PULL","1 Nov 2025, 16:31","1 Nov 2025, 18:07","repping 2 plates on 🤷‍♂️","Bent Over Row (Barbell)",,"",2,"normal",155,7,,,
"PULL","1 Nov 2025, 16:31","1 Nov 2025, 18:07","repping 2 plates on 🤷‍♂️","Shrug (Barbell)",,"",0,"normal",185,12,,,
"PULL","1 Nov 2025, 16:31","1 Nov 2025, 18:07","repping 2 plates on 🤷‍♂️","Shrug (Barbell)",,"",1,"normal",205,12,,,
"PULL","1 Nov 2025, 16:31","1 Nov 2025, 18:07","repping 2 plates on 🤷‍♂️","Shrug (Barbell)",,"",2,"normal",225,15,,,
"PULL","1 Nov 2025, 16:31","1 Nov 2025, 18:07","repping 2 plates on 🤷‍♂️","Seated Cable Row - Bar Grip",,"",0,"normal",150,14,,,
"PULL","1 Nov 2025, 16:31","1 Nov 2025, 18:07","repping 2 plates on 🤷‍♂️","Seated Cable Row - Bar Grip",,"",1,"normal",170,9,,,
"PULL","1 Nov 2025, 16:31","1 Nov 2025, 18:07","repping 2 plates on 🤷‍♂️","Seated Cable Row - Bar Grip",,"",2,"normal",170,9,,,
"PULL","1 Nov 2025, 16:31","1 Nov 2025, 18:07","repping 2 plates on 🤷‍♂️","Face Pull",,"",0,"normal",130,15,,,
"PULL","1 Nov 2025, 16:31","1 Nov 2025, 18:07","repping 2 plates on 🤷‍♂️","Face Pull",,"",1,"normal",140,15,,,
"PULL","1 Nov 2025, 16:31","1 Nov 2025, 18:07","repping 2 plates on 🤷‍♂️","EZ Bar Biceps Curl",,"",0,"normal",50,10,,,
"PULL","1 Nov 2025, 16:31","1 Nov 2025, 18:07","repping 2 plates on 🤷‍♂️","Seated Incline Curl (Dumbbell)",,"",0,"normal",40,15,,,
"PULL","1 Nov 2025, 16:31","1 Nov 2025, 18:07","repping 2 plates on 🤷‍♂️","Seated Incline Curl (Dumbbell)",,"",1,"normal",50,12,,,
"PULL","1 Nov 2025, 16:31","1 Nov 2025, 18:07","repping 2 plates on 🤷‍♂️","Seated Incline Curl (Dumbbell)",,"",2,"normal",60,6,,,
"PULL","1 Nov 2025, 16:31","1 Nov 2025, 18:07","repping 2 plates on 🤷‍♂️","Hammer Curl (Cable)",,"",0,"normal",130,11,,,
"PULL","1 Nov 2025, 16:31","1 Nov 2025, 18:07","repping 2 plates on 🤷‍♂️","Hammer Curl (Cable)",,"",1,"normal",120,12,,,
"PULL","1 Nov 2025, 16:31","1 Nov 2025, 18:07","repping 2 plates on 🤷‍♂️","Hammer Curl (Cable)",,"",2,"normal",120,12,,,
"PULL","1 Nov 2025, 16:31","1 Nov 2025, 18:07","repping 2 plates on 🤷‍♂️","Russian Twist (Weighted)",0,"",0,"normal",35,20,,,
"PULL","1 Nov 2025, 16:31","1 Nov 2025, 18:07","repping 2 plates on 🤷‍♂️","Russian Twist (Weighted)",0,"",1,"normal",35,20,,,
"PULL","1 Nov 2025, 16:31","1 Nov 2025, 18:07","repping 2 plates on 🤷‍♂️","Russian Twist (Weighted)",0,"",2,"normal",35,20,,,
"PULL","1 Nov 2025, 16:31","1 Nov 2025, 18:07","repping 2 plates on 🤷‍♂️","Heel Taps",0,"",0,"normal",,20,,,
"PULL","1 Nov 2025, 16:31","1 Nov 2025, 18:07","repping 2 plates on 🤷‍♂️","Heel Taps",0,"",1,"normal",,20,,,
"PULL","1 Nov 2025, 16:31","1 Nov 2025, 18:07","repping 2 plates on 🤷‍♂️","Heel Taps",0,"",2,"normal",,20,,,
"PUSH","31 Oct 2025, 18:55","31 Oct 2025, 20:50","","Incline Bench Press (Smith Machine)",,"",0,"warmup",115,10,,,
"PUSH","31 Oct 2025, 18:55","31 Oct 2025, 20:50","","Incline Bench Press (Smith Machine)",,"",1,"normal",165,5,,,
"PUSH","31 Oct 2025, 18:55","31 Oct 2025, 20:50","","Incline Bench Press (Smith Machine)",,"",2,"normal",155,9,,,
"PUSH","31 Oct 2025, 18:55","31 Oct 2025, 20:50","","Incline Bench Press (Smith Machine)",,"",3,"normal",165,8,,,
"PUSH","31 Oct 2025, 18:55","31 Oct 2025, 20:50","","Chest Dip (Assisted)",,"",0,"normal",,5,,,
"PUSH","31 Oct 2025, 18:55","31 Oct 2025, 20:50","","Chest Dip (Assisted)",,"",1,"normal",30,9,,,
"PUSH","31 Oct 2025, 18:55","31 Oct 2025, 20:50","","Shoulder Press (Dumbbell)",,"",0,"normal",100,10,,,
"PUSH","31 Oct 2025, 18:55","31 Oct 2025, 20:50","","Shoulder Press (Dumbbell)",,"",1,"normal",100,9,,,
"PUSH","31 Oct 2025, 18:55","31 Oct 2025, 20:50","","Shoulder Press (Dumbbell)",,"",2,"normal",100,11,,,
"PUSH","31 Oct 2025, 18:55","31 Oct 2025, 20:50","","Chest Fly (Machine)",,"",0,"normal",130,12,,,
"PUSH","31 Oct 2025, 18:55","31 Oct 2025, 20:50","","Chest Fly (Machine)",,"",1,"normal",140,11,,,
"PUSH","31 Oct 2025, 18:55","31 Oct 2025, 20:50","","Chest Fly (Machine)",,"",2,"normal",140,12,,,
"PUSH","31 Oct 2025, 18:55","31 Oct 2025, 20:50","","Single Arm Lateral Raise (Cable)",,"",0,"normal",20,20,,,
"PUSH","31 Oct 2025, 18:55","31 Oct 2025, 20:50","","Single Arm Lateral Raise (Cable)",,"",1,"normal",30,15,,,
"PUSH","31 Oct 2025, 18:55","31 Oct 2025, 20:50","","Lateral Raise (Dumbbell)",,"",0,"normal",40,12,,,
"PUSH","31 Oct 2025, 18:55","31 Oct 2025, 20:50","","Lateral Raise (Dumbbell)",,"",1,"normal",40,12,,,
"PUSH","31 Oct 2025, 18:55","31 Oct 2025, 20:50","","Triceps Pushdown",,"",0,"normal",120,15,,,
"PUSH","31 Oct 2025, 18:55","31 Oct 2025, 20:50","","Triceps Pushdown",,"",1,"normal",130,12,,,
"PUSH","31 Oct 2025, 18:55","31 Oct 2025, 20:50","","Triceps Pushdown",,"",2,"normal",140,10,,,
"PUSH","31 Oct 2025, 18:55","31 Oct 2025, 20:50","","Overhead Triceps Extension (Cable)",,"",0,"normal",60,12,,,
"PUSH","31 Oct 2025, 18:55","31 Oct 2025, 20:50","","Overhead Triceps Extension (Cable)",,"",1,"normal",70,12,,,
"PUSH","31 Oct 2025, 18:55","31 Oct 2025, 20:50","","Overhead Triceps Extension (Cable)",,"",2,"normal",70,12,,,
"PUSH","31 Oct 2025, 18:55","31 Oct 2025, 20:50","","Cable Crunch",,"",0,"normal",170,15,,,
"PUSH","31 Oct 2025, 18:55","31 Oct 2025, 20:50","","Cable Crunch",,"",1,"normal",180,15,,,
"PUSH","31 Oct 2025, 18:55","31 Oct 2025, 20:50","","Cable Crunch",,"",2,"normal",180,15,,,
"PUSH","31 Oct 2025, 18:55","31 Oct 2025, 20:50","","Leg Raise Parallel Bars",,"",0,"normal",,15,,,
"PUSH","31 Oct 2025, 18:55","31 Oct 2025, 20:50","","Leg Raise Parallel Bars",,"",1,"normal",,15,,,
"PUSH","31 Oct 2025, 18:55","31 Oct 2025, 20:50","","Leg Raise Parallel Bars",,"",2,"normal",,15,,,
"light leggy","29 Oct 2025, 18:45","29 Oct 2025, 19:37","","Squat (Smith Machine)",,"",0,"warmup",25,8,,,
"light leggy","29 Oct 2025, 18:45","29 Oct 2025, 19:37","","Squat (Smith Machine)",,"",1,"normal",115,10,,,
"light leggy","29 Oct 2025, 18:45","29 Oct 2025, 19:37","","Squat (Smith Machine)",,"",2,"normal",135,8,,,
"light leggy","29 Oct 2025, 18:45","29 Oct 2025, 19:37","","Squat (Smith Machine)",,"",3,"normal",135,10,,,
"light leggy","29 Oct 2025, 18:45","29 Oct 2025, 19:37","","Squat (Smith Machine)",,"",4,"normal",155,8,,,
"light leggy","29 Oct 2025, 18:45","29 Oct 2025, 19:37","","Calf Press (Machine)",,"",0,"normal",380,15,,,
"light leggy","29 Oct 2025, 18:45","29 Oct 2025, 19:37","","Calf Press (Machine)",,"",1,"normal",380,15,,,
"light leggy","29 Oct 2025, 18:45","29 Oct 2025, 19:37","","Calf Press (Machine)",,"",2,"normal",390,15,,,
"light leggy","29 Oct 2025, 18:45","29 Oct 2025, 19:37","","Leg Extension (Machine)",,"",0,"normal",120,12,,,
"light leggy","29 Oct 2025, 18:45","29 Oct 2025, 19:37","","Leg Extension (Machine)",,"",1,"normal",130,15,,,
"light leggy","29 Oct 2025, 18:45","29 Oct 2025, 19:37","","Pull Up",,"",0,"normal",,2,,,
"light leggy","29 Oct 2025, 18:45","29 Oct 2025, 19:37","","Pull Up",,"",1,"normal",,3,,,
"light leggy","29 Oct 2025, 18:45","29 Oct 2025, 19:37","","Russian Twist (Weighted)",,"",0,"normal",35,20,,,
"light leggy","29 Oct 2025, 18:45","29 Oct 2025, 19:37","","Russian Twist (Weighted)",,"",1,"normal",35,20,,,
"light leggy","29 Oct 2025, 18:45","29 Oct 2025, 19:37","","Russian Twist (Weighted)",,"",2,"normal",35,20,,,
"light leggy","29 Oct 2025, 18:45","29 Oct 2025, 19:37","","Seated Leg Curl (Machine)",,"",0,"normal",160,15,,,
"light leggy","29 Oct 2025, 18:45","29 Oct 2025, 19:37","","Seated Leg Curl (Machine)",,"",1,"normal",170,15,,,
"PULL","28 Oct 2025, 18:34","28 Oct 2025, 19:46","","Dead Hang",,"",0,"normal",,,,41,
"PULL","28 Oct 2025, 18:34","28 Oct 2025, 19:46","","Lat Pulldown - Close Grip (Cable)",,"",0,"warmup",100,8,,,
"PULL","28 Oct 2025, 18:34","28 Oct 2025, 19:46","","Lat Pulldown - Close Grip (Cable)",,"",1,"normal",130,11,,,
"PULL","28 Oct 2025, 18:34","28 Oct 2025, 19:46","","Lat Pulldown - Close Grip (Cable)",,"",2,"normal",140,9,,,
"PULL","28 Oct 2025, 18:34","28 Oct 2025, 19:46","","Lat Pulldown - Close Grip (Cable)",,"",3,"normal",150,7,,,
"PULL","28 Oct 2025, 18:34","28 Oct 2025, 19:46","","Seated Cable Row - Bar Grip",,"",0,"normal",150,9,,,
"PULL","28 Oct 2025, 18:34","28 Oct 2025, 19:46","","Seated Cable Row - Bar Grip",,"",1,"normal",150,11,,,
"PULL","28 Oct 2025, 18:34","28 Oct 2025, 19:46","","Seated Cable Row - Bar Grip",,"",2,"normal",170,9,,,
"PULL","28 Oct 2025, 18:34","28 Oct 2025, 19:46","","Face Pull",,"",0,"normal",130,12,,,
"PULL","28 Oct 2025, 18:34","28 Oct 2025, 19:46","","Face Pull",,"",1,"normal",130,14,,,
"PULL","28 Oct 2025, 18:34","28 Oct 2025, 19:46","","Face Pull",,"",2,"normal",130,15,,,
"PULL","28 Oct 2025, 18:34","28 Oct 2025, 19:46","","Seated Incline Curl (Dumbbell)",,"",0,"normal",40,12,,,
"PULL","28 Oct 2025, 18:34","28 Oct 2025, 19:46","","Seated Incline Curl (Dumbbell)",,"",1,"normal",50,8,,,
"PULL","28 Oct 2025, 18:34","28 Oct 2025, 19:46","","Seated Incline Curl (Dumbbell)",,"",2,"normal",50,9,,,
"PULL","28 Oct 2025, 18:34","28 Oct 2025, 19:46","","Hammer Curl (Cable)",,"",0,"normal",120,12,,,
"PULL","28 Oct 2025, 18:34","28 Oct 2025, 19:46","","Hammer Curl (Cable)",,"",1,"normal",120,14,,,
"PULL","28 Oct 2025, 18:34","28 Oct 2025, 19:46","","Hammer Curl (Cable)",,"",2,"normal",130,12,,,
"PULL","28 Oct 2025, 18:34","28 Oct 2025, 19:46","","Cable Crunch",,"",0,"normal",160,15,,,
"PULL","28 Oct 2025, 18:34","28 Oct 2025, 19:46","","Cable Crunch",,"",1,"normal",170,15,,,
"PULL","28 Oct 2025, 18:34","28 Oct 2025, 19:46","","Cable Crunch",,"",2,"normal",180,11,,,
"PULL","28 Oct 2025, 18:34","28 Oct 2025, 19:46","","Leg Raise Parallel Bars",,"",0,"normal",,15,,,
"PULL","28 Oct 2025, 18:34","28 Oct 2025, 19:46","","Leg Raise Parallel Bars",,"",1,"normal",,15,,,
"PULL","28 Oct 2025, 18:34","28 Oct 2025, 19:46","","Leg Raise Parallel Bars",,"",2,"normal",,15,,,
"PUSH","27 Oct 2025, 16:32","27 Oct 2025, 17:59","","Chest Dip (Assisted)",,"",0,"normal",40,10,,,
"PUSH","27 Oct 2025, 16:32","27 Oct 2025, 17:59","","Chest Dip (Assisted)",,"",1,"normal",30,8,,,
"PUSH","27 Oct 2025, 16:32","27 Oct 2025, 17:59","","Incline Bench Press (Smith Machine)",,"",0,"warmup",115,10,,,
"PUSH","27 Oct 2025, 16:32","27 Oct 2025, 17:59","","Incline Bench Press (Smith Machine)",,"",1,"normal",145,10,,,
"PUSH","27 Oct 2025, 16:32","27 Oct 2025, 17:59","","Incline Bench Press (Smith Machine)",,"",2,"normal",155,9,,,
"PUSH","27 Oct 2025, 16:32","27 Oct 2025, 17:59","","Incline Bench Press (Smith Machine)",,"",3,"normal",165,6,,,
"PUSH","27 Oct 2025, 16:32","27 Oct 2025, 17:59","","Incline Bench Press (Smith Machine)",,"",4,"normal",175,3,,,
"PUSH","27 Oct 2025, 16:32","27 Oct 2025, 17:59","","Incline Bench Press (Smith Machine)",,"",5,"dropset",115,11,,,
"PUSH","27 Oct 2025, 16:32","27 Oct 2025, 17:59","","Shoulder Press (Dumbbell)",,"",0,"normal",90,11,,,
"PUSH","27 Oct 2025, 16:32","27 Oct 2025, 17:59","","Shoulder Press (Dumbbell)",,"",1,"normal",100,10,,,
"PUSH","27 Oct 2025, 16:32","27 Oct 2025, 17:59","","Shoulder Press (Dumbbell)",,"",2,"normal",100,8,,,
"PUSH","27 Oct 2025, 16:32","27 Oct 2025, 17:59","","Chest Fly (Machine)",,"",0,"warmup",130,12,,,
"PUSH","27 Oct 2025, 16:32","27 Oct 2025, 17:59","","Chest Fly (Machine)",,"",1,"normal",150,9,,,
"PUSH","27 Oct 2025, 16:32","27 Oct 2025, 17:59","","Chest Fly (Machine)",,"",2,"normal",140,8,,,
"PUSH","27 Oct 2025, 16:32","27 Oct 2025, 17:59","","Chest Fly (Machine)",,"",3,"normal",140,11,,,
"PUSH","27 Oct 2025, 16:32","27 Oct 2025, 17:59","","Seated Lateral Raise (Dumbbell)",,"",0,"normal",30,15,,,
"PUSH","27 Oct 2025, 16:32","27 Oct 2025, 17:59","","Seated Lateral Raise (Dumbbell)",,"",1,"normal",30,15,,,
"PUSH","27 Oct 2025, 16:32","27 Oct 2025, 17:59","","Seated Lateral Raise (Dumbbell)",,"",2,"normal",40,15,,,
"PUSH","27 Oct 2025, 16:32","27 Oct 2025, 17:59","","Triceps Pushdown",,"",0,"normal",120,12,,,
"PUSH","27 Oct 2025, 16:32","27 Oct 2025, 17:59","","Triceps Pushdown",,"",1,"normal",120,12,,,
"PUSH","27 Oct 2025, 16:32","27 Oct 2025, 17:59","","Triceps Pushdown",,"",2,"dropset",100,18,,,
"PUSH","27 Oct 2025, 16:32","27 Oct 2025, 17:59","","Overhead Triceps Extension (Cable)",,"",0,"normal",60,9,,,
"PUSH","27 Oct 2025, 16:32","27 Oct 2025, 17:59","","Overhead Triceps Extension (Cable)",,"",1,"normal",60,12,,,
"PUSH","27 Oct 2025, 16:32","27 Oct 2025, 17:59","","Overhead Triceps Extension (Cable)",,"",2,"normal",60,12,,,
"PUSH","27 Oct 2025, 16:32","27 Oct 2025, 17:59","","Russian Twist (Weighted)",,"",0,"normal",20,20,,,
"PUSH","27 Oct 2025, 16:32","27 Oct 2025, 17:59","","Russian Twist (Weighted)",,"",1,"normal",20,20,,,
"PUSH","27 Oct 2025, 16:32","27 Oct 2025, 17:59","","Russian Twist (Weighted)",,"",2,"normal",35,15,,,
"PUSH","27 Oct 2025, 16:32","27 Oct 2025, 17:59","","Push Up",,"",0,"normal",,15,,,
"PULL","26 Oct 2025, 13:04","26 Oct 2025, 14:52","","Pull Up (Assisted)",,"",0,"normal",60,10,,,
"PULL","26 Oct 2025, 13:04","26 Oct 2025, 14:52","","Pull Up (Assisted)",,"",1,"normal",50,7,,,
"PULL","26 Oct 2025, 13:04","26 Oct 2025, 14:52","","Pull Up (Assisted)",,"",2,"normal",50,8,,,
"PULL","26 Oct 2025, 13:04","26 Oct 2025, 14:52","","Bent Over Row (Barbell)",,"",0,"warmup",45,10,,,
"PULL","26 Oct 2025, 13:04","26 Oct 2025, 14:52","","Bent Over Row (Barbell)",,"",1,"normal",115,10,,,
"PULL","26 Oct 2025, 13:04","26 Oct 2025, 14:52","","Bent Over Row (Barbell)",,"",2,"normal",135,9,,,
"PULL","26 Oct 2025, 13:04","26 Oct 2025, 14:52","","Bent Over Row (Barbell)",,"",3,"normal",145,8,,,
"PULL","26 Oct 2025, 13:04","26 Oct 2025, 14:52","","Seated Cable Row - Bar Grip",,"",0,"warmup",100,12,,,
"PULL","26 Oct 2025, 13:04","26 Oct 2025, 14:52","","Seated Cable Row - Bar Grip",,"",1,"normal",130,12,,,
"PULL","26 Oct 2025, 13:04","26 Oct 2025, 14:52","","Seated Cable Row - Bar Grip",,"",2,"normal",140,10,,,
"PULL","26 Oct 2025, 13:04","26 Oct 2025, 14:52","","Seated Cable Row - Bar Grip",,"",3,"normal",150,10,,,
"PULL","26 Oct 2025, 13:04","26 Oct 2025, 14:52","","Face Pull",,"",0,"warmup",100,12,,,
"PULL","26 Oct 2025, 13:04","26 Oct 2025, 14:52","","Face Pull",,"",1,"normal",130,12,,,
"PULL","26 Oct 2025, 13:04","26 Oct 2025, 14:52","","Face Pull",,"",2,"normal",140,12,,,
"PULL","26 Oct 2025, 13:04","26 Oct 2025, 14:52","","Face Pull",,"",3,"normal",150,12,,,
"PULL","26 Oct 2025, 13:04","26 Oct 2025, 14:52","","Seated Incline Curl (Dumbbell)",,"",0,"normal",40,12,,,
"PULL","26 Oct 2025, 13:04","26 Oct 2025, 14:52","","Seated Incline Curl (Dumbbell)",,"",1,"normal",40,12,,,
"PULL","26 Oct 2025, 13:04","26 Oct 2025, 14:52","","Seated Incline Curl (Dumbbell)",,"",2,"normal",40,12,,,
"PULL","26 Oct 2025, 13:04","26 Oct 2025, 14:52","","Hammer Curl (Cable)",,"",0,"normal",120,12,,,
"PULL","26 Oct 2025, 13:04","26 Oct 2025, 14:52","","Hammer Curl (Cable)",,"",1,"normal",120,11,,,
"PULL","26 Oct 2025, 13:04","26 Oct 2025, 14:52","","Hammer Curl (Cable)",,"",2,"normal",120,11,,,
"PULL","26 Oct 2025, 13:04","26 Oct 2025, 14:52","","Cable Crunch",,"",0,"normal",150,12,,,
"PULL","26 Oct 2025, 13:04","26 Oct 2025, 14:52","","Cable Crunch",,"",1,"normal",150,12,,,
"PULL","26 Oct 2025, 13:04","26 Oct 2025, 14:52","","Cable Crunch",,"",2,"normal",150,15,,,
"PULL","26 Oct 2025, 13:04","26 Oct 2025, 14:52","","Reverse Crunch",,"",0,"normal",,15,,,
"PULL","26 Oct 2025, 13:04","26 Oct 2025, 14:52","","Reverse Crunch",,"",1,"normal",,15,,,
"PUSH","25 Oct 2025, 11:25","25 Oct 2025, 13:12","","Incline Bench Press (Smith Machine)",,"",0,"warmup",25,10,,,
"PUSH","25 Oct 2025, 11:25","25 Oct 2025, 13:12","","Incline Bench Press (Smith Machine)",,"",1,"normal",115,10,,,
"PUSH","25 Oct 2025, 11:25","25 Oct 2025, 13:12","","Incline Bench Press (Smith Machine)",,"",2,"normal",135,8,,,
"PUSH","25 Oct 2025, 11:25","25 Oct 2025, 13:12","","Incline Bench Press (Smith Machine)",,"",3,"normal",145,9,,,
"PUSH","25 Oct 2025, 11:25","25 Oct 2025, 13:12","","Incline Bench Press (Smith Machine)",,"",4,"normal",165,4,,,
"PUSH","25 Oct 2025, 11:25","25 Oct 2025, 13:12","","Incline Bench Press (Smith Machine)",,"",5,"normal",165,4,,,
"PUSH","25 Oct 2025, 11:25","25 Oct 2025, 13:12","","Shoulder Press (Dumbbell)",,"",0,"normal",80,12,,,
"PUSH","25 Oct 2025, 11:25","25 Oct 2025, 13:12","","Shoulder Press (Dumbbell)",,"",1,"normal",90,10,,,
"PUSH","25 Oct 2025, 11:25","25 Oct 2025, 13:12","","Shoulder Press (Dumbbell)",,"",2,"normal",90,10,,,
"PUSH","25 Oct 2025, 11:25","25 Oct 2025, 13:12","","Seated Lateral Raise (Dumbbell)",,"",0,"normal",40,12,,,
"PUSH","25 Oct 2025, 11:25","25 Oct 2025, 13:12","","Seated Lateral Raise (Dumbbell)",,"",1,"normal",40,12,,,
"PUSH","25 Oct 2025, 11:25","25 Oct 2025, 13:12","","Seated Lateral Raise (Dumbbell)",,"",2,"normal",40,15,,,
"PUSH","25 Oct 2025, 11:25","25 Oct 2025, 13:12","","Chest Fly (Machine)",,"",0,"normal",150,12,,,
"PUSH","25 Oct 2025, 11:25","25 Oct 2025, 13:12","","Chest Fly (Machine)",,"",1,"normal",150,7,,,
"PUSH","25 Oct 2025, 11:25","25 Oct 2025, 13:12","","Chest Fly (Machine)",,"",2,"normal",130,12,,,
"PUSH","25 Oct 2025, 11:25","25 Oct 2025, 13:12","","Triceps Pushdown",,"",0,"normal",130,8,,,
"PUSH","25 Oct 2025, 11:25","25 Oct 2025, 13:12","","Triceps Pushdown",,"",1,"normal",110,15,,,
"PUSH","25 Oct 2025, 11:25","25 Oct 2025, 13:12","","Triceps Pushdown",,"",2,"normal",120,12,,,
"PUSH","25 Oct 2025, 11:25","25 Oct 2025, 13:12","","Triceps Extension (Cable)",,"",0,"normal",30,9,,,
"PUSH","25 Oct 2025, 11:25","25 Oct 2025, 13:12","","Overhead Triceps Extension (Cable)",,"",0,"warmup",20,10,,,
"PUSH","25 Oct 2025, 11:25","25 Oct 2025, 13:12","","Overhead Triceps Extension (Cable)",,"",1,"normal",40,15,,,
"PUSH","25 Oct 2025, 11:25","25 Oct 2025, 13:12","","Overhead Triceps Extension (Cable)",,"",2,"normal",60,12,,,
"PUSH","25 Oct 2025, 11:25","25 Oct 2025, 13:12","","Overhead Triceps Extension (Cable)",,"",3,"normal",60,12,,,
"PUSH","25 Oct 2025, 11:25","25 Oct 2025, 13:12","","Cable Crunch",,"",0,"warmup",100,12,,,
"PUSH","25 Oct 2025, 11:25","25 Oct 2025, 13:12","","Cable Crunch",,"",1,"normal",140,15,,,
"PUSH","25 Oct 2025, 11:25","25 Oct 2025, 13:12","","Cable Crunch",,"",2,"normal",140,15,,,
"PUSH","25 Oct 2025, 11:25","25 Oct 2025, 13:12","","Cable Crunch",,"",3,"normal",160,15,,,
"PUSH","25 Oct 2025, 11:25","25 Oct 2025, 13:12","","Hanging Leg Raise",,"",0,"normal",,6,,,
"PUSH","25 Oct 2025, 11:25","25 Oct 2025, 13:12","","Leg Raise Parallel Bars",,"",0,"normal",,15,,,
"PUSH","25 Oct 2025, 11:25","25 Oct 2025, 13:12","","Leg Raise Parallel Bars",,"",1,"normal",,15,,,
"PUSH","25 Oct 2025, 11:25","25 Oct 2025, 13:12","","Leg Raise Parallel Bars",,"",2,"normal",,15,,,
"RUN","24 Oct 2025, 15:51","24 Oct 2025, 16:27","ayce prep","Running",,"",0,"normal",,,4.13,2125,
"LEG ARM","23 Oct 2025, 16:27","23 Oct 2025, 17:44","first time squat 😩","Seated Leg Curl (Machine)",,"",0,"warmup",125,10,,,
"LEG ARM","23 Oct 2025, 16:27","23 Oct 2025, 17:44","first time squat 😩","Seated Leg Curl (Machine)",,"",1,"normal",160,12,,,
"LEG ARM","23 Oct 2025, 16:27","23 Oct 2025, 17:44","first time squat 😩","Seated Leg Curl (Machine)",,"",2,"normal",170,8,,,
"LEG ARM","23 Oct 2025, 16:27","23 Oct 2025, 17:44","first time squat 😩","Seated Leg Curl (Machine)",,"",3,"normal",170,8,,,
"LEG ARM","23 Oct 2025, 16:27","23 Oct 2025, 17:44","first time squat 😩","Squat (Barbell)",,"",0,"warmup",45,10,,,
"LEG ARM","23 Oct 2025, 16:27","23 Oct 2025, 17:44","first time squat 😩","Squat (Barbell)",,"",1,"normal",65,12,,,
"LEG ARM","23 Oct 2025, 16:27","23 Oct 2025, 17:44","first time squat 😩","Squat (Barbell)",,"",2,"normal",95,12,,,
"LEG ARM","23 Oct 2025, 16:27","23 Oct 2025, 17:44","first time squat 😩","Squat (Barbell)",,"",3,"normal",135,8,,,
"LEG ARM","23 Oct 2025, 16:27","23 Oct 2025, 17:44","first time squat 😩","Squat (Barbell)",,"",4,"normal",155,6,,,
"LEG ARM","23 Oct 2025, 16:27","23 Oct 2025, 17:44","first time squat 😩","Calf Press (Machine)",,"",0,"normal",320,12,,,
"LEG ARM","23 Oct 2025, 16:27","23 Oct 2025, 17:44","first time squat 😩","Calf Press (Machine)",,"",1,"normal",340,15,,,
"LEG ARM","23 Oct 2025, 16:27","23 Oct 2025, 17:44","first time squat 😩","Calf Press (Machine)",,"",2,"normal",360,15,,,
"LEG ARM","23 Oct 2025, 16:27","23 Oct 2025, 17:44","first time squat 😩","Leg Extension (Machine)",,"",0,"normal",130,12,,,
"LEG ARM","23 Oct 2025, 16:27","23 Oct 2025, 17:44","first time squat 😩","Leg Extension (Machine)",,"",1,"normal",140,12,,,
"LEG ARM","23 Oct 2025, 16:27","23 Oct 2025, 17:44","first time squat 😩","Leg Extension (Machine)",,"",2,"normal",145,13,,,
"LEG ARM","23 Oct 2025, 16:27","23 Oct 2025, 17:44","first time squat 😩","Bicep Curl (Cable)",0,"",0,"normal",110,10,,,
"LEG ARM","23 Oct 2025, 16:27","23 Oct 2025, 17:44","first time squat 😩","Bicep Curl (Cable)",0,"",1,"normal",100,12,,,
"LEG ARM","23 Oct 2025, 16:27","23 Oct 2025, 17:44","first time squat 😩","Bicep Curl (Cable)",0,"",2,"normal",100,12,,,
"LEG ARM","23 Oct 2025, 16:27","23 Oct 2025, 17:44","first time squat 😩","Triceps Rope Pushdown",0,"",0,"normal",100,12,,,
"LEG ARM","23 Oct 2025, 16:27","23 Oct 2025, 17:44","first time squat 😩","Triceps Rope Pushdown",0,"",1,"normal",100,12,,,
"LEG ARM","23 Oct 2025, 16:27","23 Oct 2025, 17:44","first time squat 😩","Triceps Rope Pushdown",0,"",2,"normal",100,12,,,
"LEG ARM","23 Oct 2025, 16:27","23 Oct 2025, 17:44","first time squat 😩","Cable Twist (Up to down)",,"",0,"normal",30,10,,,
"LEG ARM","23 Oct 2025, 16:27","23 Oct 2025, 17:44","first time squat 😩","Cable Twist (Up to down)",,"",1,"normal",50,12,,,
"LEG ARM","23 Oct 2025, 16:27","23 Oct 2025, 17:44","first time squat 😩","Side Plank",,"",0,"normal",,,,46,
"LEG ARM","23 Oct 2025, 16:27","23 Oct 2025, 17:44","first time squat 😩","Russian Twist (Weighted)",,"",0,"normal",20,15,,,
"LEG ARM","23 Oct 2025, 16:27","23 Oct 2025, 17:44","first time squat 😩","Russian Twist (Weighted)",,"",1,"normal",20,15,,,
"LEG ARM","23 Oct 2025, 16:27","23 Oct 2025, 17:44","first time squat 😩","Russian Twist (Weighted)",,"",2,"normal",20,15,,,
"PULLL","22 Oct 2025, 16:35","22 Oct 2025, 18:37","200 on 🤷‍♂️","Lat Pulldown - Close Grip (Cable)",,"",0,"warmup",80,10,,,
"PULLL","22 Oct 2025, 16:35","22 Oct 2025, 18:37","200 on 🤷‍♂️","Lat Pulldown - Close Grip (Cable)",,"",1,"normal",120,10,,,
"PULLL","22 Oct 2025, 16:35","22 Oct 2025, 18:37","200 on 🤷‍♂️","Lat Pulldown - Close Grip (Cable)",,"",2,"normal",130,9,,,
"PULLL","22 Oct 2025, 16:35","22 Oct 2025, 18:37","200 on 🤷‍♂️","Lat Pulldown - Close Grip (Cable)",,"",3,"normal",140,8,,,
"PULLL","22 Oct 2025, 16:35","22 Oct 2025, 18:37","200 on 🤷‍♂️","Pull Up (Assisted)",,"",0,"normal",40,3,,,
"PULLL","22 Oct 2025, 16:35","22 Oct 2025, 18:37","200 on 🤷‍♂️","Pull Up (Assisted)",,"",1,"normal",50,6,,,
"PULLL","22 Oct 2025, 16:35","22 Oct 2025, 18:37","200 on 🤷‍♂️","Seated Cable Row - Bar Wide Grip",,"",0,"warmup",80,12,,,
"PULLL","22 Oct 2025, 16:35","22 Oct 2025, 18:37","200 on 🤷‍♂️","Seated Cable Row - Bar Wide Grip",,"",1,"normal",110,12,,,
"PULLL","22 Oct 2025, 16:35","22 Oct 2025, 18:37","200 on 🤷‍♂️","Seated Cable Row - Bar Wide Grip",,"",2,"normal",120,10,,,
"PULLL","22 Oct 2025, 16:35","22 Oct 2025, 18:37","200 on 🤷‍♂️","Seated Cable Row - Bar Wide Grip",,"",3,"normal",130,9,,,
"PULLL","22 Oct 2025, 16:35","22 Oct 2025, 18:37","200 on 🤷‍♂️","Bent Over Row (Barbell)",,"",0,"warmup",45,10,,,
"PULLL","22 Oct 2025, 16:35","22 Oct 2025, 18:37","200 on 🤷‍♂️","Bent Over Row (Barbell)",,"",1,"normal",105,10,,,
"PULLL","22 Oct 2025, 16:35","22 Oct 2025, 18:37","200 on 🤷‍♂️","Bent Over Row (Barbell)",,"",2,"normal",115,10,,,
"PULLL","22 Oct 2025, 16:35","22 Oct 2025, 18:37","200 on 🤷‍♂️","Bent Over Row (Barbell)",,"",3,"normal",125,9,,,
"PULLL","22 Oct 2025, 16:35","22 Oct 2025, 18:37","200 on 🤷‍♂️","Shrug (Barbell)",,"",0,"warmup",125,12,,,
"PULLL","22 Oct 2025, 16:35","22 Oct 2025, 18:37","200 on 🤷‍♂️","Shrug (Barbell)",,"",1,"normal",185,12,,,
"PULLL","22 Oct 2025, 16:35","22 Oct 2025, 18:37","200 on 🤷‍♂️","Shrug (Barbell)",,"",2,"normal",205,9,,,
"PULLL","22 Oct 2025, 16:35","22 Oct 2025, 18:37","200 on 🤷‍♂️","Shrug (Barbell)",,"",3,"normal",205,8,,,
"PULLL","22 Oct 2025, 16:35","22 Oct 2025, 18:37","200 on 🤷‍♂️","Hammer Curl (Cable)",,"",0,"warmup",60,12,,,
"PULLL","22 Oct 2025, 16:35","22 Oct 2025, 18:37","200 on 🤷‍♂️","Hammer Curl (Cable)",,"",1,"normal",100,12,,,
"PULLL","22 Oct 2025, 16:35","22 Oct 2025, 18:37","200 on 🤷‍♂️","Hammer Curl (Cable)",,"",2,"normal",120,10,,,
"PULLL","22 Oct 2025, 16:35","22 Oct 2025, 18:37","200 on 🤷‍♂️","Hammer Curl (Cable)",,"",3,"normal",120,10,,,
"PULLL","22 Oct 2025, 16:35","22 Oct 2025, 18:37","200 on 🤷‍♂️","Face Pull",,"",0,"normal",120,12,,,
"PULLL","22 Oct 2025, 16:35","22 Oct 2025, 18:37","200 on 🤷‍♂️","Face Pull",,"",1,"normal",130,10,,,
"PULLL","22 Oct 2025, 16:35","22 Oct 2025, 18:37","200 on 🤷‍♂️","Bicep Curl (Cable)",,"",0,"warmup",70,12,,,
"PULLL","22 Oct 2025, 16:35","22 Oct 2025, 18:37","200 on 🤷‍♂️","Bicep Curl (Cable)",,"",1,"normal",110,8,,,
"PULLL","22 Oct 2025, 16:35","22 Oct 2025, 18:37","200 on 🤷‍♂️","Bicep Curl (Cable)",,"",2,"normal",110,8,,,
"PULLL","22 Oct 2025, 16:35","22 Oct 2025, 18:37","200 on 🤷‍♂️","Bicep Curl (Cable)",,"",3,"normal",110,7,,,
"PULLL","22 Oct 2025, 16:35","22 Oct 2025, 18:37","200 on 🤷‍♂️","Seated Incline Curl (Dumbbell)",,"",0,"normal",30,10,,,
"PULLL","22 Oct 2025, 16:35","22 Oct 2025, 18:37","200 on 🤷‍♂️","Seated Incline Curl (Dumbbell)",,"",1,"normal",30,12,,,
"PULLL","22 Oct 2025, 16:35","22 Oct 2025, 18:37","200 on 🤷‍♂️","Seated Incline Curl (Dumbbell)",,"",2,"normal",30,12,,,
"PULLL","22 Oct 2025, 16:35","22 Oct 2025, 18:37","200 on 🤷‍♂️","Cable Crunch",,"",0,"warmup",110,12,,,
"PULLL","22 Oct 2025, 16:35","22 Oct 2025, 18:37","200 on 🤷‍♂️","Cable Crunch",,"",1,"normal",140,12,,,
"PULLL","22 Oct 2025, 16:35","22 Oct 2025, 18:37","200 on 🤷‍♂️","Cable Crunch",,"",2,"normal",150,15,,,
"PULLL","22 Oct 2025, 16:35","22 Oct 2025, 18:37","200 on 🤷‍♂️","Cable Crunch",,"",3,"normal",150,15,,,
"PULLL","22 Oct 2025, 16:35","22 Oct 2025, 18:37","200 on 🤷‍♂️","Leg Raise Parallel Bars",,"",0,"normal",,12,,,
"PULLL","22 Oct 2025, 16:35","22 Oct 2025, 18:37","200 on 🤷‍♂️","Leg Raise Parallel Bars",,"",1,"normal",,15,,,
"PULLL","22 Oct 2025, 16:35","22 Oct 2025, 18:37","200 on 🤷‍♂️","Leg Raise Parallel Bars",,"",2,"normal",,15,,,
"CHEST ARM","21 Oct 2025, 17:01","21 Oct 2025, 18:35","","Chest Press (Machine)",,"",0,"warmup",115,8,,,
"CHEST ARM","21 Oct 2025, 17:01","21 Oct 2025, 18:35","","Chest Press (Machine)",,"",1,"normal",160,12,,,
"CHEST ARM","21 Oct 2025, 17:01","21 Oct 2025, 18:35","","Chest Press (Machine)",,"",2,"normal",180,8,,,
"CHEST ARM","21 Oct 2025, 17:01","21 Oct 2025, 18:35","","Chest Press (Machine)",,"",3,"normal",185,8,,,
"CHEST ARM","21 Oct 2025, 17:01","21 Oct 2025, 18:35","","Incline Bench Press (Smith Machine)",,"",0,"warmup",25,5,,,
"CHEST ARM","21 Oct 2025, 17:01","21 Oct 2025, 18:35","","Incline Bench Press (Smith Machine)",,"",1,"normal",75,10,,,
"CHEST ARM","21 Oct 2025, 17:01","21 Oct 2025, 18:35","","Incline Bench Press (Smith Machine)",,"",2,"normal",115,9,,,
"CHEST ARM","21 Oct 2025, 17:01","21 Oct 2025, 18:35","","Incline Bench Press (Smith Machine)",,"",3,"normal",135,7,,,
"CHEST ARM","21 Oct 2025, 17:01","21 Oct 2025, 18:35","","Triceps Pushdown",,"",0,"warmup",90,12,,,
"CHEST ARM","21 Oct 2025, 17:01","21 Oct 2025, 18:35","","Triceps Pushdown",,"",1,"normal",120,12,,,
"CHEST ARM","21 Oct 2025, 17:01","21 Oct 2025, 18:35","","Triceps Pushdown",,"",2,"normal",130,8,,,
"CHEST ARM","21 Oct 2025, 17:01","21 Oct 2025, 18:35","","Triceps Pushdown",,"",3,"normal",140,7,,,
"CHEST ARM","21 Oct 2025, 17:01","21 Oct 2025, 18:35","","Single Arm Triceps Pushdown (Cable)",,"",0,"warmup",35,8,,,
"CHEST ARM","21 Oct 2025, 17:01","21 Oct 2025, 18:35","","Single Arm Triceps Pushdown (Cable)",,"",1,"normal",45,6,,,
"CHEST ARM","21 Oct 2025, 17:01","21 Oct 2025, 18:35","","Single Arm Triceps Pushdown (Cable)",,"",2,"normal",45,9,,,
"CHEST ARM","21 Oct 2025, 17:01","21 Oct 2025, 18:35","","Single Arm Triceps Pushdown (Cable)",,"",3,"normal",45,9,,,
"CHEST ARM","21 Oct 2025, 17:01","21 Oct 2025, 18:35","","Bicep Curl (Cable)",,"",0,"warmup",60,10,,,
"CHEST ARM","21 Oct 2025, 17:01","21 Oct 2025, 18:35","","Bicep Curl (Cable)",,"",1,"normal",100,12,,,
"CHEST ARM","21 Oct 2025, 17:01","21 Oct 2025, 18:35","","Bicep Curl (Cable)",,"",2,"normal",110,8,,,
"CHEST ARM","21 Oct 2025, 17:01","21 Oct 2025, 18:35","","Bicep Curl (Cable)",,"",3,"normal",110,9,,,
"CHEST ARM","21 Oct 2025, 17:01","21 Oct 2025, 18:35","","Chest Fly (Machine)",,"",0,"warmup",110,8,,,
"CHEST ARM","21 Oct 2025, 17:01","21 Oct 2025, 18:35","","Chest Fly (Machine)",,"",1,"normal",170,6,,,
"CHEST ARM","21 Oct 2025, 17:01","21 Oct 2025, 18:35","","Chest Fly (Machine)",,"",2,"normal",160,6,,,
"CHEST ARM","21 Oct 2025, 17:01","21 Oct 2025, 18:35","","Chest Fly (Machine)",,"",3,"normal",150,7,,,
"CHEST ARM","21 Oct 2025, 17:01","21 Oct 2025, 18:35","","Seated Lateral Raise (Dumbbell)",,"",0,"warmup",30,12,,,
"CHEST ARM","21 Oct 2025, 17:01","21 Oct 2025, 18:35","","Seated Lateral Raise (Dumbbell)",,"",1,"normal",40,12,,,
"CHEST ARM","21 Oct 2025, 17:01","21 Oct 2025, 18:35","","Seated Lateral Raise (Dumbbell)",,"",2,"normal",40,12,,,
"CHEST ARM","21 Oct 2025, 17:01","21 Oct 2025, 18:35","","Seated Lateral Raise (Dumbbell)",,"",3,"normal",40,12,,,
"CHEST ARM","21 Oct 2025, 17:01","21 Oct 2025, 18:35","","Shoulder Press (Dumbbell)",,"",0,"warmup",50,12,,,
"CHEST ARM","21 Oct 2025, 17:01","21 Oct 2025, 18:35","","Shoulder Press (Dumbbell)",,"",1,"normal",70,12,,,
"CHEST ARM","21 Oct 2025, 17:01","21 Oct 2025, 18:35","","Shoulder Press (Dumbbell)",,"",2,"normal",80,9,,,
"CHEST ARM","21 Oct 2025, 17:01","21 Oct 2025, 18:35","","Shoulder Press (Dumbbell)",,"",3,"normal",80,10,,,
"CHEST ARM","21 Oct 2025, 17:01","21 Oct 2025, 18:35","","Cross Body Hammer Curl",,"",0,"normal",40,12,,,
"CHEST ARM","21 Oct 2025, 17:01","21 Oct 2025, 18:35","","Cross Body Hammer Curl",,"",1,"normal",60,11,,,
"CHEST ARM","21 Oct 2025, 17:01","21 Oct 2025, 18:35","","Cross Body Hammer Curl",,"",2,"normal",60,10,,,
"CHEST ARM","21 Oct 2025, 17:01","21 Oct 2025, 18:35","","Leg Raise Parallel Bars",,"",0,"normal",,15,,,
"CHEST ARM","21 Oct 2025, 17:01","21 Oct 2025, 18:35","","Leg Raise Parallel Bars",,"",1,"normal",,15,,,
"CHEST ARM","21 Oct 2025, 17:01","21 Oct 2025, 18:35","","Leg Raise Parallel Bars",,"",2,"normal",,15,,,
"PULL","19 Oct 2025, 14:28","19 Oct 2025, 15:50","","Pull Up (Assisted)",,"",0,"normal",40,6,,,
"PULL","19 Oct 2025, 14:28","19 Oct 2025, 15:50","","Pull Up (Assisted)",,"",1,"normal",40,4,,,
"PULL","19 Oct 2025, 14:28","19 Oct 2025, 15:50","","Pull Up (Assisted)",,"",2,"normal",40,6,,,
"PULL","19 Oct 2025, 14:28","19 Oct 2025, 15:50","","Bicep Curl (Cable)",,"",0,"warmup",50,10,,,
"PULL","19 Oct 2025, 14:28","19 Oct 2025, 15:50","","Bicep Curl (Cable)",,"",1,"normal",90,10,,,
"PULL","19 Oct 2025, 14:28","19 Oct 2025, 15:50","","Bicep Curl (Cable)",,"",2,"normal",110,8,,,
"PULL","19 Oct 2025, 14:28","19 Oct 2025, 15:50","","Bicep Curl (Cable)",,"",3,"normal",130,5,,,
"PULL","19 Oct 2025, 14:28","19 Oct 2025, 15:50","","Bicep Curl (Cable)",,"",4,"normal",110,8,,,
"PULL","19 Oct 2025, 14:28","19 Oct 2025, 15:50","","Lat Pulldown (Cable)",,"",0,"warmup",90,8,,,
"PULL","19 Oct 2025, 14:28","19 Oct 2025, 15:50","","Lat Pulldown (Cable)",,"",1,"normal",130,10,,,
"PULL","19 Oct 2025, 14:28","19 Oct 2025, 15:50","","Lat Pulldown (Cable)",,"",2,"normal",140,10,,,
"PULL","19 Oct 2025, 14:28","19 Oct 2025, 15:50","","Lat Pulldown (Cable)",,"",3,"normal",150,7,,,
"PULL","19 Oct 2025, 14:28","19 Oct 2025, 15:50","","Hammer Curl (Dumbbell)",,"",0,"warmup",40,10,,,
"PULL","19 Oct 2025, 14:28","19 Oct 2025, 15:50","","Hammer Curl (Dumbbell)",,"",1,"normal",50,8,,,
"PULL","19 Oct 2025, 14:28","19 Oct 2025, 15:50","","Hammer Curl (Dumbbell)",,"",2,"normal",60,8,,,
"PULL","19 Oct 2025, 14:28","19 Oct 2025, 15:50","","Hammer Curl (Dumbbell)",,"",3,"normal",70,7,,,
"PULL","19 Oct 2025, 14:28","19 Oct 2025, 15:50","","Seated Cable Row - V Grip (Cable)",,"",0,"warmup",100,10,,,
"PULL","19 Oct 2025, 14:28","19 Oct 2025, 15:50","","Seated Cable Row - V Grip (Cable)",,"",1,"normal",130,10,,,
"PULL","19 Oct 2025, 14:28","19 Oct 2025, 15:50","","Seated Cable Row - V Grip (Cable)",,"",2,"normal",140,7,,,
"PULL","19 Oct 2025, 14:28","19 Oct 2025, 15:50","","Seated Cable Row - V Grip (Cable)",,"",3,"normal",140,8,,,
"PULL","19 Oct 2025, 14:28","19 Oct 2025, 15:50","","Shrug (Barbell)",,"",0,"normal",185,10,,,
"PULL","19 Oct 2025, 14:28","19 Oct 2025, 15:50","","Shrug (Barbell)",,"",1,"normal",185,10,,,
"PULL","19 Oct 2025, 14:28","19 Oct 2025, 15:50","","Shrug (Barbell)",,"",2,"normal",185,12,,,
"PULL","19 Oct 2025, 14:28","19 Oct 2025, 15:50","","Face Pull",,"",0,"normal",110,12,,,
"PULL","19 Oct 2025, 14:28","19 Oct 2025, 15:50","","Face Pull",,"",1,"normal",130,10,,,
"PULL","19 Oct 2025, 14:28","19 Oct 2025, 15:50","","Face Pull",,"",2,"normal",130,12,,,
"PULL","19 Oct 2025, 14:28","19 Oct 2025, 15:50","","Leg Raise Parallel Bars",,"",0,"normal",,15,,,
"PULL","19 Oct 2025, 14:28","19 Oct 2025, 15:50","","Leg Raise Parallel Bars",,"",1,"normal",,15,,,
"PULL","19 Oct 2025, 14:28","19 Oct 2025, 15:50","","Leg Raise Parallel Bars",,"",2,"normal",,15,,,
"PUSH AB","17 Oct 2025, 19:39","17 Oct 2025, 21:36","","Bench Press (Dumbbell)",,"",0,"normal",100,15,,,
"PUSH AB","17 Oct 2025, 19:39","17 Oct 2025, 21:36","","Bench Press (Dumbbell)",,"",1,"normal",120,15,,,
"PUSH AB","17 Oct 2025, 19:39","17 Oct 2025, 21:36","","Bench Press (Dumbbell)",,"",2,"normal",130,8,,,
"PUSH AB","17 Oct 2025, 19:39","17 Oct 2025, 21:36","","Bench Press (Dumbbell)",,"",3,"normal",130,10,,,
"PUSH AB","17 Oct 2025, 19:39","17 Oct 2025, 21:36","","Triceps Pushdown",,"",0,"normal",120,15,,,
"PUSH AB","17 Oct 2025, 19:39","17 Oct 2025, 21:36","","Triceps Pushdown",,"",1,"normal",130,9,,,
"PUSH AB","17 Oct 2025, 19:39","17 Oct 2025, 21:36","","Triceps Pushdown",,"",2,"normal",130,12,,,
"PUSH AB","17 Oct 2025, 19:39","17 Oct 2025, 21:36","","Incline Bench Press (Barbell)",,"",0,"normal",115,12,,,
"PUSH AB","17 Oct 2025, 19:39","17 Oct 2025, 21:36","","Incline Bench Press (Barbell)",,"",1,"normal",125,8,,,
"PUSH AB","17 Oct 2025, 19:39","17 Oct 2025, 21:36","","Incline Bench Press (Barbell)",,"",2,"normal",125,6,,,
"PUSH AB","17 Oct 2025, 19:39","17 Oct 2025, 21:36","","Single Arm Triceps Pushdown (Cable)",,"",0,"normal",40,15,,,
"PUSH AB","17 Oct 2025, 19:39","17 Oct 2025, 21:36","","Single Arm Triceps Pushdown (Cable)",,"",1,"normal",40,15,,,
"PUSH AB","17 Oct 2025, 19:39","17 Oct 2025, 21:36","","Single Arm Triceps Pushdown (Cable)",,"",2,"normal",45,12,,,
"PUSH AB","17 Oct 2025, 19:39","17 Oct 2025, 21:36","","Chest Fly (Machine)",,"",0,"normal",155,15,,,
"PUSH AB","17 Oct 2025, 19:39","17 Oct 2025, 21:36","","Chest Fly (Machine)",,"",1,"normal",165,12,,,
"PUSH AB","17 Oct 2025, 19:39","17 Oct 2025, 21:36","","Chest Fly (Machine)",,"",2,"normal",170,10,,,
"PUSH AB","17 Oct 2025, 19:39","17 Oct 2025, 21:36","","Chest Press (Machine)",,"",0,"normal",150,4,,,
"PUSH AB","17 Oct 2025, 19:39","17 Oct 2025, 21:36","","Seated Lateral Raise (Dumbbell)",,"",0,"normal",30,15,,,
"PUSH AB","17 Oct 2025, 19:39","17 Oct 2025, 21:36","","Seated Lateral Raise (Dumbbell)",,"",1,"normal",40,15,,,
"PUSH AB","17 Oct 2025, 19:39","17 Oct 2025, 21:36","","Seated Lateral Raise (Dumbbell)",,"",2,"normal",40,15,,,
"PUSH AB","17 Oct 2025, 19:39","17 Oct 2025, 21:36","","Leg Raise Parallel Bars",,"",0,"normal",,15,,,
"PUSH AB","17 Oct 2025, 19:39","17 Oct 2025, 21:36","","Leg Raise Parallel Bars",,"",1,"normal",,15,,,
"PUSH AB","17 Oct 2025, 19:39","17 Oct 2025, 21:36","","Leg Raise Parallel Bars",,"",2,"normal",,15,,,
"PUSH AB","17 Oct 2025, 19:39","17 Oct 2025, 21:36","","Cable Crunch",,"",0,"normal",90,12,,,
"PUSH AB","17 Oct 2025, 19:39","17 Oct 2025, 21:36","","Cable Crunch",,"",1,"normal",110,15,,,
"PUSH AB","17 Oct 2025, 19:39","17 Oct 2025, 21:36","","Cable Crunch",,"",2,"normal",130,15,,,
"PUSH AB","17 Oct 2025, 19:39","17 Oct 2025, 21:36","","Cable Crunch",,"",3,"normal",150,12,,,
"PUSH AB","17 Oct 2025, 19:39","17 Oct 2025, 21:36","","Elbow to Knee",,"",0,"normal",,8,,,
"PUSH AB","17 Oct 2025, 19:39","17 Oct 2025, 21:36","","Flutter Kicks",,"",0,"normal",,30,,,
"PUSH AB","17 Oct 2025, 19:39","17 Oct 2025, 21:36","","Plank",,"",0,"normal",,,,67,
"PUSH AB","17 Oct 2025, 19:39","17 Oct 2025, 21:36","","Plank",,"",1,"normal",,,,52,
"PUSH AB","17 Oct 2025, 19:39","17 Oct 2025, 21:36","","Push Up",,"",0,"normal",,15,,,
"leg n shoulder","16 Oct 2025, 17:04","16 Oct 2025, 18:22","","Leg Press Horizontal (Machine)",,"",0,"normal",250,15,,,
"leg n shoulder","16 Oct 2025, 17:04","16 Oct 2025, 18:22","","Leg Press Horizontal (Machine)",,"",1,"normal",260,12,,,
"leg n shoulder","16 Oct 2025, 17:04","16 Oct 2025, 18:22","","Leg Press Horizontal (Machine)",,"",2,"normal",270,12,,,
"leg n shoulder","16 Oct 2025, 17:04","16 Oct 2025, 18:22","","Calf Press (Machine)",,"",0,"normal",260,15,,,
"leg n shoulder","16 Oct 2025, 17:04","16 Oct 2025, 18:22","","Calf Press (Machine)",,"",1,"normal",270,15,,,
"leg n shoulder","16 Oct 2025, 17:04","16 Oct 2025, 18:22","","Calf Press (Machine)",,"",2,"normal",280,15,,,
"leg n shoulder","16 Oct 2025, 17:04","16 Oct 2025, 18:22","","Leg Extension (Machine)",,"",0,"normal",120,15,,,
"leg n shoulder","16 Oct 2025, 17:04","16 Oct 2025, 18:22","","Leg Extension (Machine)",,"",1,"normal",130,15,,,
"leg n shoulder","16 Oct 2025, 17:04","16 Oct 2025, 18:22","","Leg Extension (Machine)",,"",2,"normal",135,15,,,
"leg n shoulder","16 Oct 2025, 17:04","16 Oct 2025, 18:22","","Seated Leg Curl (Machine)",,"",0,"normal",160,12,,,
"leg n shoulder","16 Oct 2025, 17:04","16 Oct 2025, 18:22","","Seated Leg Curl (Machine)",,"",1,"normal",160,15,,,
"leg n shoulder","16 Oct 2025, 17:04","16 Oct 2025, 18:22","","Seated Leg Curl (Machine)",,"",2,"normal",165,12,,,
"leg n shoulder","16 Oct 2025, 17:04","16 Oct 2025, 18:22","","Leg Raise Parallel Bars",,"",0,"normal",,15,,,
"leg n shoulder","16 Oct 2025, 17:04","16 Oct 2025, 18:22","","Leg Raise Parallel Bars",,"",1,"normal",,15,,,
"leg n shoulder","16 Oct 2025, 17:04","16 Oct 2025, 18:22","","Leg Raise Parallel Bars",,"",2,"normal",,15,,,
"leg n shoulder","16 Oct 2025, 17:04","16 Oct 2025, 18:22","","Face Pull",,"",0,"normal",70,15,,,
"leg n shoulder","16 Oct 2025, 17:04","16 Oct 2025, 18:22","","Face Pull",,"",1,"normal",100,15,,,
"leg n shoulder","16 Oct 2025, 17:04","16 Oct 2025, 18:22","","Face Pull",,"",2,"normal",110,12,,,
"leg n shoulder","16 Oct 2025, 17:04","16 Oct 2025, 18:22","","Face Pull",,"",3,"normal",110,15,,,
"leg n shoulder","16 Oct 2025, 17:04","16 Oct 2025, 18:22","","Single Arm Lateral Raise (Cable)",,"",0,"normal",30,15,,,
"leg n shoulder","16 Oct 2025, 17:04","16 Oct 2025, 18:22","","Single Arm Lateral Raise (Cable)",,"",1,"normal",30,15,,,
"leg n shoulder","16 Oct 2025, 17:04","16 Oct 2025, 18:22","","Single Arm Lateral Raise (Cable)",,"",2,"normal",30,15,,,
"PULL","15 Oct 2025, 17:37","15 Oct 2025, 19:36","","Pull Up (Assisted)",,"",0,"normal",50,8,,,
"PULL","15 Oct 2025, 17:37","15 Oct 2025, 19:36","","Pull Up (Assisted)",,"",1,"normal",40,5,,,
"PULL","15 Oct 2025, 17:37","15 Oct 2025, 19:36","","Pull Up (Assisted)",,"",2,"normal",40,5,,,
"PULL","15 Oct 2025, 17:37","15 Oct 2025, 19:36","","Lat Pulldown (Cable)",,"",0,"normal",130,15,,,
"PULL","15 Oct 2025, 17:37","15 Oct 2025, 19:36","","Lat Pulldown (Cable)",,"",1,"normal",140,10,,,
"PULL","15 Oct 2025, 17:37","15 Oct 2025, 19:36","","Lat Pulldown (Cable)",,"",2,"normal",140,12,,,
"PULL","15 Oct 2025, 17:37","15 Oct 2025, 19:36","","Preacher Curl (Barbell)",,"",0,"normal",40,15,,,
"PULL","15 Oct 2025, 17:37","15 Oct 2025, 19:36","","Preacher Curl (Barbell)",,"",1,"normal",50,12,,,
"PULL","15 Oct 2025, 17:37","15 Oct 2025, 19:36","","Preacher Curl (Barbell)",,"",2,"normal",55,8,,,
"PULL","15 Oct 2025, 17:37","15 Oct 2025, 19:36","","Preacher Curl (Barbell)",,"",3,"normal",55,10,,,
"PULL","15 Oct 2025, 17:37","15 Oct 2025, 19:36","","Seated Cable Row - V Grip (Cable)",,"",0,"normal",130,15,,,
"PULL","15 Oct 2025, 17:37","15 Oct 2025, 19:36","","Seated Cable Row - V Grip (Cable)",,"",1,"normal",130,15,,,
"PULL","15 Oct 2025, 17:37","15 Oct 2025, 19:36","","Seated Cable Row - V Grip (Cable)",,"",2,"normal",130,15,,,
"PULL","15 Oct 2025, 17:37","15 Oct 2025, 19:36","","Seated Incline Curl (Dumbbell)",,"",0,"normal",40,15,,,
"PULL","15 Oct 2025, 17:37","15 Oct 2025, 19:36","","Seated Incline Curl (Dumbbell)",,"",1,"normal",40,10,,,
"PULL","15 Oct 2025, 17:37","15 Oct 2025, 19:36","","Seated Incline Curl (Dumbbell)",,"",2,"normal",40,12,,,
"PULL","15 Oct 2025, 17:37","15 Oct 2025, 19:36","","Bent Over Row (Barbell)",,"",0,"warmup",65,15,,,
"PULL","15 Oct 2025, 17:37","15 Oct 2025, 19:36","","Bent Over Row (Barbell)",,"",1,"normal",85,15,,,
"PULL","15 Oct 2025, 17:37","15 Oct 2025, 19:36","","Bent Over Row (Barbell)",,"",2,"normal",95,15,,,
"PULL","15 Oct 2025, 17:37","15 Oct 2025, 19:36","","Bent Over Row (Barbell)",,"",3,"normal",105,11,,,
"PULL","15 Oct 2025, 17:37","15 Oct 2025, 19:36","","Shrug (Barbell)",,"",0,"normal",115,15,,,
"PULL","15 Oct 2025, 17:37","15 Oct 2025, 19:36","","Shrug (Barbell)",,"",1,"normal",135,15,,,
"PULL","15 Oct 2025, 17:37","15 Oct 2025, 19:36","","Shrug (Barbell)",,"",2,"normal",155,15,,,
"PULL","15 Oct 2025, 17:37","15 Oct 2025, 19:36","","Hammer Curl (Cable)",,"",0,"warmup",40,15,,,
"PULL","15 Oct 2025, 17:37","15 Oct 2025, 19:36","","Hammer Curl (Cable)",,"",1,"normal",60,15,,,
"PULL","15 Oct 2025, 17:37","15 Oct 2025, 19:36","","Hammer Curl (Cable)",,"",2,"normal",80,15,,,
"PULL","15 Oct 2025, 17:37","15 Oct 2025, 19:36","","Hammer Curl (Cable)",,"",3,"normal",90,13,,,
"PULL","15 Oct 2025, 17:37","15 Oct 2025, 19:36","","Leg Raise Parallel Bars",,"",0,"normal",,15,,,
"PULL","15 Oct 2025, 17:37","15 Oct 2025, 19:36","","Leg Raise Parallel Bars",,"",1,"normal",,15,,,
"PULL","15 Oct 2025, 17:37","15 Oct 2025, 19:36","","Leg Raise Parallel Bars",,"",2,"normal",,15,,,
"PULL","15 Oct 2025, 17:37","15 Oct 2025, 19:36","","Crunch (Weighted)",0,"",0,"normal",10,15,,,
"PULL","15 Oct 2025, 17:37","15 Oct 2025, 19:36","","Crunch (Weighted)",0,"",1,"normal",10,15,,,
"PULL","15 Oct 2025, 17:37","15 Oct 2025, 19:36","","Crunch (Weighted)",0,"",2,"normal",10,15,,,
"PULL","15 Oct 2025, 17:37","15 Oct 2025, 19:36","","Russian Twist (Weighted)",0,"",0,"normal",10,15,,,
"PULL","15 Oct 2025, 17:37","15 Oct 2025, 19:36","","Russian Twist (Weighted)",0,"",1,"normal",10,15,,,
"PULL","15 Oct 2025, 17:37","15 Oct 2025, 19:36","","Russian Twist (Weighted)",0,"",2,"normal",10,15,,,
"PULL","15 Oct 2025, 17:37","15 Oct 2025, 19:36","","Lying Leg Raise",0,"",0,"normal",,15,,,
"PULL","15 Oct 2025, 17:37","15 Oct 2025, 19:36","","Lying Leg Raise",0,"",1,"normal",,15,,,
"PULL","15 Oct 2025, 17:37","15 Oct 2025, 19:36","","Lying Leg Raise",0,"",2,"normal",,15,,,
"PULL","15 Oct 2025, 17:37","15 Oct 2025, 19:36","","Reverse Crunch",0,"",0,"normal",,15,,,
"PULL","15 Oct 2025, 17:37","15 Oct 2025, 19:36","","Reverse Crunch",0,"",1,"normal",,15,,,
"PULL","15 Oct 2025, 17:37","15 Oct 2025, 19:36","","Reverse Crunch",0,"",2,"normal",,15,,,
"PUSH","14 Oct 2025, 05:41","14 Oct 2025, 07:21","","Bench Press (Barbell)",,"",0,"normal",135,15,,,
"PUSH","14 Oct 2025, 05:41","14 Oct 2025, 07:21","","Bench Press (Barbell)",,"",1,"normal",165,10,,,
"PUSH","14 Oct 2025, 05:41","14 Oct 2025, 07:21","","Bench Press (Barbell)",,"",2,"normal",175,6,,,
"PUSH","14 Oct 2025, 05:41","14 Oct 2025, 07:21","","Bench Press (Barbell)",,"",3,"normal",175,4,,,
"PUSH","14 Oct 2025, 05:41","14 Oct 2025, 07:21","","Incline Bench Press (Barbell)",,"",0,"warmup",45,12,,,
"PUSH","14 Oct 2025, 05:41","14 Oct 2025, 07:21","","Incline Bench Press (Barbell)",,"",1,"normal",115,12,,,
"PUSH","14 Oct 2025, 05:41","14 Oct 2025, 07:21","","Incline Bench Press (Barbell)",,"",2,"normal",125,12,,,
"PUSH","14 Oct 2025, 05:41","14 Oct 2025, 07:21","","Incline Bench Press (Barbell)",,"",3,"normal",135,9,,,
"PUSH","14 Oct 2025, 05:41","14 Oct 2025, 07:21","","Triceps Pushdown",,"",0,"normal",110,15,,,
"PUSH","14 Oct 2025, 05:41","14 Oct 2025, 07:21","","Triceps Pushdown",,"",1,"normal",120,10,,,
"PUSH","14 Oct 2025, 05:41","14 Oct 2025, 07:21","","Triceps Pushdown",,"",2,"normal",120,12,,,
"PUSH","14 Oct 2025, 05:41","14 Oct 2025, 07:21","","Cable Fly Crossovers",,"",0,"normal",40,8,,,
"PUSH","14 Oct 2025, 05:41","14 Oct 2025, 07:21","","Cable Fly Crossovers",,"",1,"normal",40,10,,,
"PUSH","14 Oct 2025, 05:41","14 Oct 2025, 07:21","","Single Arm Lateral Raise (Cable)",,"",0,"normal",30,15,,,
"PUSH","14 Oct 2025, 05:41","14 Oct 2025, 07:21","","Single Arm Lateral Raise (Cable)",,"",1,"normal",30,15,,,
"PUSH","14 Oct 2025, 05:41","14 Oct 2025, 07:21","","Single Arm Lateral Raise (Cable)",,"",2,"normal",30,15,,,
"PUSH","14 Oct 2025, 05:41","14 Oct 2025, 07:21","","Single Arm Triceps Pushdown (Cable)",,"",0,"normal",30,15,,,
"PUSH","14 Oct 2025, 05:41","14 Oct 2025, 07:21","","Single Arm Triceps Pushdown (Cable)",,"",1,"normal",40,12,,,
"PUSH","14 Oct 2025, 05:41","14 Oct 2025, 07:21","","Single Arm Triceps Pushdown (Cable)",,"",2,"normal",40,12,,,
"PUSH","14 Oct 2025, 05:41","14 Oct 2025, 07:21","","Shoulder Press (Dumbbell)",,"",0,"normal",80,15,,,
"PUSH","14 Oct 2025, 05:41","14 Oct 2025, 07:21","","Shoulder Press (Dumbbell)",,"",1,"normal",80,15,,,
"PUSH","14 Oct 2025, 05:41","14 Oct 2025, 07:21","","Shoulder Press (Dumbbell)",,"",2,"normal",90,12,,,
"PUSH","14 Oct 2025, 05:41","14 Oct 2025, 07:21","","Leg Raise Parallel Bars",,"",0,"normal",,15,,,
"PUSH","14 Oct 2025, 05:41","14 Oct 2025, 07:21","","Leg Raise Parallel Bars",,"",1,"normal",,15,,,
"PUSH","14 Oct 2025, 05:41","14 Oct 2025, 07:21","","Leg Raise Parallel Bars",,"",2,"normal",,15,,,
"leg","13 Oct 2025, 11:41","13 Oct 2025, 12:56","","Leg Press Horizontal (Machine)",,"",0,"normal",250,15,,,
"leg","13 Oct 2025, 11:41","13 Oct 2025, 12:56","","Leg Press Horizontal (Machine)",,"",1,"normal",250,12,,,
"leg","13 Oct 2025, 11:41","13 Oct 2025, 12:56","","Leg Press Horizontal (Machine)",,"",2,"normal",250,12,,,
"leg","13 Oct 2025, 11:41","13 Oct 2025, 12:56","","Leg Press Horizontal (Machine)",,"",3,"normal",260,8,,,
"leg","13 Oct 2025, 11:41","13 Oct 2025, 12:56","","Calf Press (Machine)",,"",0,"normal",220,15,,,
"leg","13 Oct 2025, 11:41","13 Oct 2025, 12:56","","Calf Press (Machine)",,"",1,"normal",240,15,,,
"leg","13 Oct 2025, 11:41","13 Oct 2025, 12:56","","Calf Press (Machine)",,"",2,"normal",250,15,,,
"leg","13 Oct 2025, 11:41","13 Oct 2025, 12:56","","Seated Leg Curl (Machine)",,"",0,"normal",140,15,,,
"leg","13 Oct 2025, 11:41","13 Oct 2025, 12:56","","Seated Leg Curl (Machine)",,"",1,"normal",150,15,,,
"leg","13 Oct 2025, 11:41","13 Oct 2025, 12:56","","Seated Leg Curl (Machine)",,"",2,"normal",160,15,,,
"leg","13 Oct 2025, 11:41","13 Oct 2025, 12:56","","Leg Extension (Machine)",,"",0,"normal",120,12,,,
"leg","13 Oct 2025, 11:41","13 Oct 2025, 12:56","","Leg Extension (Machine)",,"",1,"normal",120,12,,,
"leg","13 Oct 2025, 11:41","13 Oct 2025, 12:56","","Leg Extension (Machine)",,"",2,"normal",120,15,,,
"leg","13 Oct 2025, 11:41","13 Oct 2025, 12:56","","Leg Raise Parallel Bars",,"",0,"normal",,15,,,
"leg","13 Oct 2025, 11:41","13 Oct 2025, 12:56","","Leg Raise Parallel Bars",,"",1,"normal",,15,,,
"leg","13 Oct 2025, 11:41","13 Oct 2025, 12:56","","Leg Raise Parallel Bars",,"",2,"normal",,15,,,
"leg","13 Oct 2025, 11:41","13 Oct 2025, 12:56","","Stair Machine (Floors)",,"",0,"normal",,,,600,
"pull","12 Oct 2025, 12:10","12 Oct 2025, 13:19","","Pull Up (Assisted)",,"",0,"normal",50,8,,,
"pull","12 Oct 2025, 12:10","12 Oct 2025, 13:19","","Pull Up (Assisted)",,"",1,"normal",40,5,,,
"pull","12 Oct 2025, 12:10","12 Oct 2025, 13:19","","Pull Up (Assisted)",,"",2,"normal",40,5,,,
"pull","12 Oct 2025, 12:10","12 Oct 2025, 13:19","","Lat Pulldown (Cable)",,"",0,"normal",130,12,,,
"pull","12 Oct 2025, 12:10","12 Oct 2025, 13:19","","Lat Pulldown (Cable)",,"",1,"normal",130,12,,,
"pull","12 Oct 2025, 12:10","12 Oct 2025, 13:19","","Lat Pulldown (Cable)",,"",2,"normal",130,12,,,
"pull","12 Oct 2025, 12:10","12 Oct 2025, 13:19","","Preacher Curl (Barbell)",,"",0,"normal",40,12,,,
"pull","12 Oct 2025, 12:10","12 Oct 2025, 13:19","","Preacher Curl (Barbell)",,"",1,"normal",50,10,,,
"pull","12 Oct 2025, 12:10","12 Oct 2025, 13:19","","Preacher Curl (Barbell)",,"",2,"normal",55,10,,,
"pull","12 Oct 2025, 12:10","12 Oct 2025, 13:19","","Seated Cable Row - V Grip (Cable)",,"",0,"normal",120,15,,,
"pull","12 Oct 2025, 12:10","12 Oct 2025, 13:19","","Seated Cable Row - V Grip (Cable)",,"",1,"normal",130,12,,,
"pull","12 Oct 2025, 12:10","12 Oct 2025, 13:19","","Seated Cable Row - V Grip (Cable)",,"",2,"normal",130,12,,,
"pull","12 Oct 2025, 12:10","12 Oct 2025, 13:19","","Hammer Curl (Dumbbell)",,"",0,"normal",60,15,,,
"pull","12 Oct 2025, 12:10","12 Oct 2025, 13:19","","Hammer Curl (Dumbbell)",,"",1,"normal",60,15,,,
"pull","12 Oct 2025, 12:10","12 Oct 2025, 13:19","","Hammer Curl (Dumbbell)",,"",2,"normal",60,15,,,
"pull","12 Oct 2025, 12:10","12 Oct 2025, 13:19","","Leg Raise Parallel Bars",,"",0,"normal",,15,,,
"pull","12 Oct 2025, 12:10","12 Oct 2025, 13:19","","Leg Raise Parallel Bars",,"",1,"normal",,15,,,
"pull","12 Oct 2025, 12:10","12 Oct 2025, 13:19","","Leg Raise Parallel Bars",,"",2,"normal",,15,,,
"push","11 Oct 2025, 21:51","12 Oct 2025, 00:07","","Bench Press (Barbell)",,"",0,"warmup",95,12,,,
"push","11 Oct 2025, 21:51","12 Oct 2025, 00:07","","Bench Press (Barbell)",,"",1,"normal",135,12,,,
"push","11 Oct 2025, 21:51","12 Oct 2025, 00:07","","Bench Press (Barbell)",,"",2,"normal",155,8,,,
"push","11 Oct 2025, 21:51","12 Oct 2025, 00:07","","Bench Press (Barbell)",,"",3,"normal",165,7,,,
"push","11 Oct 2025, 21:51","12 Oct 2025, 00:07","","Bench Press (Barbell)",,"",4,"normal",175,4,,,
"push","11 Oct 2025, 21:51","12 Oct 2025, 00:07","","Triceps Rope Pushdown",,"",0,"normal",100,15,,,
"push","11 Oct 2025, 21:51","12 Oct 2025, 00:07","","Triceps Rope Pushdown",,"",1,"normal",100,15,,,
"push","11 Oct 2025, 21:51","12 Oct 2025, 00:07","","Triceps Rope Pushdown",,"",2,"normal",110,12,,,
"push","11 Oct 2025, 21:51","12 Oct 2025, 00:07","","Incline Bench Press (Barbell)",,"",0,"warmup",45,15,,,
"push","11 Oct 2025, 21:51","12 Oct 2025, 00:07","","Incline Bench Press (Barbell)",,"",1,"normal",95,12,,,
"push","11 Oct 2025, 21:51","12 Oct 2025, 00:07","","Incline Bench Press (Barbell)",,"",2,"normal",105,12,,,
"push","11 Oct 2025, 21:51","12 Oct 2025, 00:07","","Incline Bench Press (Barbell)",,"",3,"normal",115,12,,,
"push","11 Oct 2025, 21:51","12 Oct 2025, 00:07","","Incline Bench Press (Barbell)",,"",4,"normal",135,8,,,
"push","11 Oct 2025, 21:51","12 Oct 2025, 00:07","","Single Arm Lateral Raise (Cable)",,"",0,"normal",25,15,,,
"push","11 Oct 2025, 21:51","12 Oct 2025, 00:07","","Single Arm Lateral Raise (Cable)",,"",1,"normal",30,15,,,
"push","11 Oct 2025, 21:51","12 Oct 2025, 00:07","","Single Arm Lateral Raise (Cable)",,"",2,"normal",35,15,,,
"push","11 Oct 2025, 21:51","12 Oct 2025, 00:07","","Chest Fly (Machine)",,"",0,"normal",150,12,,,
"push","11 Oct 2025, 21:51","12 Oct 2025, 00:07","","Chest Fly (Machine)",,"",1,"normal",150,12,,,
"push","11 Oct 2025, 21:51","12 Oct 2025, 00:07","","Chest Fly (Machine)",,"",2,"normal",150,10,,,
"push","11 Oct 2025, 21:51","12 Oct 2025, 00:07","","Overhead Press (Barbell)",,"",0,"warmup",45,12,,,
"push","11 Oct 2025, 21:51","12 Oct 2025, 00:07","","Overhead Press (Barbell)",,"",1,"normal",65,12,,,
"push","11 Oct 2025, 21:51","12 Oct 2025, 00:07","","Overhead Press (Barbell)",,"",2,"normal",75,10,,,
"push","11 Oct 2025, 21:51","12 Oct 2025, 00:07","","Overhead Press (Barbell)",,"",3,"normal",75,10,,,
"push","11 Oct 2025, 21:51","12 Oct 2025, 00:07","","Triceps Pushdown",,"",0,"normal",110,15,,,
"push","11 Oct 2025, 21:51","12 Oct 2025, 00:07","","Triceps Pushdown",,"",1,"normal",110,14,,,
"push","11 Oct 2025, 21:51","12 Oct 2025, 00:07","","Triceps Pushdown",,"",2,"normal",110,15,,,
"push","11 Oct 2025, 21:51","12 Oct 2025, 00:07","","Leg Raise Parallel Bars",,"",0,"normal",,15,,,
"push","11 Oct 2025, 21:51","12 Oct 2025, 00:07","","Leg Raise Parallel Bars",,"",1,"normal",,15,,,
"push","11 Oct 2025, 21:51","12 Oct 2025, 00:07","","Leg Raise Parallel Bars",,"",2,"normal",,15,,,
"push","11 Oct 2025, 21:51","12 Oct 2025, 00:07","","Crunch (Weighted)",0,"",0,"normal",25,12,,,
"push","11 Oct 2025, 21:51","12 Oct 2025, 00:07","","Crunch (Weighted)",0,"",1,"normal",25,12,,,
"push","11 Oct 2025, 21:51","12 Oct 2025, 00:07","","Crunch (Weighted)",0,"",2,"normal",25,12,,,
"push","11 Oct 2025, 21:51","12 Oct 2025, 00:07","","Russian Twist (Weighted)",0,"",0,"normal",25,12,,,
"push","11 Oct 2025, 21:51","12 Oct 2025, 00:07","","Russian Twist (Weighted)",0,"",1,"normal",25,12,,,
"push","11 Oct 2025, 21:51","12 Oct 2025, 00:07","","Russian Twist (Weighted)",0,"",2,"normal",25,12,,,
"push","11 Oct 2025, 21:51","12 Oct 2025, 00:07","","Lying Leg Raise",0,"",0,"normal",,12,,,
"push","11 Oct 2025, 21:51","12 Oct 2025, 00:07","","Lying Leg Raise",0,"",1,"normal",,12,,,
"push","11 Oct 2025, 21:51","12 Oct 2025, 00:07","","Lying Leg Raise",0,"",2,"normal",,12,,,
"push","11 Oct 2025, 21:51","12 Oct 2025, 00:07","","Reverse Crunch",0,"",0,"normal",,12,,,
"push","11 Oct 2025, 21:51","12 Oct 2025, 00:07","","Reverse Crunch",0,"",1,"normal",,12,,,
"push","11 Oct 2025, 21:51","12 Oct 2025, 00:07","","Reverse Crunch",0,"",2,"normal",,12,,,
"leg 💔","10 Oct 2025, 16:51","10 Oct 2025, 18:17","","Leg Press Horizontal (Machine)",,"",0,"normal",200,12,,,
"leg 💔","10 Oct 2025, 16:51","10 Oct 2025, 18:17","","Leg Press Horizontal (Machine)",,"",1,"normal",220,15,,,
"leg 💔","10 Oct 2025, 16:51","10 Oct 2025, 18:17","","Leg Press Horizontal (Machine)",,"",2,"normal",240,10,,,
"leg 💔","10 Oct 2025, 16:51","10 Oct 2025, 18:17","","Leg Press Horizontal (Machine)",,"",3,"normal",260,6,,,
"leg 💔","10 Oct 2025, 16:51","10 Oct 2025, 18:17","","Leg Extension (Machine)",,"",0,"normal",100,15,,,
"leg 💔","10 Oct 2025, 16:51","10 Oct 2025, 18:17","","Leg Extension (Machine)",,"",1,"normal",110,12,,,
"leg 💔","10 Oct 2025, 16:51","10 Oct 2025, 18:17","","Leg Extension (Machine)",,"",2,"normal",120,12,,,
"leg 💔","10 Oct 2025, 16:51","10 Oct 2025, 18:17","","Leg Extension (Machine)",,"",3,"normal",130,12,,,
"leg 💔","10 Oct 2025, 16:51","10 Oct 2025, 18:17","","Seated Leg Curl (Machine)",,"",0,"normal",100,15,,,
"leg 💔","10 Oct 2025, 16:51","10 Oct 2025, 18:17","","Seated Leg Curl (Machine)",,"",1,"normal",130,15,,,
"leg 💔","10 Oct 2025, 16:51","10 Oct 2025, 18:17","","Seated Leg Curl (Machine)",,"",2,"normal",140,15,,,
"leg 💔","10 Oct 2025, 16:51","10 Oct 2025, 18:17","","Bicep Curl (Dumbbell)",,"",0,"normal",60,12,,,
"leg 💔","10 Oct 2025, 16:51","10 Oct 2025, 18:17","","Romanian Deadlift (Dumbbell)",,"",0,"normal",60,6,,,
"leg 💔","10 Oct 2025, 16:51","10 Oct 2025, 18:17","","Pull Up (Assisted)",,"",0,"normal",80,10,,,
"leg 💔","10 Oct 2025, 16:51","10 Oct 2025, 18:17","","Pull Up (Assisted)",,"",1,"normal",70,7,,,
"leg 💔","10 Oct 2025, 16:51","10 Oct 2025, 18:17","","Pull Up (Assisted)",,"",2,"normal",60,5,,,
"leg 💔","10 Oct 2025, 16:51","10 Oct 2025, 18:17","","Leg Raise Parallel Bars",,"",0,"normal",,15,,,
"leg 💔","10 Oct 2025, 16:51","10 Oct 2025, 18:17","","Leg Raise Parallel Bars",,"",1,"normal",,15,,,
"leg 💔","10 Oct 2025, 16:51","10 Oct 2025, 18:17","","Leg Raise Parallel Bars",,"",2,"normal",,15,,,
"leg 💔","10 Oct 2025, 16:51","10 Oct 2025, 18:17","","Shoulder Press (Dumbbell)",,"",0,"normal",70,15,,,
"leg 💔","10 Oct 2025, 16:51","10 Oct 2025, 18:17","","Shoulder Press (Dumbbell)",,"",1,"normal",80,15,,,
"leg 💔","10 Oct 2025, 16:51","10 Oct 2025, 18:17","","Shoulder Press (Dumbbell)",,"",2,"normal",80,15,,,
"leg 💔","10 Oct 2025, 16:51","10 Oct 2025, 18:17","","Crunch (Weighted)",0,"",0,"normal",10,12,,,
"leg 💔","10 Oct 2025, 16:51","10 Oct 2025, 18:17","","Crunch (Weighted)",0,"",1,"normal",10,12,,,
"leg 💔","10 Oct 2025, 16:51","10 Oct 2025, 18:17","","Crunch (Weighted)",0,"",2,"normal",10,12,,,
"leg 💔","10 Oct 2025, 16:51","10 Oct 2025, 18:17","","Russian Twist (Weighted)",0,"",0,"normal",10,12,,,
"leg 💔","10 Oct 2025, 16:51","10 Oct 2025, 18:17","","Russian Twist (Weighted)",0,"",1,"normal",10,12,,,
"leg 💔","10 Oct 2025, 16:51","10 Oct 2025, 18:17","","Russian Twist (Weighted)",0,"",2,"normal",10,12,,,
"leg 💔","10 Oct 2025, 16:51","10 Oct 2025, 18:17","","Lying Leg Raise",0,"",0,"normal",,12,,,
"leg 💔","10 Oct 2025, 16:51","10 Oct 2025, 18:17","","Lying Leg Raise",0,"",1,"normal",,12,,,
"leg 💔","10 Oct 2025, 16:51","10 Oct 2025, 18:17","","Lying Leg Raise",0,"",2,"normal",,12,,,
"leg 💔","10 Oct 2025, 16:51","10 Oct 2025, 18:17","","Reverse Crunch",0,"",0,"normal",,12,,,
"leg 💔","10 Oct 2025, 16:51","10 Oct 2025, 18:17","","Reverse Crunch",0,"",1,"normal",,12,,,
"leg 💔","10 Oct 2025, 16:51","10 Oct 2025, 18:17","","Reverse Crunch",0,"",2,"normal",,12,,,
"PUSHAB","8 Oct 2025, 22:37","9 Oct 2025, 00:18","the macros of a rotisserie chicken is amazing","Bench Press (Barbell)",,"",0,"warmup",95,12,,,
"PUSHAB","8 Oct 2025, 22:37","9 Oct 2025, 00:18","the macros of a rotisserie chicken is amazing","Bench Press (Barbell)",,"",1,"normal",135,12,,,
"PUSHAB","8 Oct 2025, 22:37","9 Oct 2025, 00:18","the macros of a rotisserie chicken is amazing","Bench Press (Barbell)",,"",2,"normal",135,12,,,
"PUSHAB","8 Oct 2025, 22:37","9 Oct 2025, 00:18","the macros of a rotisserie chicken is amazing","Bench Press (Barbell)",,"",3,"normal",155,8,,,
"PUSHAB","8 Oct 2025, 22:37","9 Oct 2025, 00:18","the macros of a rotisserie chicken is amazing","Bench Press (Barbell)",,"",4,"normal",165,4,,,
"PUSHAB","8 Oct 2025, 22:37","9 Oct 2025, 00:18","the macros of a rotisserie chicken is amazing","Triceps Rope Pushdown",0,"",0,"normal",80,15,,,
"PUSHAB","8 Oct 2025, 22:37","9 Oct 2025, 00:18","the macros of a rotisserie chicken is amazing","Triceps Rope Pushdown",0,"",1,"normal",100,13,,,
"PUSHAB","8 Oct 2025, 22:37","9 Oct 2025, 00:18","the macros of a rotisserie chicken is amazing","Triceps Rope Pushdown",0,"",2,"normal",100,13,,,
"PUSHAB","8 Oct 2025, 22:37","9 Oct 2025, 00:18","the macros of a rotisserie chicken is amazing","Single Arm Lateral Raise (Cable)",0,"",0,"normal",20,15,,,
"PUSHAB","8 Oct 2025, 22:37","9 Oct 2025, 00:18","the macros of a rotisserie chicken is amazing","Single Arm Lateral Raise (Cable)",0,"",1,"normal",25,12,,,
"PUSHAB","8 Oct 2025, 22:37","9 Oct 2025, 00:18","the macros of a rotisserie chicken is amazing","Single Arm Lateral Raise (Cable)",0,"",2,"normal",25,15,,,
"PUSHAB","8 Oct 2025, 22:37","9 Oct 2025, 00:18","the macros of a rotisserie chicken is amazing","Chest Fly (Machine)",,"",0,"normal",130,15,,,
"PUSHAB","8 Oct 2025, 22:37","9 Oct 2025, 00:18","the macros of a rotisserie chicken is amazing","Chest Fly (Machine)",,"",1,"normal",140,15,,,
"PUSHAB","8 Oct 2025, 22:37","9 Oct 2025, 00:18","the macros of a rotisserie chicken is amazing","Chest Fly (Machine)",,"",2,"normal",150,10,,,
"PUSHAB","8 Oct 2025, 22:37","9 Oct 2025, 00:18","the macros of a rotisserie chicken is amazing","Triceps Pushdown",,"",0,"normal",100,15,,,
"PUSHAB","8 Oct 2025, 22:37","9 Oct 2025, 00:18","the macros of a rotisserie chicken is amazing","Triceps Pushdown",,"",1,"normal",120,12,,,
"PUSHAB","8 Oct 2025, 22:37","9 Oct 2025, 00:18","the macros of a rotisserie chicken is amazing","Triceps Pushdown",,"",2,"normal",120,12,,,
"PUSHAB","8 Oct 2025, 22:37","9 Oct 2025, 00:18","the macros of a rotisserie chicken is amazing","Incline Bench Press (Dumbbell)",,"",0,"normal",100,12,,,
"PUSHAB","8 Oct 2025, 22:37","9 Oct 2025, 00:18","the macros of a rotisserie chicken is amazing","Incline Bench Press (Dumbbell)",,"",1,"normal",100,12,,,
"PUSHAB","8 Oct 2025, 22:37","9 Oct 2025, 00:18","the macros of a rotisserie chicken is amazing","Incline Bench Press (Dumbbell)",,"",2,"normal",100,12,,,
"PUSHAB","8 Oct 2025, 22:37","9 Oct 2025, 00:18","the macros of a rotisserie chicken is amazing","Leg Raise Parallel Bars",,"",0,"normal",,15,,,
"PUSHAB","8 Oct 2025, 22:37","9 Oct 2025, 00:18","the macros of a rotisserie chicken is amazing","Leg Raise Parallel Bars",,"",1,"normal",,15,,,
"PUSHAB","8 Oct 2025, 22:37","9 Oct 2025, 00:18","the macros of a rotisserie chicken is amazing","Leg Raise Parallel Bars",,"",2,"normal",,15,,,
"PUSHAB","8 Oct 2025, 22:37","9 Oct 2025, 00:18","the macros of a rotisserie chicken is amazing","Pull Up (Assisted)",,"",0,"normal",100,12,,,
"PUSHAB","8 Oct 2025, 22:37","9 Oct 2025, 00:18","the macros of a rotisserie chicken is amazing","Pull Up (Assisted)",,"",1,"normal",90,10,,,
"PUSHAB","8 Oct 2025, 22:37","9 Oct 2025, 00:18","the macros of a rotisserie chicken is amazing","Crunch (Weighted)",1,"",0,"normal",10,12,,,
"PUSHAB","8 Oct 2025, 22:37","9 Oct 2025, 00:18","the macros of a rotisserie chicken is amazing","Crunch (Weighted)",1,"",1,"normal",10,12,,,
"PUSHAB","8 Oct 2025, 22:37","9 Oct 2025, 00:18","the macros of a rotisserie chicken is amazing","Crunch (Weighted)",1,"",2,"normal",10,12,,,
"PUSHAB","8 Oct 2025, 22:37","9 Oct 2025, 00:18","the macros of a rotisserie chicken is amazing","Lying Leg Raise",1,"",0,"normal",,12,,,
"PUSHAB","8 Oct 2025, 22:37","9 Oct 2025, 00:18","the macros of a rotisserie chicken is amazing","Lying Leg Raise",1,"",1,"normal",,12,,,
"PUSHAB","8 Oct 2025, 22:37","9 Oct 2025, 00:18","the macros of a rotisserie chicken is amazing","Lying Leg Raise",1,"",2,"normal",,12,,,
"PUSHAB","8 Oct 2025, 22:37","9 Oct 2025, 00:18","the macros of a rotisserie chicken is amazing","Reverse Crunch",1,"",0,"normal",,12,,,
"PUSHAB","8 Oct 2025, 22:37","9 Oct 2025, 00:18","the macros of a rotisserie chicken is amazing","Reverse Crunch",1,"",1,"normal",,12,,,
"PUSHAB","8 Oct 2025, 22:37","9 Oct 2025, 00:18","the macros of a rotisserie chicken is amazing","Reverse Crunch",1,"",2,"normal",,12,,,
"PUSHAB","8 Oct 2025, 22:37","9 Oct 2025, 00:18","the macros of a rotisserie chicken is amazing","Russian Twist (Weighted)",1,"",0,"normal",10,12,,,
"PUSHAB","8 Oct 2025, 22:37","9 Oct 2025, 00:18","the macros of a rotisserie chicken is amazing","Russian Twist (Weighted)",1,"",1,"normal",10,12,,,
"PUSHAB","8 Oct 2025, 22:37","9 Oct 2025, 00:18","the macros of a rotisserie chicken is amazing","Russian Twist (Weighted)",1,"",2,"normal",10,12,,,
"PULLAB","6 Oct 2025, 20:42","6 Oct 2025, 22:39","","Lat Pulldown (Cable)",,"",0,"normal",130,15,,,
"PULLAB","6 Oct 2025, 20:42","6 Oct 2025, 22:39","","Lat Pulldown (Cable)",,"",1,"normal",140,10,,,
"PULLAB","6 Oct 2025, 20:42","6 Oct 2025, 22:39","","Lat Pulldown (Cable)",,"",2,"normal",140,10,,,
"PULLAB","6 Oct 2025, 20:42","6 Oct 2025, 22:39","","EZ Bar Biceps Curl",0,"",0,"normal",50,15,,,
"PULLAB","6 Oct 2025, 20:42","6 Oct 2025, 22:39","","EZ Bar Biceps Curl",0,"",1,"normal",50,15,,,
"PULLAB","6 Oct 2025, 20:42","6 Oct 2025, 22:39","","EZ Bar Biceps Curl",0,"",2,"normal",50,15,,,
"PULLAB","6 Oct 2025, 20:42","6 Oct 2025, 22:39","","Seated Cable Row - V Grip (Cable)",0,"",0,"normal",110,15,,,
"PULLAB","6 Oct 2025, 20:42","6 Oct 2025, 22:39","","Seated Cable Row - V Grip (Cable)",0,"",1,"normal",110,15,,,
"PULLAB","6 Oct 2025, 20:42","6 Oct 2025, 22:39","","Seated Cable Row - V Grip (Cable)",0,"",2,"normal",120,15,,,
"PULLAB","6 Oct 2025, 20:42","6 Oct 2025, 22:39","","Rear Delt Reverse Fly (Machine)",,"",0,"normal",50,15,,,
"PULLAB","6 Oct 2025, 20:42","6 Oct 2025, 22:39","","Rear Delt Reverse Fly (Machine)",,"",1,"normal",70,8,,,
"PULLAB","6 Oct 2025, 20:42","6 Oct 2025, 22:39","","Seated Incline Curl (Dumbbell)",,"",0,"normal",30,15,,,
"PULLAB","6 Oct 2025, 20:42","6 Oct 2025, 22:39","","Seated Incline Curl (Dumbbell)",,"",1,"normal",40,15,,,
"PULLAB","6 Oct 2025, 20:42","6 Oct 2025, 22:39","","Seated Incline Curl (Dumbbell)",,"",2,"normal",40,12,,,
"PULLAB","6 Oct 2025, 20:42","6 Oct 2025, 22:39","","Single Arm Lateral Raise (Cable)",,"",0,"normal",20,15,,,
"PULLAB","6 Oct 2025, 20:42","6 Oct 2025, 22:39","","Single Arm Lateral Raise (Cable)",,"",1,"normal",25,15,,,
"PULLAB","6 Oct 2025, 20:42","6 Oct 2025, 22:39","","Single Arm Lateral Raise (Cable)",,"",2,"normal",25,15,,,
"PULLAB","6 Oct 2025, 20:42","6 Oct 2025, 22:39","","Bent Over Row (Dumbbell)",,"",0,"normal",60,15,,,
"PULLAB","6 Oct 2025, 20:42","6 Oct 2025, 22:39","","Hammer Curl (Dumbbell)",,"",0,"normal",50,15,,,
"PULLAB","6 Oct 2025, 20:42","6 Oct 2025, 22:39","","Hammer Curl (Dumbbell)",,"",1,"normal",60,14,,,
"PULLAB","6 Oct 2025, 20:42","6 Oct 2025, 22:39","","Hammer Curl (Dumbbell)",,"",2,"normal",60,15,,,
"PULLAB","6 Oct 2025, 20:42","6 Oct 2025, 22:39","","Shrug (Dumbbell)",1,"",0,"normal",100,15,,,
"PULLAB","6 Oct 2025, 20:42","6 Oct 2025, 22:39","","Shrug (Dumbbell)",1,"",1,"normal",130,15,,,
"PULLAB","6 Oct 2025, 20:42","6 Oct 2025, 22:39","","Shrug (Dumbbell)",1,"",2,"normal",130,15,,,
"PULLAB","6 Oct 2025, 20:42","6 Oct 2025, 22:39","","Preacher Curl (Barbell)",1,"",0,"warmup",20,15,,,
"PULLAB","6 Oct 2025, 20:42","6 Oct 2025, 22:39","","Preacher Curl (Barbell)",1,"",1,"normal",40,14,,,
"PULLAB","6 Oct 2025, 20:42","6 Oct 2025, 22:39","","Preacher Curl (Barbell)",1,"",2,"normal",40,13,,,
"PULLAB","6 Oct 2025, 20:42","6 Oct 2025, 22:39","","Hanging Leg Raise",,"",0,"normal",,5,,,
"PULLAB","6 Oct 2025, 20:42","6 Oct 2025, 22:39","","Leg Raise Parallel Bars",,"",0,"normal",,15,,,
"PULLAB","6 Oct 2025, 20:42","6 Oct 2025, 22:39","","Leg Raise Parallel Bars",,"",1,"normal",,15,,,
"PULLAB","6 Oct 2025, 20:42","6 Oct 2025, 22:39","","Leg Raise Parallel Bars",,"",2,"normal",,15,,,
"PULLAB","6 Oct 2025, 20:42","6 Oct 2025, 22:39","","Ab Wheel",,"",0,"normal",,7,,,
"PULLAB","6 Oct 2025, 20:42","6 Oct 2025, 22:39","","Crunch (Weighted)",2,"",0,"normal",10,10,,,
"PULLAB","6 Oct 2025, 20:42","6 Oct 2025, 22:39","","Crunch (Weighted)",2,"",1,"normal",10,12,,,
"PULLAB","6 Oct 2025, 20:42","6 Oct 2025, 22:39","","Crunch (Weighted)",2,"",2,"normal",10,15,,,
"PULLAB","6 Oct 2025, 20:42","6 Oct 2025, 22:39","","Reverse Crunch",2,"",0,"normal",,15,,,
"PULLAB","6 Oct 2025, 20:42","6 Oct 2025, 22:39","","Reverse Crunch",2,"",1,"normal",,20,,,
"PULLAB","6 Oct 2025, 20:42","6 Oct 2025, 22:39","","Reverse Crunch",2,"",2,"normal",,20,,,
"PULLAB","6 Oct 2025, 20:42","6 Oct 2025, 22:39","","Heel Taps",2,"",0,"normal",,30,,,
"PULLAB","6 Oct 2025, 20:42","6 Oct 2025, 22:39","","Heel Taps",2,"",1,"normal",,30,,,
"PULLAB","6 Oct 2025, 20:42","6 Oct 2025, 22:39","","Heel Taps",2,"",2,"normal",,30,,,
"PUSHAB","2 Oct 2025, 20:54","2 Oct 2025, 22:30","gym only had 3 people lowkey goated","Bench Press (Barbell)",,"",0,"warmup",95,15,,,
"PUSHAB","2 Oct 2025, 20:54","2 Oct 2025, 22:30","gym only had 3 people lowkey goated","Bench Press (Barbell)",,"",1,"normal",135,12,,,
"PUSHAB","2 Oct 2025, 20:54","2 Oct 2025, 22:30","gym only had 3 people lowkey goated","Bench Press (Barbell)",,"",2,"normal",135,10,,,
"PUSHAB","2 Oct 2025, 20:54","2 Oct 2025, 22:30","gym only had 3 people lowkey goated","Bench Press (Barbell)",,"",3,"normal",135,12,,,
"PUSHAB","2 Oct 2025, 20:54","2 Oct 2025, 22:30","gym only had 3 people lowkey goated","Triceps Rope Pushdown",,"",0,"normal",45,15,,,
"PUSHAB","2 Oct 2025, 20:54","2 Oct 2025, 22:30","gym only had 3 people lowkey goated","Triceps Rope Pushdown",,"",1,"normal",70,15,,,
"PUSHAB","2 Oct 2025, 20:54","2 Oct 2025, 22:30","gym only had 3 people lowkey goated","Triceps Rope Pushdown",,"",2,"normal",80,15,,,
"PUSHAB","2 Oct 2025, 20:54","2 Oct 2025, 22:30","gym only had 3 people lowkey goated","Incline Bench Press (Dumbbell)",,"",0,"normal",90,15,,,
"PUSHAB","2 Oct 2025, 20:54","2 Oct 2025, 22:30","gym only had 3 people lowkey goated","Incline Bench Press (Dumbbell)",,"",1,"normal",100,12,,,
"PUSHAB","2 Oct 2025, 20:54","2 Oct 2025, 22:30","gym only had 3 people lowkey goated","Incline Bench Press (Dumbbell)",,"",2,"normal",100,12,,,
"PUSHAB","2 Oct 2025, 20:54","2 Oct 2025, 22:30","gym only had 3 people lowkey goated","Single Arm Lateral Raise (Cable)",,"",0,"normal",20,15,,,
"PUSHAB","2 Oct 2025, 20:54","2 Oct 2025, 22:30","gym only had 3 people lowkey goated","Single Arm Lateral Raise (Cable)",,"",1,"normal",20,15,,,
"PUSHAB","2 Oct 2025, 20:54","2 Oct 2025, 22:30","gym only had 3 people lowkey goated","Single Arm Lateral Raise (Cable)",,"",2,"normal",25,12,,,
"PUSHAB","2 Oct 2025, 20:54","2 Oct 2025, 22:30","gym only had 3 people lowkey goated","Chest Fly (Machine)",,"",0,"normal",120,15,,,
"PUSHAB","2 Oct 2025, 20:54","2 Oct 2025, 22:30","gym only had 3 people lowkey goated","Chest Fly (Machine)",,"",1,"normal",130,15,,,
"PUSHAB","2 Oct 2025, 20:54","2 Oct 2025, 22:30","gym only had 3 people lowkey goated","Chest Fly (Machine)",,"",2,"normal",130,15,,,
"PUSHAB","2 Oct 2025, 20:54","2 Oct 2025, 22:30","gym only had 3 people lowkey goated","Triceps Pushdown",,"",0,"normal",80,15,,,
"PUSHAB","2 Oct 2025, 20:54","2 Oct 2025, 22:30","gym only had 3 people lowkey goated","Triceps Pushdown",,"",1,"normal",100,12,,,
"PUSHAB","2 Oct 2025, 20:54","2 Oct 2025, 22:30","gym only had 3 people lowkey goated","Triceps Pushdown",,"",2,"normal",100,12,,,
"PUSHAB","2 Oct 2025, 20:54","2 Oct 2025, 22:30","gym only had 3 people lowkey goated","Crunch (Weighted)",0,"",0,"normal",20,15,,,
"PUSHAB","2 Oct 2025, 20:54","2 Oct 2025, 22:30","gym only had 3 people lowkey goated","Crunch (Weighted)",0,"",1,"normal",20,8,,,
"PUSHAB","2 Oct 2025, 20:54","2 Oct 2025, 22:30","gym only had 3 people lowkey goated","Crunch (Weighted)",0,"",2,"normal",20,12,,,
"PUSHAB","2 Oct 2025, 20:54","2 Oct 2025, 22:30","gym only had 3 people lowkey goated","Reverse Crunch",0,"",0,"normal",,20,,,
"PUSHAB","2 Oct 2025, 20:54","2 Oct 2025, 22:30","gym only had 3 people lowkey goated","Reverse Crunch",0,"",1,"normal",,15,,,
"PUSHAB","2 Oct 2025, 20:54","2 Oct 2025, 22:30","gym only had 3 people lowkey goated","Reverse Crunch",0,"",2,"normal",,20,,,
"PUSHAB","2 Oct 2025, 20:54","2 Oct 2025, 22:30","gym only had 3 people lowkey goated","Russian Twist (Weighted)",0,"",0,"normal",25,15,,,
"PUSHAB","2 Oct 2025, 20:54","2 Oct 2025, 22:30","gym only had 3 people lowkey goated","Russian Twist (Weighted)",0,"",1,"normal",25,15,,,
"PUSHAB","2 Oct 2025, 20:54","2 Oct 2025, 22:30","gym only had 3 people lowkey goated","Russian Twist (Weighted)",0,"",2,"normal",25,20,,,
"PUSHAB","2 Oct 2025, 20:54","2 Oct 2025, 22:30","gym only had 3 people lowkey goated","Lying Leg Raise",0,"",0,"normal",,15,,,
"PUSHAB","2 Oct 2025, 20:54","2 Oct 2025, 22:30","gym only had 3 people lowkey goated","Lying Leg Raise",0,"",1,"normal",,20,,,
"PUSHAB","2 Oct 2025, 20:54","2 Oct 2025, 22:30","gym only had 3 people lowkey goated","Lying Leg Raise",0,"",2,"normal",,20,,,
"PULL","1 Oct 2025, 17:37","1 Oct 2025, 19:07","NEW GYM","Lat Pulldown (Cable)",,"",0,"warmup",80,15,,,
"PULL","1 Oct 2025, 17:37","1 Oct 2025, 19:07","NEW GYM","Lat Pulldown (Cable)",,"",1,"normal",110,15,,,
"PULL","1 Oct 2025, 17:37","1 Oct 2025, 19:07","NEW GYM","Lat Pulldown (Cable)",,"",2,"normal",130,12,,,
"PULL","1 Oct 2025, 17:37","1 Oct 2025, 19:07","NEW GYM","Lat Pulldown (Cable)",,"",3,"normal",130,12,,,
"PULL","1 Oct 2025, 17:37","1 Oct 2025, 19:07","NEW GYM","Preacher Curl (Barbell)",,"",0,"warmup",20,12,,,
"PULL","1 Oct 2025, 17:37","1 Oct 2025, 19:07","NEW GYM","Preacher Curl (Barbell)",,"",1,"normal",30,15,,,
"PULL","1 Oct 2025, 17:37","1 Oct 2025, 19:07","NEW GYM","Preacher Curl (Barbell)",,"",2,"normal",40,12,,,
"PULL","1 Oct 2025, 17:37","1 Oct 2025, 19:07","NEW GYM","Preacher Curl (Barbell)",,"",3,"normal",40,15,,,
"PULL","1 Oct 2025, 17:37","1 Oct 2025, 19:07","NEW GYM","Seated Cable Row - V Grip (Cable)",,"",0,"normal",100,15,,,
"PULL","1 Oct 2025, 17:37","1 Oct 2025, 19:07","NEW GYM","Seated Cable Row - V Grip (Cable)",,"",1,"normal",120,12,,,
"PULL","1 Oct 2025, 17:37","1 Oct 2025, 19:07","NEW GYM","Seated Cable Row - V Grip (Cable)",,"",2,"normal",120,14,,,
"PULL","1 Oct 2025, 17:37","1 Oct 2025, 19:07","NEW GYM","Hammer Curl (Dumbbell)",,"",0,"warmup",40,15,,,
"PULL","1 Oct 2025, 17:37","1 Oct 2025, 19:07","NEW GYM","Hammer Curl (Dumbbell)",,"",1,"normal",60,9,,,
"PULL","1 Oct 2025, 17:37","1 Oct 2025, 19:07","NEW GYM","Hammer Curl (Dumbbell)",,"",2,"normal",60,12,,,
"PULL","1 Oct 2025, 17:37","1 Oct 2025, 19:07","NEW GYM","Single Arm Lateral Raise (Cable)",,"",0,"normal",15,15,,,
"PULL","1 Oct 2025, 17:37","1 Oct 2025, 19:07","NEW GYM","Single Arm Lateral Raise (Cable)",,"",1,"normal",20,15,,,
"PULL","1 Oct 2025, 17:37","1 Oct 2025, 19:07","NEW GYM","Single Arm Lateral Raise (Cable)",,"",2,"normal",20,15,,,
"PULL","1 Oct 2025, 17:37","1 Oct 2025, 19:07","NEW GYM","Shrug (Barbell)",,"",0,"normal",90,15,,,
"PULL","1 Oct 2025, 17:37","1 Oct 2025, 19:07","NEW GYM","Shrug (Barbell)",,"",1,"normal",100,15,,,
"PULL","1 Oct 2025, 17:37","1 Oct 2025, 19:07","NEW GYM","Reverse Curl (Barbell)",,"",0,"normal",50,15,,,
"PULL","1 Oct 2025, 17:37","1 Oct 2025, 19:07","NEW GYM","Reverse Curl (Barbell)",,"",1,"normal",60,15,,,
"PULL","1 Oct 2025, 17:37","1 Oct 2025, 19:07","NEW GYM","Seated Incline Curl (Dumbbell)",,"",0,"normal",30,12,,,
"PULL","1 Oct 2025, 17:37","1 Oct 2025, 19:07","NEW GYM","Seated Incline Curl (Dumbbell)",,"",1,"normal",30,12,,,
"PULL","1 Oct 2025, 17:37","1 Oct 2025, 19:07","NEW GYM","Seated Incline Curl (Dumbbell)",,"",2,"normal",40,8,,,
"PULL","1 Oct 2025, 17:37","1 Oct 2025, 19:07","NEW GYM","Rear Delt Reverse Fly (Machine)",,"",0,"normal",45,12,,,
"PULL","1 Oct 2025, 17:37","1 Oct 2025, 19:07","NEW GYM","Rear Delt Reverse Fly (Machine)",,"",1,"normal",50,12,,,
"PULL","1 Oct 2025, 17:37","1 Oct 2025, 19:07","NEW GYM","Stair Machine (Floors)",,"",0,"normal",,,,300,
"PUSH","26 Sep 2025, 14:06","26 Sep 2025, 15:22","last push day at the apartment💔","Chest Press (Machine)",0,"",0,"normal",150,15,,,
"PUSH","26 Sep 2025, 14:06","26 Sep 2025, 15:22","last push day at the apartment💔","Chest Press (Machine)",0,"",1,"normal",150,15,,,
"PUSH","26 Sep 2025, 14:06","26 Sep 2025, 15:22","last push day at the apartment💔","Chest Press (Machine)",0,"",2,"normal",150,15,,,
"PUSH","26 Sep 2025, 14:06","26 Sep 2025, 15:22","last push day at the apartment💔","Triceps Pushdown",0,"",0,"normal",60,15,,,
"PUSH","26 Sep 2025, 14:06","26 Sep 2025, 15:22","last push day at the apartment💔","Triceps Pushdown",0,"",1,"normal",70,15,,,
"PUSH","26 Sep 2025, 14:06","26 Sep 2025, 15:22","last push day at the apartment💔","Triceps Pushdown",0,"",2,"normal",60,15,,,
"PUSH","26 Sep 2025, 14:06","26 Sep 2025, 15:22","last push day at the apartment💔","Front Raise (Cable)",1,"",0,"normal",40,15,,,
"PUSH","26 Sep 2025, 14:06","26 Sep 2025, 15:22","last push day at the apartment💔","Front Raise (Cable)",1,"",1,"normal",40,15,,,
"PUSH","26 Sep 2025, 14:06","26 Sep 2025, 15:22","last push day at the apartment💔","Front Raise (Cable)",1,"",2,"normal",40,15,,,
"PUSH","26 Sep 2025, 14:06","26 Sep 2025, 15:22","last push day at the apartment💔","Incline Chest Press (Machine)",1,"",0,"normal",130,12,,,
"PUSH","26 Sep 2025, 14:06","26 Sep 2025, 15:22","last push day at the apartment💔","Incline Chest Press (Machine)",1,"",1,"normal",130,15,,,
"PUSH","26 Sep 2025, 14:06","26 Sep 2025, 15:22","last push day at the apartment💔","Incline Chest Press (Machine)",1,"",2,"normal",130,15,,,
"PUSH","26 Sep 2025, 14:06","26 Sep 2025, 15:22","last push day at the apartment💔","Decline Bench Press (Machine)",2,"",0,"normal",150,15,,,
"PUSH","26 Sep 2025, 14:06","26 Sep 2025, 15:22","last push day at the apartment💔","Decline Bench Press (Machine)",2,"",1,"normal",150,15,,,
"PUSH","26 Sep 2025, 14:06","26 Sep 2025, 15:22","last push day at the apartment💔","Decline Bench Press (Machine)",2,"",2,"normal",150,14,,,
"PUSH","26 Sep 2025, 14:06","26 Sep 2025, 15:22","last push day at the apartment💔","Decline Bench Press (Machine)",2,"",3,"normal",110,5,,,
"PUSH","26 Sep 2025, 14:06","26 Sep 2025, 15:22","last push day at the apartment💔","Seated Shoulder Press (Machine)",2,"",0,"normal",100,15,,,
"PUSH","26 Sep 2025, 14:06","26 Sep 2025, 15:22","last push day at the apartment💔","Seated Shoulder Press (Machine)",2,"",1,"normal",100,15,,,
"PUSH","26 Sep 2025, 14:06","26 Sep 2025, 15:22","last push day at the apartment💔","Seated Shoulder Press (Machine)",2,"",2,"normal",100,15,,,
"PULL","25 Sep 2025, 17:35","25 Sep 2025, 18:37","last pull day at the apartment 💔","Lat Pulldown (Cable)",0,"",0,"normal",120,15,,,
"PULL","25 Sep 2025, 17:35","25 Sep 2025, 18:37","last pull day at the apartment 💔","Lat Pulldown (Cable)",0,"",1,"normal",120,15,,,
"PULL","25 Sep 2025, 17:35","25 Sep 2025, 18:37","last pull day at the apartment 💔","Lat Pulldown (Cable)",0,"",2,"normal",120,15,,,
"PULL","25 Sep 2025, 17:35","25 Sep 2025, 18:37","last pull day at the apartment 💔","Bicep Curl (Cable)",0,"",0,"normal",60,15,,,
"PULL","25 Sep 2025, 17:35","25 Sep 2025, 18:37","last pull day at the apartment 💔","Bicep Curl (Cable)",0,"",1,"normal",60,15,,,
"PULL","25 Sep 2025, 17:35","25 Sep 2025, 18:37","last pull day at the apartment 💔","Bicep Curl (Cable)",0,"",2,"normal",60,15,,,
"PULL","25 Sep 2025, 17:35","25 Sep 2025, 18:37","last pull day at the apartment 💔","Seated Cable Row - Bar Grip",1,"",0,"normal",130,15,,,
"PULL","25 Sep 2025, 17:35","25 Sep 2025, 18:37","last pull day at the apartment 💔","Seated Cable Row - Bar Grip",1,"",1,"normal",130,15,,,
"PULL","25 Sep 2025, 17:35","25 Sep 2025, 18:37","last pull day at the apartment 💔","Seated Cable Row - Bar Grip",1,"",2,"normal",130,15,,,
"PULL","25 Sep 2025, 17:35","25 Sep 2025, 18:37","last pull day at the apartment 💔","Shrug (Cable)",1,"",0,"normal",150,15,,,
"PULL","25 Sep 2025, 17:35","25 Sep 2025, 18:37","last pull day at the apartment 💔","Shrug (Cable)",1,"",1,"normal",150,15,,,
"PULL","25 Sep 2025, 17:35","25 Sep 2025, 18:37","last pull day at the apartment 💔","Shrug (Cable)",1,"",2,"normal",150,15,,,
"PULL","25 Sep 2025, 17:35","25 Sep 2025, 18:37","last pull day at the apartment 💔","Upright Row (Cable)",2,"",0,"normal",100,15,,,
"PULL","25 Sep 2025, 17:35","25 Sep 2025, 18:37","last pull day at the apartment 💔","Upright Row (Cable)",2,"",1,"normal",100,15,,,
"PULL","25 Sep 2025, 17:35","25 Sep 2025, 18:37","last pull day at the apartment 💔","Upright Row (Cable)",2,"",2,"normal",100,15,,,
"PULL","25 Sep 2025, 17:35","25 Sep 2025, 18:37","last pull day at the apartment 💔","Reverse Curl (Cable)",2,"",0,"normal",60,15,,,
"PULL","25 Sep 2025, 17:35","25 Sep 2025, 18:37","last pull day at the apartment 💔","Reverse Curl (Cable)",2,"",1,"normal",60,15,,,
"PULL","25 Sep 2025, 17:35","25 Sep 2025, 18:37","last pull day at the apartment 💔","Reverse Curl (Cable)",2,"",2,"normal",60,15,,,
"PUSH","23 Sep 2025, 12:20","23 Sep 2025, 13:36","","Chest Press (Machine)",0,"",0,"normal",150,15,,,
"PUSH","23 Sep 2025, 12:20","23 Sep 2025, 13:36","","Chest Press (Machine)",0,"",1,"normal",150,15,,,
"PUSH","23 Sep 2025, 12:20","23 Sep 2025, 13:36","","Chest Press (Machine)",0,"",2,"normal",150,15,,,
"PUSH","23 Sep 2025, 12:20","23 Sep 2025, 13:36","","Triceps Pushdown",0,"",0,"normal",60,15,,,
"PUSH","23 Sep 2025, 12:20","23 Sep 2025, 13:36","","Triceps Pushdown",0,"",1,"normal",60,15,,,
"PUSH","23 Sep 2025, 12:20","23 Sep 2025, 13:36","","Triceps Pushdown",0,"",2,"normal",70,12,,,
"PUSH","23 Sep 2025, 12:20","23 Sep 2025, 13:36","","Incline Chest Press (Machine)",1,"",0,"normal",130,15,,,
"PUSH","23 Sep 2025, 12:20","23 Sep 2025, 13:36","","Incline Chest Press (Machine)",1,"",1,"normal",130,15,,,
"PUSH","23 Sep 2025, 12:20","23 Sep 2025, 13:36","","Incline Chest Press (Machine)",1,"",2,"normal",130,15,,,
"PUSH","23 Sep 2025, 12:20","23 Sep 2025, 13:36","","Front Raise (Cable)",1,"",0,"normal",40,15,,,
"PUSH","23 Sep 2025, 12:20","23 Sep 2025, 13:36","","Front Raise (Cable)",1,"",1,"normal",40,15,,,
"PUSH","23 Sep 2025, 12:20","23 Sep 2025, 13:36","","Front Raise (Cable)",1,"",2,"normal",40,15,,,
"PUSH","23 Sep 2025, 12:20","23 Sep 2025, 13:36","","Decline Bench Press (Machine)",2,"",0,"normal",150,15,,,
"PUSH","23 Sep 2025, 12:20","23 Sep 2025, 13:36","","Decline Bench Press (Machine)",2,"",1,"normal",150,15,,,
"PUSH","23 Sep 2025, 12:20","23 Sep 2025, 13:36","","Decline Bench Press (Machine)",2,"",2,"normal",150,15,,,
"PUSH","23 Sep 2025, 12:20","23 Sep 2025, 13:36","","Seated Shoulder Press (Machine)",2,"",0,"normal",110,15,,,
"PUSH","23 Sep 2025, 12:20","23 Sep 2025, 13:36","","Seated Shoulder Press (Machine)",2,"",1,"normal",110,15,,,
"PUSH","23 Sep 2025, 12:20","23 Sep 2025, 13:36","","Seated Shoulder Press (Machine)",2,"",2,"normal",110,15,,,
"PULL","22 Sep 2025, 12:59","22 Sep 2025, 14:00","","Lat Pulldown (Cable)",0,"",0,"normal",120,15,,,
"PULL","22 Sep 2025, 12:59","22 Sep 2025, 14:00","","Lat Pulldown (Cable)",0,"",1,"normal",120,15,,,
"PULL","22 Sep 2025, 12:59","22 Sep 2025, 14:00","","Lat Pulldown (Cable)",0,"",2,"normal",120,15,,,
"PULL","22 Sep 2025, 12:59","22 Sep 2025, 14:00","","Bicep Curl (Cable)",0,"",0,"normal",60,15,,,
"PULL","22 Sep 2025, 12:59","22 Sep 2025, 14:00","","Bicep Curl (Cable)",0,"",1,"normal",60,15,,,
"PULL","22 Sep 2025, 12:59","22 Sep 2025, 14:00","","Bicep Curl (Cable)",0,"",2,"normal",60,15,,,
"PULL","22 Sep 2025, 12:59","22 Sep 2025, 14:00","","Seated Cable Row - Bar Grip",1,"",0,"normal",130,15,,,
"PULL","22 Sep 2025, 12:59","22 Sep 2025, 14:00","","Seated Cable Row - Bar Grip",1,"",1,"normal",130,15,,,
"PULL","22 Sep 2025, 12:59","22 Sep 2025, 14:00","","Seated Cable Row - Bar Grip",1,"",2,"normal",130,15,,,
"PULL","22 Sep 2025, 12:59","22 Sep 2025, 14:00","","Shrug (Cable)",1,"",0,"normal",150,15,,,
"PULL","22 Sep 2025, 12:59","22 Sep 2025, 14:00","","Shrug (Cable)",1,"",1,"normal",150,15,,,
"PULL","22 Sep 2025, 12:59","22 Sep 2025, 14:00","","Shrug (Cable)",1,"",2,"normal",150,17,,,
"PULL","22 Sep 2025, 12:59","22 Sep 2025, 14:00","","Upright Row (Cable)",2,"",0,"normal",100,15,,,
"PULL","22 Sep 2025, 12:59","22 Sep 2025, 14:00","","Upright Row (Cable)",2,"",1,"normal",100,15,,,
"PULL","22 Sep 2025, 12:59","22 Sep 2025, 14:00","","Upright Row (Cable)",2,"",2,"normal",100,15,,,
"PULL","22 Sep 2025, 12:59","22 Sep 2025, 14:00","","Reverse Curl (Cable)",2,"",0,"normal",60,15,,,
"PULL","22 Sep 2025, 12:59","22 Sep 2025, 14:00","","Reverse Curl (Cable)",2,"",1,"normal",60,15,,,
"PULL","22 Sep 2025, 12:59","22 Sep 2025, 14:00","","Reverse Curl (Cable)",2,"",2,"normal",60,15,,,
"PUSH","20 Sep 2025, 18:06","20 Sep 2025, 19:30","","Chest Press (Machine)",0,"",0,"normal",150,15,,,
"PUSH","20 Sep 2025, 18:06","20 Sep 2025, 19:30","","Chest Press (Machine)",0,"",1,"normal",150,15,,,
"PUSH","20 Sep 2025, 18:06","20 Sep 2025, 19:30","","Chest Press (Machine)",0,"",2,"normal",150,15,,,
"PUSH","20 Sep 2025, 18:06","20 Sep 2025, 19:30","","Triceps Pushdown",0,"",0,"normal",60,15,,,
"PUSH","20 Sep 2025, 18:06","20 Sep 2025, 19:30","","Triceps Pushdown",0,"",1,"normal",60,15,,,
"PUSH","20 Sep 2025, 18:06","20 Sep 2025, 19:30","","Triceps Pushdown",0,"",2,"normal",60,15,,,
"PUSH","20 Sep 2025, 18:06","20 Sep 2025, 19:30","","Incline Chest Press (Machine)",1,"",0,"normal",130,12,,,
"PUSH","20 Sep 2025, 18:06","20 Sep 2025, 19:30","","Incline Chest Press (Machine)",1,"",1,"normal",130,15,,,
"PUSH","20 Sep 2025, 18:06","20 Sep 2025, 19:30","","Incline Chest Press (Machine)",1,"",2,"normal",130,15,,,
"PUSH","20 Sep 2025, 18:06","20 Sep 2025, 19:30","","Front Raise (Cable)",1,"",0,"normal",40,15,,,
"PUSH","20 Sep 2025, 18:06","20 Sep 2025, 19:30","","Front Raise (Cable)",1,"",1,"normal",40,15,,,
"PUSH","20 Sep 2025, 18:06","20 Sep 2025, 19:30","","Front Raise (Cable)",1,"",2,"normal",40,15,,,
"PUSH","20 Sep 2025, 18:06","20 Sep 2025, 19:30","","Decline Bench Press (Machine)",2,"",0,"normal",150,15,,,
"PUSH","20 Sep 2025, 18:06","20 Sep 2025, 19:30","","Decline Bench Press (Machine)",2,"",1,"normal",150,15,,,
"PUSH","20 Sep 2025, 18:06","20 Sep 2025, 19:30","","Decline Bench Press (Machine)",2,"",2,"normal",150,15,,,
"PUSH","20 Sep 2025, 18:06","20 Sep 2025, 19:30","","Seated Shoulder Press (Machine)",2,"",0,"normal",100,15,,,
"PUSH","20 Sep 2025, 18:06","20 Sep 2025, 19:30","","Seated Shoulder Press (Machine)",2,"",1,"normal",100,15,,,
"PUSH","20 Sep 2025, 18:06","20 Sep 2025, 19:30","","Seated Shoulder Press (Machine)",2,"",2,"normal",110,12,,,
"PULL","18 Sep 2025, 14:01","18 Sep 2025, 15:03","","Lat Pulldown (Cable)",0,"",0,"normal",120,15,,,
"PULL","18 Sep 2025, 14:01","18 Sep 2025, 15:03","","Lat Pulldown (Cable)",0,"",1,"normal",120,15,,,
"PULL","18 Sep 2025, 14:01","18 Sep 2025, 15:03","","Lat Pulldown (Cable)",0,"",2,"normal",120,15,,,
"PULL","18 Sep 2025, 14:01","18 Sep 2025, 15:03","","Bicep Curl (Cable)",0,"",0,"normal",60,15,,,
"PULL","18 Sep 2025, 14:01","18 Sep 2025, 15:03","","Bicep Curl (Cable)",0,"",1,"normal",60,15,,,
"PULL","18 Sep 2025, 14:01","18 Sep 2025, 15:03","","Bicep Curl (Cable)",0,"",2,"normal",60,15,,,
"PULL","18 Sep 2025, 14:01","18 Sep 2025, 15:03","","Seated Cable Row - Bar Grip",1,"",0,"normal",130,15,,,
"PULL","18 Sep 2025, 14:01","18 Sep 2025, 15:03","","Seated Cable Row - Bar Grip",1,"",1,"normal",130,15,,,
"PULL","18 Sep 2025, 14:01","18 Sep 2025, 15:03","","Seated Cable Row - Bar Grip",1,"",2,"normal",130,15,,,
"PULL","18 Sep 2025, 14:01","18 Sep 2025, 15:03","","Shrug (Cable)",1,"",0,"normal",150,15,,,
"PULL","18 Sep 2025, 14:01","18 Sep 2025, 15:03","","Shrug (Cable)",1,"",1,"normal",150,15,,,
"PULL","18 Sep 2025, 14:01","18 Sep 2025, 15:03","","Shrug (Cable)",1,"",2,"normal",150,15,,,
"PULL","18 Sep 2025, 14:01","18 Sep 2025, 15:03","","Upright Row (Cable)",2,"",0,"normal",100,15,,,
"PULL","18 Sep 2025, 14:01","18 Sep 2025, 15:03","","Upright Row (Cable)",2,"",1,"normal",100,15,,,
"PULL","18 Sep 2025, 14:01","18 Sep 2025, 15:03","","Upright Row (Cable)",2,"",2,"normal",100,15,,,
"PULL","18 Sep 2025, 14:01","18 Sep 2025, 15:03","","Reverse Curl (Cable)",2,"",0,"normal",60,15,,,
"PULL","18 Sep 2025, 14:01","18 Sep 2025, 15:03","","Reverse Curl (Cable)",2,"",1,"normal",60,15,,,
"PULL","18 Sep 2025, 14:01","18 Sep 2025, 15:03","","Reverse Curl (Cable)",2,"",2,"normal",60,15,,,
"PUSH","16 Sep 2025, 12:06","16 Sep 2025, 13:19","","Chest Press (Machine)",0,"",0,"normal",150,15,,,
"PUSH","16 Sep 2025, 12:06","16 Sep 2025, 13:19","","Chest Press (Machine)",0,"",1,"normal",150,15,,,
"PUSH","16 Sep 2025, 12:06","16 Sep 2025, 13:19","","Chest Press (Machine)",0,"",2,"normal",150,15,,,
"PUSH","16 Sep 2025, 12:06","16 Sep 2025, 13:19","","Triceps Pushdown",0,"",0,"normal",60,15,,,
"PUSH","16 Sep 2025, 12:06","16 Sep 2025, 13:19","","Triceps Pushdown",0,"",1,"normal",60,15,,,
"PUSH","16 Sep 2025, 12:06","16 Sep 2025, 13:19","","Triceps Pushdown",0,"",2,"normal",60,15,,,
"PUSH","16 Sep 2025, 12:06","16 Sep 2025, 13:19","","Incline Chest Press (Machine)",1,"",0,"normal",120,15,,,
"PUSH","16 Sep 2025, 12:06","16 Sep 2025, 13:19","","Incline Chest Press (Machine)",1,"",1,"normal",120,15,,,
"PUSH","16 Sep 2025, 12:06","16 Sep 2025, 13:19","","Incline Chest Press (Machine)",1,"",2,"normal",120,15,,,
"PUSH","16 Sep 2025, 12:06","16 Sep 2025, 13:19","","Front Raise (Cable)",1,"",0,"normal",40,15,,,
"PUSH","16 Sep 2025, 12:06","16 Sep 2025, 13:19","","Front Raise (Cable)",1,"",1,"normal",40,15,,,
"PUSH","16 Sep 2025, 12:06","16 Sep 2025, 13:19","","Front Raise (Cable)",1,"",2,"normal",40,15,,,
"PUSH","16 Sep 2025, 12:06","16 Sep 2025, 13:19","","Decline Bench Press (Machine)",2,"",0,"normal",150,15,,,
"PUSH","16 Sep 2025, 12:06","16 Sep 2025, 13:19","","Decline Bench Press (Machine)",2,"",1,"normal",150,15,,,
"PUSH","16 Sep 2025, 12:06","16 Sep 2025, 13:19","","Decline Bench Press (Machine)",2,"",2,"normal",150,15,,,
"PUSH","16 Sep 2025, 12:06","16 Sep 2025, 13:19","","Seated Shoulder Press (Machine)",2,"",0,"normal",100,15,,,
"PUSH","16 Sep 2025, 12:06","16 Sep 2025, 13:19","","Seated Shoulder Press (Machine)",2,"",1,"normal",100,15,,,
"PUSH","16 Sep 2025, 12:06","16 Sep 2025, 13:19","","Seated Shoulder Press (Machine)",2,"",2,"normal",100,15,,,
"PULL","15 Sep 2025, 12:47","15 Sep 2025, 13:54","","Lat Pulldown (Cable)",0,"",0,"normal",120,15,,,
"PULL","15 Sep 2025, 12:47","15 Sep 2025, 13:54","","Lat Pulldown (Cable)",0,"",1,"normal",120,15,,,
"PULL","15 Sep 2025, 12:47","15 Sep 2025, 13:54","","Lat Pulldown (Cable)",0,"",2,"normal",120,15,,,
"PULL","15 Sep 2025, 12:47","15 Sep 2025, 13:54","","Bicep Curl (Cable)",0,"",0,"normal",60,15,,,
"PULL","15 Sep 2025, 12:47","15 Sep 2025, 13:54","","Bicep Curl (Cable)",0,"",1,"normal",60,15,,,
"PULL","15 Sep 2025, 12:47","15 Sep 2025, 13:54","","Bicep Curl (Cable)",0,"",2,"normal",60,15,,,
"PULL","15 Sep 2025, 12:47","15 Sep 2025, 13:54","","Seated Cable Row - Bar Grip",1,"",0,"normal",130,15,,,
"PULL","15 Sep 2025, 12:47","15 Sep 2025, 13:54","","Seated Cable Row - Bar Grip",1,"",1,"normal",130,15,,,
"PULL","15 Sep 2025, 12:47","15 Sep 2025, 13:54","","Seated Cable Row - Bar Grip",1,"",2,"normal",130,15,,,
"PULL","15 Sep 2025, 12:47","15 Sep 2025, 13:54","","Shrug (Cable)",1,"",0,"normal",150,15,,,
"PULL","15 Sep 2025, 12:47","15 Sep 2025, 13:54","","Shrug (Cable)",1,"",1,"normal",150,15,,,
"PULL","15 Sep 2025, 12:47","15 Sep 2025, 13:54","","Shrug (Cable)",1,"",2,"normal",150,15,,,
"PULL","15 Sep 2025, 12:47","15 Sep 2025, 13:54","","Upright Row (Cable)",2,"",0,"normal",100,15,,,
"PULL","15 Sep 2025, 12:47","15 Sep 2025, 13:54","","Upright Row (Cable)",2,"",1,"normal",100,15,,,
"PULL","15 Sep 2025, 12:47","15 Sep 2025, 13:54","","Upright Row (Cable)",2,"",2,"normal",100,15,,,
"PULL","15 Sep 2025, 12:47","15 Sep 2025, 13:54","","Reverse Curl (Cable)",2,"",0,"normal",60,15,,,
"PULL","15 Sep 2025, 12:47","15 Sep 2025, 13:54","","Reverse Curl (Cable)",2,"",1,"normal",60,15,,,
"PULL","15 Sep 2025, 12:47","15 Sep 2025, 13:54","","Reverse Curl (Cable)",2,"",2,"normal",60,15,,,
"light push","12 Sep 2025, 12:00","12 Sep 2025, 13:01","","Chest Press (Machine)",0,"",0,"normal",150,15,,,
"light push","12 Sep 2025, 12:00","12 Sep 2025, 13:01","","Chest Press (Machine)",0,"",1,"normal",150,15,,,
"light push","12 Sep 2025, 12:00","12 Sep 2025, 13:01","","Chest Press (Machine)",0,"",2,"normal",150,15,,,
"light push","12 Sep 2025, 12:00","12 Sep 2025, 13:01","","Triceps Pushdown",0,"",0,"normal",60,15,,,
"light push","12 Sep 2025, 12:00","12 Sep 2025, 13:01","","Triceps Pushdown",0,"",1,"normal",60,15,,,
"light push","12 Sep 2025, 12:00","12 Sep 2025, 13:01","","Triceps Pushdown",0,"",2,"normal",60,15,,,
"light push","12 Sep 2025, 12:00","12 Sep 2025, 13:01","","Incline Chest Press (Machine)",1,"",0,"normal",120,15,,,
"light push","12 Sep 2025, 12:00","12 Sep 2025, 13:01","","Incline Chest Press (Machine)",1,"",1,"normal",120,15,,,
"light push","12 Sep 2025, 12:00","12 Sep 2025, 13:01","","Incline Chest Press (Machine)",1,"",2,"normal",120,15,,,
"light push","12 Sep 2025, 12:00","12 Sep 2025, 13:01","","Front Raise (Cable)",1,"",0,"normal",40,15,,,
"light push","12 Sep 2025, 12:00","12 Sep 2025, 13:01","","Front Raise (Cable)",1,"",1,"normal",40,15,,,
"light push","12 Sep 2025, 12:00","12 Sep 2025, 13:01","","Front Raise (Cable)",1,"",2,"normal",40,15,,,
"PULL","11 Sep 2025, 12:01","11 Sep 2025, 13:17","","Lat Pulldown (Cable)",0,"",0,"normal",120,15,,,
"PULL","11 Sep 2025, 12:01","11 Sep 2025, 13:17","","Lat Pulldown (Cable)",0,"",1,"normal",120,15,,,
"PULL","11 Sep 2025, 12:01","11 Sep 2025, 13:17","","Lat Pulldown (Cable)",0,"",2,"normal",120,15,,,
"PULL","11 Sep 2025, 12:01","11 Sep 2025, 13:17","","Bicep Curl (Cable)",0,"",0,"normal",60,15,,,
"PULL","11 Sep 2025, 12:01","11 Sep 2025, 13:17","","Bicep Curl (Cable)",0,"",1,"normal",60,15,,,
"PULL","11 Sep 2025, 12:01","11 Sep 2025, 13:17","","Bicep Curl (Cable)",0,"",2,"normal",60,15,,,
"PULL","11 Sep 2025, 12:01","11 Sep 2025, 13:17","","Seated Cable Row - Bar Grip",1,"",0,"normal",130,15,,,
"PULL","11 Sep 2025, 12:01","11 Sep 2025, 13:17","","Seated Cable Row - Bar Grip",1,"",1,"normal",130,15,,,
"PULL","11 Sep 2025, 12:01","11 Sep 2025, 13:17","","Seated Cable Row - Bar Grip",1,"",2,"normal",130,15,,,
"PULL","11 Sep 2025, 12:01","11 Sep 2025, 13:17","","Shrug (Cable)",1,"",0,"normal",150,15,,,
"PULL","11 Sep 2025, 12:01","11 Sep 2025, 13:17","","Shrug (Cable)",1,"",1,"normal",150,15,,,
"PULL","11 Sep 2025, 12:01","11 Sep 2025, 13:17","","Shrug (Cable)",1,"",2,"normal",150,15,,,
"PULL","11 Sep 2025, 12:01","11 Sep 2025, 13:17","","Upright Row (Cable)",2,"",0,"normal",100,15,,,
"PULL","11 Sep 2025, 12:01","11 Sep 2025, 13:17","","Upright Row (Cable)",2,"",1,"normal",100,15,,,
"PULL","11 Sep 2025, 12:01","11 Sep 2025, 13:17","","Upright Row (Cable)",2,"",2,"normal",100,15,,,
"PULL","11 Sep 2025, 12:01","11 Sep 2025, 13:17","","Reverse Curl (Cable)",2,"",0,"normal",60,15,,,
"PULL","11 Sep 2025, 12:01","11 Sep 2025, 13:17","","Reverse Curl (Cable)",2,"",1,"normal",60,15,,,
"PULL","11 Sep 2025, 12:01","11 Sep 2025, 13:17","","Reverse Curl (Cable)",2,"",2,"normal",60,15,,,
"PUSH","10 Sep 2025, 12:04","10 Sep 2025, 13:21","","Chest Press (Machine)",0,"",0,"normal",150,15,,,
"PUSH","10 Sep 2025, 12:04","10 Sep 2025, 13:21","","Chest Press (Machine)",0,"",1,"normal",150,15,,,
"PUSH","10 Sep 2025, 12:04","10 Sep 2025, 13:21","","Chest Press (Machine)",0,"",2,"normal",150,15,,,
"PUSH","10 Sep 2025, 12:04","10 Sep 2025, 13:21","","Triceps Pushdown",0,"",0,"normal",60,15,,,
"PUSH","10 Sep 2025, 12:04","10 Sep 2025, 13:21","","Triceps Pushdown",0,"",1,"normal",60,15,,,
"PUSH","10 Sep 2025, 12:04","10 Sep 2025, 13:21","","Triceps Pushdown",0,"",2,"normal",60,15,,,
"PUSH","10 Sep 2025, 12:04","10 Sep 2025, 13:21","","Incline Chest Press (Machine)",1,"",0,"normal",120,15,,,
"PUSH","10 Sep 2025, 12:04","10 Sep 2025, 13:21","","Incline Chest Press (Machine)",1,"",1,"normal",120,15,,,
"PUSH","10 Sep 2025, 12:04","10 Sep 2025, 13:21","","Incline Chest Press (Machine)",1,"",2,"normal",120,15,,,
"PUSH","10 Sep 2025, 12:04","10 Sep 2025, 13:21","","Front Raise (Cable)",1,"",0,"normal",40,15,,,
"PUSH","10 Sep 2025, 12:04","10 Sep 2025, 13:21","","Front Raise (Cable)",1,"",1,"normal",40,15,,,
"PUSH","10 Sep 2025, 12:04","10 Sep 2025, 13:21","","Front Raise (Cable)",1,"",2,"normal",40,15,,,
"PUSH","10 Sep 2025, 12:04","10 Sep 2025, 13:21","","Decline Bench Press (Machine)",2,"",0,"normal",150,15,,,
"PUSH","10 Sep 2025, 12:04","10 Sep 2025, 13:21","","Decline Bench Press (Machine)",2,"",1,"normal",150,15,,,
"PUSH","10 Sep 2025, 12:04","10 Sep 2025, 13:21","","Decline Bench Press (Machine)",2,"",2,"normal",150,15,,,
"PUSH","10 Sep 2025, 12:04","10 Sep 2025, 13:21","","Seated Shoulder Press (Machine)",2,"",0,"normal",100,15,,,
"PUSH","10 Sep 2025, 12:04","10 Sep 2025, 13:21","","Seated Shoulder Press (Machine)",2,"",1,"normal",100,15,,,
"PUSH","10 Sep 2025, 12:04","10 Sep 2025, 13:21","","Seated Shoulder Press (Machine)",2,"",2,"normal",100,15,,,
"pull","5 Sep 2025, 17:25","5 Sep 2025, 18:11","","Seated Cable Row - Bar Grip",0,"",0,"normal",130,15,,,
"pull","5 Sep 2025, 17:25","5 Sep 2025, 18:11","","Seated Cable Row - Bar Grip",0,"",1,"normal",130,15,,,
"pull","5 Sep 2025, 17:25","5 Sep 2025, 18:11","","Seated Cable Row - Bar Grip",0,"",2,"normal",130,15,,,
"pull","5 Sep 2025, 17:25","5 Sep 2025, 18:11","","Bicep Curl (Cable)",0,"",0,"normal",60,15,,,
"pull","5 Sep 2025, 17:25","5 Sep 2025, 18:11","","Bicep Curl (Cable)",0,"",1,"normal",60,15,,,
"pull","5 Sep 2025, 17:25","5 Sep 2025, 18:11","","Bicep Curl (Cable)",0,"",2,"normal",60,15,,,
"pull","5 Sep 2025, 17:25","5 Sep 2025, 18:11","","Upright Row (Cable)",1,"",0,"normal",100,15,,,
"pull","5 Sep 2025, 17:25","5 Sep 2025, 18:11","","Upright Row (Cable)",1,"",1,"normal",100,15,,,
"pull","5 Sep 2025, 17:25","5 Sep 2025, 18:11","","Upright Row (Cable)",1,"",2,"normal",100,15,,,
"pull","5 Sep 2025, 17:25","5 Sep 2025, 18:11","","Shrug (Cable)",1,"",0,"normal",150,15,,,
"pull","5 Sep 2025, 17:25","5 Sep 2025, 18:11","","Shrug (Cable)",1,"",1,"normal",150,15,,,
"pull","5 Sep 2025, 17:25","5 Sep 2025, 18:11","","Shrug (Cable)",1,"",2,"normal",150,15,,,
"PUSH","4 Sep 2025, 06:36","4 Sep 2025, 07:58","","Chest Press (Machine)",0,"",0,"normal",150,15,,,
"PUSH","4 Sep 2025, 06:36","4 Sep 2025, 07:58","","Chest Press (Machine)",0,"",1,"normal",150,15,,,
"PUSH","4 Sep 2025, 06:36","4 Sep 2025, 07:58","","Chest Press (Machine)",0,"",2,"normal",150,15,,,
"PUSH","4 Sep 2025, 06:36","4 Sep 2025, 07:58","","Triceps Pushdown",0,"",0,"normal",60,15,,,
"PUSH","4 Sep 2025, 06:36","4 Sep 2025, 07:58","","Triceps Pushdown",0,"",1,"normal",60,15,,,
"PUSH","4 Sep 2025, 06:36","4 Sep 2025, 07:58","","Triceps Pushdown",0,"",2,"normal",60,15,,,
"PUSH","4 Sep 2025, 06:36","4 Sep 2025, 07:58","","Incline Chest Press (Machine)",1,"",0,"normal",120,15,,,
"PUSH","4 Sep 2025, 06:36","4 Sep 2025, 07:58","","Incline Chest Press (Machine)",1,"",1,"normal",120,15,,,
"PUSH","4 Sep 2025, 06:36","4 Sep 2025, 07:58","","Incline Chest Press (Machine)",1,"",2,"normal",120,15,,,
"PUSH","4 Sep 2025, 06:36","4 Sep 2025, 07:58","","Front Raise (Cable)",1,"",0,"normal",40,15,,,
"PUSH","4 Sep 2025, 06:36","4 Sep 2025, 07:58","","Front Raise (Cable)",1,"",1,"normal",40,15,,,
"PUSH","4 Sep 2025, 06:36","4 Sep 2025, 07:58","","Front Raise (Cable)",1,"",2,"normal",40,15,,,
"PUSH","4 Sep 2025, 06:36","4 Sep 2025, 07:58","","Decline Bench Press (Machine)",2,"",0,"normal",150,15,,,
"PUSH","4 Sep 2025, 06:36","4 Sep 2025, 07:58","","Decline Bench Press (Machine)",2,"",1,"normal",150,15,,,
"PUSH","4 Sep 2025, 06:36","4 Sep 2025, 07:58","","Decline Bench Press (Machine)",2,"",2,"normal",150,15,,,
"PUSH","4 Sep 2025, 06:36","4 Sep 2025, 07:58","","Seated Shoulder Press (Machine)",2,"",0,"normal",100,15,,,
"PUSH","4 Sep 2025, 06:36","4 Sep 2025, 07:58","","Seated Shoulder Press (Machine)",2,"",1,"normal",100,15,,,
"PUSH","4 Sep 2025, 06:36","4 Sep 2025, 07:58","","Seated Shoulder Press (Machine)",2,"",2,"normal",100,15,,,
"PULL","3 Sep 2025, 19:20","3 Sep 2025, 20:35","","Lat Pulldown (Cable)",0,"",0,"normal",120,15,,,
"PULL","3 Sep 2025, 19:20","3 Sep 2025, 20:35","","Lat Pulldown (Cable)",0,"",1,"normal",120,15,,,
"PULL","3 Sep 2025, 19:20","3 Sep 2025, 20:35","","Lat Pulldown (Cable)",0,"",2,"normal",120,15,,,
"PULL","3 Sep 2025, 19:20","3 Sep 2025, 20:35","","Bicep Curl (Cable)",0,"",0,"normal",60,15,,,
"PULL","3 Sep 2025, 19:20","3 Sep 2025, 20:35","","Bicep Curl (Cable)",0,"",1,"normal",60,15,,,
"PULL","3 Sep 2025, 19:20","3 Sep 2025, 20:35","","Bicep Curl (Cable)",0,"",2,"normal",60,15,,,
"PULL","3 Sep 2025, 19:20","3 Sep 2025, 20:35","","Seated Cable Row - Bar Grip",1,"",0,"normal",130,15,,,
"PULL","3 Sep 2025, 19:20","3 Sep 2025, 20:35","","Seated Cable Row - Bar Grip",1,"",1,"normal",130,15,,,
"PULL","3 Sep 2025, 19:20","3 Sep 2025, 20:35","","Seated Cable Row - Bar Grip",1,"",2,"normal",130,15,,,
"PULL","3 Sep 2025, 19:20","3 Sep 2025, 20:35","","Shrug (Cable)",1,"",0,"normal",150,15,,,
"PULL","3 Sep 2025, 19:20","3 Sep 2025, 20:35","","Shrug (Cable)",1,"",1,"normal",150,15,,,
"PULL","3 Sep 2025, 19:20","3 Sep 2025, 20:35","","Shrug (Cable)",1,"",2,"normal",150,15,,,
"PULL","3 Sep 2025, 19:20","3 Sep 2025, 20:35","","Upright Row (Cable)",2,"",0,"normal",100,15,,,
"PULL","3 Sep 2025, 19:20","3 Sep 2025, 20:35","","Upright Row (Cable)",2,"",1,"normal",100,15,,,
"PULL","3 Sep 2025, 19:20","3 Sep 2025, 20:35","","Upright Row (Cable)",2,"",2,"normal",100,15,,,
"PULL","3 Sep 2025, 19:20","3 Sep 2025, 20:35","","Reverse Curl (Cable)",2,"",0,"normal",60,15,,,
"PULL","3 Sep 2025, 19:20","3 Sep 2025, 20:35","","Reverse Curl (Cable)",2,"",1,"normal",60,15,,,
"PULL","3 Sep 2025, 19:20","3 Sep 2025, 20:35","","Reverse Curl (Cable)",2,"",2,"normal",60,15,,,
"PUSH","30 Aug 2025, 20:01","30 Aug 2025, 21:31","","Chest Press (Machine)",0,"",0,"normal",150,15,,,
"PUSH","30 Aug 2025, 20:01","30 Aug 2025, 21:31","","Chest Press (Machine)",0,"",1,"normal",150,15,,,
"PUSH","30 Aug 2025, 20:01","30 Aug 2025, 21:31","","Chest Press (Machine)",0,"",2,"normal",150,15,,,
"PUSH","30 Aug 2025, 20:01","30 Aug 2025, 21:31","","Triceps Pushdown",0,"",0,"normal",60,15,,,
"PUSH","30 Aug 2025, 20:01","30 Aug 2025, 21:31","","Triceps Pushdown",0,"",1,"normal",60,15,,,
"PUSH","30 Aug 2025, 20:01","30 Aug 2025, 21:31","","Triceps Pushdown",0,"",2,"normal",60,15,,,
"PUSH","30 Aug 2025, 20:01","30 Aug 2025, 21:31","","Incline Chest Press (Machine)",1,"",0,"normal",120,15,,,
"PUSH","30 Aug 2025, 20:01","30 Aug 2025, 21:31","","Incline Chest Press (Machine)",1,"",1,"normal",120,15,,,
"PUSH","30 Aug 2025, 20:01","30 Aug 2025, 21:31","","Incline Chest Press (Machine)",1,"",2,"normal",120,15,,,
"PUSH","30 Aug 2025, 20:01","30 Aug 2025, 21:31","","Front Raise (Cable)",1,"",0,"normal",35,15,,,
"PUSH","30 Aug 2025, 20:01","30 Aug 2025, 21:31","","Front Raise (Cable)",1,"",1,"normal",35,15,,,
"PUSH","30 Aug 2025, 20:01","30 Aug 2025, 21:31","","Front Raise (Cable)",1,"",2,"normal",40,15,,,
"PUSH","30 Aug 2025, 20:01","30 Aug 2025, 21:31","","Decline Bench Press (Machine)",2,"",0,"normal",150,15,,,
"PUSH","30 Aug 2025, 20:01","30 Aug 2025, 21:31","","Decline Bench Press (Machine)",2,"",1,"normal",150,12,,,
"PUSH","30 Aug 2025, 20:01","30 Aug 2025, 21:31","","Decline Bench Press (Machine)",2,"",2,"normal",150,12,,,
"PUSH","30 Aug 2025, 20:01","30 Aug 2025, 21:31","","Seated Shoulder Press (Machine)",2,"",0,"normal",100,15,,,
"PUSH","30 Aug 2025, 20:01","30 Aug 2025, 21:31","","Seated Shoulder Press (Machine)",2,"",1,"normal",100,15,,,
"PUSH","30 Aug 2025, 20:01","30 Aug 2025, 21:31","","Seated Shoulder Press (Machine)",2,"",2,"normal",100,15,,,
"pull","25 Aug 2025, 10:15","25 Aug 2025, 11:06","","Lat Pulldown (Cable)",0,"",0,"normal",120,15,,,
"pull","25 Aug 2025, 10:15","25 Aug 2025, 11:06","","Lat Pulldown (Cable)",0,"",1,"normal",120,15,,,
"pull","25 Aug 2025, 10:15","25 Aug 2025, 11:06","","Lat Pulldown (Cable)",0,"",2,"normal",120,15,,,
"pull","25 Aug 2025, 10:15","25 Aug 2025, 11:06","","Bicep Curl (Cable)",0,"",0,"normal",60,15,,,
"pull","25 Aug 2025, 10:15","25 Aug 2025, 11:06","","Bicep Curl (Cable)",0,"",1,"normal",60,15,,,
"pull","25 Aug 2025, 10:15","25 Aug 2025, 11:06","","Bicep Curl (Cable)",0,"",2,"normal",60,15,,,
"pull","25 Aug 2025, 10:15","25 Aug 2025, 11:06","","Seated Cable Row - Bar Grip",1,"",0,"normal",120,15,,,
"pull","25 Aug 2025, 10:15","25 Aug 2025, 11:06","","Seated Cable Row - Bar Grip",1,"",1,"normal",130,15,,,
"pull","25 Aug 2025, 10:15","25 Aug 2025, 11:06","","Seated Cable Row - Bar Grip",1,"",2,"normal",130,15,,,
"pull","25 Aug 2025, 10:15","25 Aug 2025, 11:06","","Shrug (Cable)",1,"",0,"normal",150,15,,,
"pull","25 Aug 2025, 10:15","25 Aug 2025, 11:06","","Shrug (Cable)",1,"",1,"normal",150,15,,,
"pull","25 Aug 2025, 10:15","25 Aug 2025, 11:06","","Shrug (Cable)",1,"",2,"normal",150,15,,,
"armpull","24 Aug 2025, 21:32","24 Aug 2025, 22:24","","Seated Shoulder Press (Machine)",0,"",0,"normal",100,15,,,
"armpull","24 Aug 2025, 21:32","24 Aug 2025, 22:24","","Seated Shoulder Press (Machine)",0,"",1,"normal",100,15,,,
"armpull","24 Aug 2025, 21:32","24 Aug 2025, 22:24","","Seated Shoulder Press (Machine)",0,"",2,"normal",100,15,,,
"armpull","24 Aug 2025, 21:32","24 Aug 2025, 22:24","","Triceps Pushdown",0,"",0,"normal",60,15,,,
"armpull","24 Aug 2025, 21:32","24 Aug 2025, 22:24","","Triceps Pushdown",0,"",1,"normal",60,15,,,
"armpull","24 Aug 2025, 21:32","24 Aug 2025, 22:24","","Triceps Pushdown",0,"",2,"normal",60,15,,,
"armpull","24 Aug 2025, 21:32","24 Aug 2025, 22:24","","Lat Pulldown (Cable)",1,"",0,"normal",100,15,,,
"armpull","24 Aug 2025, 21:32","24 Aug 2025, 22:24","","Lat Pulldown (Cable)",1,"",1,"normal",120,15,,,
"armpull","24 Aug 2025, 21:32","24 Aug 2025, 22:24","","Lat Pulldown (Cable)",1,"",2,"normal",120,15,,,
"armpull","24 Aug 2025, 21:32","24 Aug 2025, 22:24","","Lat Pulldown (Cable)",1,"",3,"normal",120,15,,,
"armpull","24 Aug 2025, 21:32","24 Aug 2025, 22:24","","Bicep Curl (Cable)",1,"",0,"normal",60,15,,,
"armpull","24 Aug 2025, 21:32","24 Aug 2025, 22:24","","Bicep Curl (Cable)",1,"",1,"normal",60,15,,,
"armpull","24 Aug 2025, 21:32","24 Aug 2025, 22:24","","Bicep Curl (Cable)",1,"",2,"normal",60,15,,,
"PUSH","23 Aug 2025, 21:26","23 Aug 2025, 22:52","","Chest Press (Machine)",0,"",0,"normal",150,15,,,
"PUSH","23 Aug 2025, 21:26","23 Aug 2025, 22:52","","Chest Press (Machine)",0,"",1,"normal",150,15,,,
"PUSH","23 Aug 2025, 21:26","23 Aug 2025, 22:52","","Chest Press (Machine)",0,"",2,"normal",150,15,,,
"PUSH","23 Aug 2025, 21:26","23 Aug 2025, 22:52","","Triceps Pushdown",0,"",0,"normal",60,15,,,
"PUSH","23 Aug 2025, 21:26","23 Aug 2025, 22:52","","Triceps Pushdown",0,"",1,"normal",60,15,,,
"PUSH","23 Aug 2025, 21:26","23 Aug 2025, 22:52","","Triceps Pushdown",0,"",2,"normal",60,15,,,
"PUSH","23 Aug 2025, 21:26","23 Aug 2025, 22:52","","Incline Chest Press (Machine)",1,"",0,"normal",120,15,,,
"PUSH","23 Aug 2025, 21:26","23 Aug 2025, 22:52","","Incline Chest Press (Machine)",1,"",1,"normal",120,15,,,
"PUSH","23 Aug 2025, 21:26","23 Aug 2025, 22:52","","Incline Chest Press (Machine)",1,"",2,"normal",120,15,,,
"PUSH","23 Aug 2025, 21:26","23 Aug 2025, 22:52","","Front Raise (Cable)",1,"",0,"normal",35,15,,,
"PUSH","23 Aug 2025, 21:26","23 Aug 2025, 22:52","","Front Raise (Cable)",1,"",1,"normal",35,15,,,
"PUSH","23 Aug 2025, 21:26","23 Aug 2025, 22:52","","Front Raise (Cable)",1,"",2,"normal",35,15,,,
"PUSH","23 Aug 2025, 21:26","23 Aug 2025, 22:52","","Decline Bench Press (Machine)",2,"",0,"normal",150,15,,,
"PUSH","23 Aug 2025, 21:26","23 Aug 2025, 22:52","","Decline Bench Press (Machine)",2,"",1,"normal",150,15,,,
"PUSH","23 Aug 2025, 21:26","23 Aug 2025, 22:52","","Decline Bench Press (Machine)",2,"",2,"normal",150,12,,,
"PUSH","23 Aug 2025, 21:26","23 Aug 2025, 22:52","","Seated Shoulder Press (Machine)",2,"",0,"normal",100,15,,,
"PUSH","23 Aug 2025, 21:26","23 Aug 2025, 22:52","","Seated Shoulder Press (Machine)",2,"",1,"normal",100,15,,,
"PUSH","23 Aug 2025, 21:26","23 Aug 2025, 22:52","","Seated Shoulder Press (Machine)",2,"",2,"normal",100,15,,,
"PULL","20 Aug 2025, 13:29","20 Aug 2025, 14:48","","Lat Pulldown (Cable)",0,"",0,"normal",120,15,,,
"PULL","20 Aug 2025, 13:29","20 Aug 2025, 14:48","","Lat Pulldown (Cable)",0,"",1,"normal",120,15,,,
"PULL","20 Aug 2025, 13:29","20 Aug 2025, 14:48","","Lat Pulldown (Cable)",0,"",2,"normal",120,15,,,
"PULL","20 Aug 2025, 13:29","20 Aug 2025, 14:48","","Bicep Curl (Cable)",0,"",0,"normal",60,15,,,
"PULL","20 Aug 2025, 13:29","20 Aug 2025, 14:48","","Bicep Curl (Cable)",0,"",1,"normal",60,15,,,
"PULL","20 Aug 2025, 13:29","20 Aug 2025, 14:48","","Bicep Curl (Cable)",0,"",2,"normal",60,15,,,
"PULL","20 Aug 2025, 13:29","20 Aug 2025, 14:48","","Seated Cable Row - Bar Grip",1,"",0,"normal",120,15,,,
"PULL","20 Aug 2025, 13:29","20 Aug 2025, 14:48","","Seated Cable Row - Bar Grip",1,"",1,"normal",130,15,,,
"PULL","20 Aug 2025, 13:29","20 Aug 2025, 14:48","","Seated Cable Row - Bar Grip",1,"",2,"normal",130,15,,,
"PULL","20 Aug 2025, 13:29","20 Aug 2025, 14:48","","Shrug (Cable)",1,"",0,"normal",150,15,,,
"PULL","20 Aug 2025, 13:29","20 Aug 2025, 14:48","","Shrug (Cable)",1,"",1,"normal",150,15,,,
"PULL","20 Aug 2025, 13:29","20 Aug 2025, 14:48","","Shrug (Cable)",1,"",2,"normal",150,15,,,
"PULL","20 Aug 2025, 13:29","20 Aug 2025, 14:48","","Upright Row (Cable)",2,"",0,"normal",90,15,,,
"PULL","20 Aug 2025, 13:29","20 Aug 2025, 14:48","","Upright Row (Cable)",2,"",1,"normal",100,15,,,
"PULL","20 Aug 2025, 13:29","20 Aug 2025, 14:48","","Upright Row (Cable)",2,"",2,"normal",100,15,,,
"PULL","20 Aug 2025, 13:29","20 Aug 2025, 14:48","","Reverse Curl (Cable)",2,"",0,"normal",60,15,,,
"PULL","20 Aug 2025, 13:29","20 Aug 2025, 14:48","","Reverse Curl (Cable)",2,"",1,"normal",60,15,,,
"PULL","20 Aug 2025, 13:29","20 Aug 2025, 14:48","","Reverse Curl (Cable)",2,"",2,"normal",60,15,,,
"PUSH","18 Aug 2025, 15:48","18 Aug 2025, 17:02","","Chest Press (Machine)",0,"",0,"normal",150,15,,,
"PUSH","18 Aug 2025, 15:48","18 Aug 2025, 17:02","","Chest Press (Machine)",0,"",1,"normal",150,15,,,
"PUSH","18 Aug 2025, 15:48","18 Aug 2025, 17:02","","Chest Press (Machine)",0,"",2,"normal",150,15,,,
"PUSH","18 Aug 2025, 15:48","18 Aug 2025, 17:02","","Triceps Pushdown",0,"",0,"normal",60,15,,,
"PUSH","18 Aug 2025, 15:48","18 Aug 2025, 17:02","","Triceps Pushdown",0,"",1,"normal",60,15,,,
"PUSH","18 Aug 2025, 15:48","18 Aug 2025, 17:02","","Triceps Pushdown",0,"",2,"normal",60,15,,,
"PUSH","18 Aug 2025, 15:48","18 Aug 2025, 17:02","","Incline Chest Press (Machine)",1,"",0,"normal",120,15,,,
"PUSH","18 Aug 2025, 15:48","18 Aug 2025, 17:02","","Incline Chest Press (Machine)",1,"",1,"normal",120,15,,,
"PUSH","18 Aug 2025, 15:48","18 Aug 2025, 17:02","","Incline Chest Press (Machine)",1,"",2,"normal",120,15,,,
"PUSH","18 Aug 2025, 15:48","18 Aug 2025, 17:02","","Front Raise (Cable)",1,"",0,"normal",35,15,,,
"PUSH","18 Aug 2025, 15:48","18 Aug 2025, 17:02","","Front Raise (Cable)",1,"",1,"normal",35,15,,,
"PUSH","18 Aug 2025, 15:48","18 Aug 2025, 17:02","","Front Raise (Cable)",1,"",2,"normal",35,15,,,
"PUSH","18 Aug 2025, 15:48","18 Aug 2025, 17:02","","Decline Bench Press (Machine)",2,"",0,"normal",140,15,,,
"PUSH","18 Aug 2025, 15:48","18 Aug 2025, 17:02","","Decline Bench Press (Machine)",2,"",1,"normal",140,15,,,
"PUSH","18 Aug 2025, 15:48","18 Aug 2025, 17:02","","Decline Bench Press (Machine)",2,"",2,"normal",150,12,,,
"PUSH","18 Aug 2025, 15:48","18 Aug 2025, 17:02","","Seated Shoulder Press (Machine)",2,"",0,"normal",100,15,,,
"PUSH","18 Aug 2025, 15:48","18 Aug 2025, 17:02","","Seated Shoulder Press (Machine)",2,"",1,"normal",100,15,,,
"PUSH","18 Aug 2025, 15:48","18 Aug 2025, 17:02","","Seated Shoulder Press (Machine)",2,"",2,"normal",100,15,,,
"PULL","17 Aug 2025, 13:30","17 Aug 2025, 14:57","","Lat Pulldown (Cable)",,"",0,"normal",120,15,,,
"PULL","17 Aug 2025, 13:30","17 Aug 2025, 14:57","","Lat Pulldown (Cable)",,"",1,"normal",120,15,,,
"PULL","17 Aug 2025, 13:30","17 Aug 2025, 14:57","","Lat Pulldown (Cable)",,"",2,"normal",120,15,,,
"PULL","17 Aug 2025, 13:30","17 Aug 2025, 14:57","","Bicep Curl (Cable)",,"",0,"normal",60,15,,,
"PULL","17 Aug 2025, 13:30","17 Aug 2025, 14:57","","Bicep Curl (Cable)",,"",1,"normal",60,15,,,
"PULL","17 Aug 2025, 13:30","17 Aug 2025, 14:57","","Bicep Curl (Cable)",,"",2,"normal",60,15,,,
"PULL","17 Aug 2025, 13:30","17 Aug 2025, 14:57","","Seated Cable Row - Bar Grip",,"",0,"normal",130,15,,,
"PULL","17 Aug 2025, 13:30","17 Aug 2025, 14:57","","Seated Cable Row - Bar Grip",,"",1,"normal",130,15,,,
"PULL","17 Aug 2025, 13:30","17 Aug 2025, 14:57","","Seated Cable Row - Bar Grip",,"",2,"normal",130,15,,,
"PULL","17 Aug 2025, 13:30","17 Aug 2025, 14:57","","Shrug (Cable)",,"",0,"normal",150,15,,,
"PULL","17 Aug 2025, 13:30","17 Aug 2025, 14:57","","Shrug (Cable)",,"",1,"normal",150,15,,,
"PULL","17 Aug 2025, 13:30","17 Aug 2025, 14:57","","Shrug (Cable)",,"",2,"normal",150,15,,,
"PULL","17 Aug 2025, 13:30","17 Aug 2025, 14:57","","Upright Row (Cable)",,"",0,"normal",70,15,,,
"PULL","17 Aug 2025, 13:30","17 Aug 2025, 14:57","","Upright Row (Cable)",,"",1,"normal",80,15,,,
"PULL","17 Aug 2025, 13:30","17 Aug 2025, 14:57","","Upright Row (Cable)",,"",2,"normal",90,15,,,
"PULL","17 Aug 2025, 13:30","17 Aug 2025, 14:57","","Reverse Curl (Cable)",,"",0,"normal",60,15,,,
"PULL","17 Aug 2025, 13:30","17 Aug 2025, 14:57","","Reverse Curl (Cable)",,"",1,"normal",60,15,,,
"PULL","17 Aug 2025, 13:30","17 Aug 2025, 14:57","","Reverse Curl (Cable)",,"",2,"normal",60,15,,,
"PUSH","15 Aug 2025, 21:46","15 Aug 2025, 22:46","","Chest Press (Machine)",,"",0,"normal",150,15,,,
"PUSH","15 Aug 2025, 21:46","15 Aug 2025, 22:46","","Chest Press (Machine)",,"",1,"normal",150,15,,,
"PUSH","15 Aug 2025, 21:46","15 Aug 2025, 22:46","","Chest Press (Machine)",,"",2,"normal",150,15,,,
"PUSH","15 Aug 2025, 21:46","15 Aug 2025, 22:46","","Triceps Pushdown",,"",0,"normal",60,15,,,
"PUSH","15 Aug 2025, 21:46","15 Aug 2025, 22:46","","Triceps Pushdown",,"",1,"normal",60,15,,,
"PUSH","15 Aug 2025, 21:46","15 Aug 2025, 22:46","","Triceps Pushdown",,"",2,"normal",60,15,,,
"PUSH","15 Aug 2025, 21:46","15 Aug 2025, 22:46","","Incline Chest Press (Machine)",,"",0,"normal",120,15,,,
"PUSH","15 Aug 2025, 21:46","15 Aug 2025, 22:46","","Incline Chest Press (Machine)",,"",1,"normal",120,15,,,
"PUSH","15 Aug 2025, 21:46","15 Aug 2025, 22:46","","Incline Chest Press (Machine)",,"",2,"normal",120,15,,,
"PUSH","15 Aug 2025, 21:46","15 Aug 2025, 22:46","","Front Raise (Cable)",,"",0,"normal",35,15,,,
"PUSH","15 Aug 2025, 21:46","15 Aug 2025, 22:46","","Front Raise (Cable)",,"",1,"normal",35,15,,,
"PUSH","15 Aug 2025, 21:46","15 Aug 2025, 22:46","","Front Raise (Cable)",,"",2,"normal",35,15,,,
"PUSH","15 Aug 2025, 21:46","15 Aug 2025, 22:46","","Decline Bench Press (Machine)",,"",0,"normal",140,15,,,
"PUSH","15 Aug 2025, 21:46","15 Aug 2025, 22:46","","Decline Bench Press (Machine)",,"",1,"normal",140,12,,,
"PUSH","15 Aug 2025, 21:46","15 Aug 2025, 22:46","","Seated Shoulder Press (Machine)",,"",0,"normal",100,13,,,
"PUSH","15 Aug 2025, 21:46","15 Aug 2025, 22:46","","Seated Shoulder Press (Machine)",,"",1,"normal",80,8,,,
"quick arm before ayce","15 Aug 2025, 17:32","15 Aug 2025, 17:54","first workout in 2 weeks 😭","Bicep Curl (Barbell)",0,"",0,"normal",55,20,,,
"quick arm before ayce","15 Aug 2025, 17:32","15 Aug 2025, 17:54","first workout in 2 weeks 😭","Bicep Curl (Barbell)",0,"",1,"normal",55,20,,,
"quick arm before ayce","15 Aug 2025, 17:32","15 Aug 2025, 17:54","first workout in 2 weeks 😭","Bicep Curl (Barbell)",0,"",2,"normal",55,20,,,
"quick arm before ayce","15 Aug 2025, 17:32","15 Aug 2025, 17:54","first workout in 2 weeks 😭","Overhead Press (Barbell)",0,"",0,"normal",55,20,,,
"quick arm before ayce","15 Aug 2025, 17:32","15 Aug 2025, 17:54","first workout in 2 weeks 😭","Overhead Press (Barbell)",0,"",1,"normal",55,20,,,
"quick arm before ayce","15 Aug 2025, 17:32","15 Aug 2025, 17:54","first workout in 2 weeks 😭","Overhead Press (Barbell)",0,"",2,"normal",55,20,,,
"quick arm before ayce","15 Aug 2025, 17:32","15 Aug 2025, 17:54","first workout in 2 weeks 😭","Front Raise (Barbell)",,"",0,"normal",55,15,,,
"quick arm before ayce","15 Aug 2025, 17:32","15 Aug 2025, 17:54","first workout in 2 weeks 😭","Front Raise (Barbell)",,"",1,"normal",55,15,,,
"quick arm before ayce","15 Aug 2025, 17:32","15 Aug 2025, 17:54","first workout in 2 weeks 😭","Front Raise (Barbell)",,"",2,"normal",55,15,,,
"PUSH","3 Aug 2025, 12:57","3 Aug 2025, 14:22","","Chest Press (Machine)",0,"",0,"normal",150,15,,,
"PUSH","3 Aug 2025, 12:57","3 Aug 2025, 14:22","","Chest Press (Machine)",0,"",1,"normal",150,15,,,
"PUSH","3 Aug 2025, 12:57","3 Aug 2025, 14:22","","Chest Press (Machine)",0,"",2,"normal",150,15,,,
"PUSH","3 Aug 2025, 12:57","3 Aug 2025, 14:22","","Triceps Pushdown",0,"",0,"normal",60,15,,,
"PUSH","3 Aug 2025, 12:57","3 Aug 2025, 14:22","","Triceps Pushdown",0,"",1,"normal",60,15,,,
"PUSH","3 Aug 2025, 12:57","3 Aug 2025, 14:22","","Triceps Pushdown",0,"",2,"normal",60,15,,,
"PUSH","3 Aug 2025, 12:57","3 Aug 2025, 14:22","","Incline Chest Press (Machine)",1,"",0,"normal",120,15,,,
"PUSH","3 Aug 2025, 12:57","3 Aug 2025, 14:22","","Incline Chest Press (Machine)",1,"",1,"normal",120,15,,,
"PUSH","3 Aug 2025, 12:57","3 Aug 2025, 14:22","","Incline Chest Press (Machine)",1,"",2,"normal",120,15,,,
"PUSH","3 Aug 2025, 12:57","3 Aug 2025, 14:22","","Front Raise (Cable)",1,"",0,"normal",35,15,,,
"PUSH","3 Aug 2025, 12:57","3 Aug 2025, 14:22","","Front Raise (Cable)",1,"",1,"normal",35,15,,,
"PUSH","3 Aug 2025, 12:57","3 Aug 2025, 14:22","","Front Raise (Cable)",1,"",2,"normal",35,15,,,
"PUSH","3 Aug 2025, 12:57","3 Aug 2025, 14:22","","Decline Bench Press (Machine)",2,"",0,"normal",140,15,,,
"PUSH","3 Aug 2025, 12:57","3 Aug 2025, 14:22","","Decline Bench Press (Machine)",2,"",1,"normal",140,15,,,
"PUSH","3 Aug 2025, 12:57","3 Aug 2025, 14:22","","Decline Bench Press (Machine)",2,"",2,"normal",140,15,,,
"PUSH","3 Aug 2025, 12:57","3 Aug 2025, 14:22","","Seated Shoulder Press (Machine)",2,"",0,"normal",100,15,,,
"PUSH","3 Aug 2025, 12:57","3 Aug 2025, 14:22","","Seated Shoulder Press (Machine)",2,"",1,"normal",100,15,,,
"PUSH","3 Aug 2025, 12:57","3 Aug 2025, 14:22","","Seated Shoulder Press (Machine)",2,"",2,"normal",100,15,,,
"quick light push","2 Aug 2025, 16:21","2 Aug 2025, 16:45","","Chest Press (Machine)",0,"",0,"normal",150,15,,,
"quick light push","2 Aug 2025, 16:21","2 Aug 2025, 16:45","","Chest Press (Machine)",0,"",1,"normal",150,15,,,
"quick light push","2 Aug 2025, 16:21","2 Aug 2025, 16:45","","Chest Press (Machine)",0,"",2,"normal",150,15,,,
"quick light push","2 Aug 2025, 16:21","2 Aug 2025, 16:45","","Triceps Pushdown",0,"",0,"normal",60,15,,,
"quick light push","2 Aug 2025, 16:21","2 Aug 2025, 16:45","","Triceps Pushdown",0,"",1,"normal",60,15,,,
"quick light push","2 Aug 2025, 16:21","2 Aug 2025, 16:45","","Triceps Pushdown",0,"",2,"normal",60,15,,,
"PULL","31 Jul 2025, 09:42","31 Jul 2025, 11:02","","Lat Pulldown (Cable)",0,"",0,"normal",120,15,,,
"PULL","31 Jul 2025, 09:42","31 Jul 2025, 11:02","","Lat Pulldown (Cable)",0,"",1,"normal",120,15,,,
"PULL","31 Jul 2025, 09:42","31 Jul 2025, 11:02","","Lat Pulldown (Cable)",0,"",2,"normal",120,15,,,
"PULL","31 Jul 2025, 09:42","31 Jul 2025, 11:02","","Bicep Curl (Cable)",0,"",0,"normal",60,15,,,
"PULL","31 Jul 2025, 09:42","31 Jul 2025, 11:02","","Bicep Curl (Cable)",0,"",1,"normal",60,15,,,
"PULL","31 Jul 2025, 09:42","31 Jul 2025, 11:02","","Bicep Curl (Cable)",0,"",2,"normal",60,15,,,
"PULL","31 Jul 2025, 09:42","31 Jul 2025, 11:02","","Seated Cable Row - Bar Grip",1,"",0,"normal",130,15,,,
"PULL","31 Jul 2025, 09:42","31 Jul 2025, 11:02","","Seated Cable Row - Bar Grip",1,"",1,"normal",130,15,,,
"PULL","31 Jul 2025, 09:42","31 Jul 2025, 11:02","","Seated Cable Row - Bar Grip",1,"",2,"normal",130,15,,,
"PULL","31 Jul 2025, 09:42","31 Jul 2025, 11:02","","Shrug (Cable)",1,"",0,"normal",150,15,,,
"PULL","31 Jul 2025, 09:42","31 Jul 2025, 11:02","","Shrug (Cable)",1,"",1,"normal",150,15,,,
"PULL","31 Jul 2025, 09:42","31 Jul 2025, 11:02","","Shrug (Cable)",1,"",2,"normal",150,15,,,
"PULL","31 Jul 2025, 09:42","31 Jul 2025, 11:02","","Upright Row (Cable)",2,"",0,"normal",100,12,,,
"PULL","31 Jul 2025, 09:42","31 Jul 2025, 11:02","","Upright Row (Cable)",2,"",1,"normal",100,12,,,
"PULL","31 Jul 2025, 09:42","31 Jul 2025, 11:02","","Upright Row (Cable)",2,"",2,"normal",100,12,,,
"PULL","31 Jul 2025, 09:42","31 Jul 2025, 11:02","","Reverse Curl (Cable)",2,"",0,"normal",60,15,,,
"PULL","31 Jul 2025, 09:42","31 Jul 2025, 11:02","","Reverse Curl (Cable)",2,"",1,"normal",60,15,,,
"PULL","31 Jul 2025, 09:42","31 Jul 2025, 11:02","","Reverse Curl (Cable)",2,"",2,"normal",60,15,,,
"PUSH","29 Jul 2025, 06:06","29 Jul 2025, 07:13","","Chest Press (Machine)",0,"",0,"normal",150,15,,,
"PUSH","29 Jul 2025, 06:06","29 Jul 2025, 07:13","","Chest Press (Machine)",0,"",1,"normal",150,15,,,
"PUSH","29 Jul 2025, 06:06","29 Jul 2025, 07:13","","Chest Press (Machine)",0,"",2,"normal",150,15,,,
"PUSH","29 Jul 2025, 06:06","29 Jul 2025, 07:13","","Triceps Pushdown",0,"",0,"normal",60,15,,,
"PUSH","29 Jul 2025, 06:06","29 Jul 2025, 07:13","","Triceps Pushdown",0,"",1,"normal",60,15,,,
"PUSH","29 Jul 2025, 06:06","29 Jul 2025, 07:13","","Triceps Pushdown",0,"",2,"normal",60,15,,,
"PUSH","29 Jul 2025, 06:06","29 Jul 2025, 07:13","","Incline Chest Press (Machine)",1,"",0,"normal",120,15,,,
"PUSH","29 Jul 2025, 06:06","29 Jul 2025, 07:13","","Incline Chest Press (Machine)",1,"",1,"normal",120,15,,,
"PUSH","29 Jul 2025, 06:06","29 Jul 2025, 07:13","","Incline Chest Press (Machine)",1,"",2,"normal",120,15,,,
"PUSH","29 Jul 2025, 06:06","29 Jul 2025, 07:13","","Front Raise (Cable)",1,"",0,"normal",35,15,,,
"PUSH","29 Jul 2025, 06:06","29 Jul 2025, 07:13","","Front Raise (Cable)",1,"",1,"normal",35,15,,,
"PUSH","29 Jul 2025, 06:06","29 Jul 2025, 07:13","","Front Raise (Cable)",1,"",2,"normal",35,15,,,
"PUSH","29 Jul 2025, 06:06","29 Jul 2025, 07:13","","Decline Bench Press (Machine)",2,"",0,"normal",140,15,,,
"PUSH","29 Jul 2025, 06:06","29 Jul 2025, 07:13","","Decline Bench Press (Machine)",2,"",1,"normal",140,15,,,
"PUSH","29 Jul 2025, 06:06","29 Jul 2025, 07:13","","Decline Bench Press (Machine)",2,"",2,"dropset",110,15,,,
"PUSH","29 Jul 2025, 06:06","29 Jul 2025, 07:13","","Seated Shoulder Press (Machine)",2,"",0,"normal",100,15,,,
"PUSH","29 Jul 2025, 06:06","29 Jul 2025, 07:13","","Seated Shoulder Press (Machine)",2,"",1,"normal",100,15,,,
"PUSH","29 Jul 2025, 06:06","29 Jul 2025, 07:13","","Seated Shoulder Press (Machine)",2,"",2,"dropset",70,15,,,
"PULL","24 Jul 2025, 21:47","24 Jul 2025, 22:56","","Lat Pulldown (Cable)",0,"",0,"normal",120,15,,,
"PULL","24 Jul 2025, 21:47","24 Jul 2025, 22:56","","Lat Pulldown (Cable)",0,"",1,"normal",120,15,,,
"PULL","24 Jul 2025, 21:47","24 Jul 2025, 22:56","","Lat Pulldown (Cable)",0,"",2,"normal",120,15,,,
"PULL","24 Jul 2025, 21:47","24 Jul 2025, 22:56","","Bicep Curl (Cable)",0,"",0,"normal",60,15,,,
"PULL","24 Jul 2025, 21:47","24 Jul 2025, 22:56","","Bicep Curl (Cable)",0,"",1,"normal",60,15,,,
"PULL","24 Jul 2025, 21:47","24 Jul 2025, 22:56","","Bicep Curl (Cable)",0,"",2,"normal",60,15,,,
"PULL","24 Jul 2025, 21:47","24 Jul 2025, 22:56","","Seated Cable Row - Bar Grip",1,"",0,"normal",130,15,,,
"PULL","24 Jul 2025, 21:47","24 Jul 2025, 22:56","","Seated Cable Row - Bar Grip",1,"",1,"normal",130,15,,,
"PULL","24 Jul 2025, 21:47","24 Jul 2025, 22:56","","Seated Cable Row - Bar Grip",1,"",2,"normal",130,15,,,
"PULL","24 Jul 2025, 21:47","24 Jul 2025, 22:56","","Shrug (Cable)",1,"",0,"normal",150,15,,,
"PULL","24 Jul 2025, 21:47","24 Jul 2025, 22:56","","Shrug (Cable)",1,"",1,"normal",150,15,,,
"PULL","24 Jul 2025, 21:47","24 Jul 2025, 22:56","","Shrug (Cable)",1,"",2,"normal",150,15,,,
"PULL","24 Jul 2025, 21:47","24 Jul 2025, 22:56","","Reverse Curl (Cable)",2,"",0,"normal",50,15,,,
"PULL","24 Jul 2025, 21:47","24 Jul 2025, 22:56","","Reverse Curl (Cable)",2,"",1,"normal",50,15,,,
"PULL","24 Jul 2025, 21:47","24 Jul 2025, 22:56","","Reverse Curl (Cable)",2,"",2,"normal",60,15,,,
"PULL","24 Jul 2025, 21:47","24 Jul 2025, 22:56","","Upright Row (Cable)",2,"",0,"normal",100,12,,,
"PULL","24 Jul 2025, 21:47","24 Jul 2025, 22:56","","Upright Row (Cable)",2,"",1,"normal",100,12,,,
"PULL","24 Jul 2025, 21:47","24 Jul 2025, 22:56","","Upright Row (Cable)",2,"",2,"normal",100,12,,,
"PUSH","22 Jul 2025, 09:12","22 Jul 2025, 10:32","","Chest Press (Machine)",0,"",0,"warmup",130,15,,,
"PUSH","22 Jul 2025, 09:12","22 Jul 2025, 10:32","","Chest Press (Machine)",0,"",1,"normal",150,15,,,
"PUSH","22 Jul 2025, 09:12","22 Jul 2025, 10:32","","Chest Press (Machine)",0,"",2,"normal",150,15,,,
"PUSH","22 Jul 2025, 09:12","22 Jul 2025, 10:32","","Chest Press (Machine)",0,"",3,"normal",150,15,,,
"PUSH","22 Jul 2025, 09:12","22 Jul 2025, 10:32","","Triceps Pushdown",0,"",0,"warmup",50,15,,,
"PUSH","22 Jul 2025, 09:12","22 Jul 2025, 10:32","","Triceps Pushdown",0,"",1,"normal",60,15,,,
"PUSH","22 Jul 2025, 09:12","22 Jul 2025, 10:32","","Triceps Pushdown",0,"",2,"normal",60,15,,,
"PUSH","22 Jul 2025, 09:12","22 Jul 2025, 10:32","","Triceps Pushdown",0,"",3,"normal",60,15,,,
"PUSH","22 Jul 2025, 09:12","22 Jul 2025, 10:32","","Incline Chest Press (Machine)",1,"",0,"normal",120,12,,,
"PUSH","22 Jul 2025, 09:12","22 Jul 2025, 10:32","","Incline Chest Press (Machine)",1,"",1,"normal",110,15,,,
"PUSH","22 Jul 2025, 09:12","22 Jul 2025, 10:32","","Incline Chest Press (Machine)",1,"",2,"normal",110,12,,,
"PUSH","22 Jul 2025, 09:12","22 Jul 2025, 10:32","","Seated Shoulder Press (Machine)",1,"",0,"normal",100,15,,,
"PUSH","22 Jul 2025, 09:12","22 Jul 2025, 10:32","","Seated Shoulder Press (Machine)",1,"",1,"normal",80,15,,,
"PUSH","22 Jul 2025, 09:12","22 Jul 2025, 10:32","","Seated Shoulder Press (Machine)",1,"",2,"normal",80,12,,,
"PUSH","22 Jul 2025, 09:12","22 Jul 2025, 10:32","","Front Raise (Barbell)",,"",0,"normal",55,15,,,
"PUSH","22 Jul 2025, 09:12","22 Jul 2025, 10:32","","Front Raise (Barbell)",,"",1,"normal",55,15,,,
"PUSH","22 Jul 2025, 09:12","22 Jul 2025, 10:32","","Front Raise (Barbell)",,"",2,"normal",55,15,,,
"quick pull","21 Jul 2025, 21:36","21 Jul 2025, 22:24","","Seated Cable Row - Bar Grip",0,"",0,"normal",130,15,,,
"quick pull","21 Jul 2025, 21:36","21 Jul 2025, 22:24","","Seated Cable Row - Bar Grip",0,"",1,"normal",130,15,,,
"quick pull","21 Jul 2025, 21:36","21 Jul 2025, 22:24","","Seated Cable Row - Bar Grip",0,"",2,"normal",130,15,,,
"quick pull","21 Jul 2025, 21:36","21 Jul 2025, 22:24","","Bicep Curl (Cable)",0,"",0,"normal",50,15,,,
"quick pull","21 Jul 2025, 21:36","21 Jul 2025, 22:24","","Bicep Curl (Cable)",0,"",1,"normal",60,15,,,
"quick pull","21 Jul 2025, 21:36","21 Jul 2025, 22:24","","Bicep Curl (Cable)",0,"",2,"normal",60,15,,,
"quick pull","21 Jul 2025, 21:36","21 Jul 2025, 22:24","","Lat Pulldown (Cable)",1,"",0,"normal",120,12,,,
"quick pull","21 Jul 2025, 21:36","21 Jul 2025, 22:24","","Lat Pulldown (Cable)",1,"",1,"normal",120,15,,,
"quick pull","21 Jul 2025, 21:36","21 Jul 2025, 22:24","","Lat Pulldown (Cable)",1,"",2,"normal",120,15,,,
"quick pull","21 Jul 2025, 21:36","21 Jul 2025, 22:24","","Shrug (Cable)",1,"",0,"normal",150,15,,,
"quick pull","21 Jul 2025, 21:36","21 Jul 2025, 22:24","","Shrug (Cable)",1,"",1,"normal",150,15,,,
"quick pull","21 Jul 2025, 21:36","21 Jul 2025, 22:24","","Shrug (Cable)",1,"",2,"normal",150,15,,,
"quick cottage workout","17 Jul 2025, 16:30","17 Jul 2025, 17:04","","Push Up",0,"",0,"normal",,20,,,
"quick cottage workout","17 Jul 2025, 16:30","17 Jul 2025, 17:04","","Push Up",0,"",1,"normal",,20,,,
"quick cottage workout","17 Jul 2025, 16:30","17 Jul 2025, 17:04","","Push Up",0,"",2,"normal",,20,,,
"quick cottage workout","17 Jul 2025, 16:30","17 Jul 2025, 17:04","","Crunch",0,"",0,"normal",,15,,,
"quick cottage workout","17 Jul 2025, 16:30","17 Jul 2025, 17:04","","Crunch",0,"",1,"normal",,30,,,
"quick cottage workout","17 Jul 2025, 16:30","17 Jul 2025, 17:04","","Crunch",0,"",2,"normal",,20,,,
"quick cottage workout","17 Jul 2025, 16:30","17 Jul 2025, 17:04","","High Knees",1,"",0,"normal",,25,,,
"quick cottage workout","17 Jul 2025, 16:30","17 Jul 2025, 17:04","","High Knees",1,"",1,"normal",,30,,,
"quick cottage workout","17 Jul 2025, 16:30","17 Jul 2025, 17:04","","High Knees",1,"",2,"normal",,30,,,
"quick cottage workout","17 Jul 2025, 16:30","17 Jul 2025, 17:04","","Bench Dip",1,"",0,"normal",,15,,,
"quick cottage workout","17 Jul 2025, 16:30","17 Jul 2025, 17:04","","Bench Dip",1,"",1,"normal",,15,,,
"quick cottage workout","17 Jul 2025, 16:30","17 Jul 2025, 17:04","","Bench Dip",1,"",2,"normal",,15,,,
"PUSH","15 Jul 2025, 12:33","15 Jul 2025, 14:01","","Push Up",,"",0,"normal",,20,,,
"PUSH","15 Jul 2025, 12:33","15 Jul 2025, 14:01","","Chest Press (Machine)",0,"",0,"warmup",130,15,,,
"PUSH","15 Jul 2025, 12:33","15 Jul 2025, 14:01","","Chest Press (Machine)",0,"",1,"normal",150,15,,,
"PUSH","15 Jul 2025, 12:33","15 Jul 2025, 14:01","","Chest Press (Machine)",0,"",2,"normal",150,15,,,
"PUSH","15 Jul 2025, 12:33","15 Jul 2025, 14:01","","Chest Press (Machine)",0,"",3,"normal",150,15,,,
"PUSH","15 Jul 2025, 12:33","15 Jul 2025, 14:01","","Triceps Pushdown",0,"",0,"warmup",50,15,,,
"PUSH","15 Jul 2025, 12:33","15 Jul 2025, 14:01","","Triceps Pushdown",0,"",1,"normal",60,15,,,
"PUSH","15 Jul 2025, 12:33","15 Jul 2025, 14:01","","Triceps Pushdown",0,"",2,"normal",60,15,,,
"PUSH","15 Jul 2025, 12:33","15 Jul 2025, 14:01","","Triceps Pushdown",0,"",3,"normal",60,15,,,
"PUSH","15 Jul 2025, 12:33","15 Jul 2025, 14:01","","Incline Chest Press (Machine)",1,"",0,"normal",120,15,,,
"PUSH","15 Jul 2025, 12:33","15 Jul 2025, 14:01","","Incline Chest Press (Machine)",1,"",1,"normal",120,15,,,
"PUSH","15 Jul 2025, 12:33","15 Jul 2025, 14:01","","Incline Chest Press (Machine)",1,"",2,"normal",120,15,,,
"PUSH","15 Jul 2025, 12:33","15 Jul 2025, 14:01","","Seated Shoulder Press (Machine)",1,"",0,"normal",100,15,,,
"PUSH","15 Jul 2025, 12:33","15 Jul 2025, 14:01","","Seated Shoulder Press (Machine)",1,"",1,"normal",100,15,,,
"PUSH","15 Jul 2025, 12:33","15 Jul 2025, 14:01","","Seated Shoulder Press (Machine)",1,"",2,"normal",100,12,,,
"PUSH","15 Jul 2025, 12:33","15 Jul 2025, 14:01","","Decline Bench Press (Machine)",1,"",0,"normal",140,15,,,
"PUSH","15 Jul 2025, 12:33","15 Jul 2025, 14:01","","Decline Bench Press (Machine)",1,"",1,"normal",140,15,,,
"PUSH","15 Jul 2025, 12:33","15 Jul 2025, 14:01","","Decline Bench Press (Machine)",1,"",2,"normal",140,12,,,
"home PULL","14 Jul 2025, 00:37","14 Jul 2025, 01:49","","Bicep Curl (Barbell)",0,"",0,"normal",55,20,,,
"home PULL","14 Jul 2025, 00:37","14 Jul 2025, 01:49","","Bicep Curl (Barbell)",0,"",1,"normal",55,20,,,
"home PULL","14 Jul 2025, 00:37","14 Jul 2025, 01:49","","Bicep Curl (Barbell)",0,"",2,"normal",55,20,,,
"home PULL","14 Jul 2025, 00:37","14 Jul 2025, 01:49","","Bicep Curl (Barbell)",0,"",3,"normal",55,20,,,
"home PULL","14 Jul 2025, 00:37","14 Jul 2025, 01:49","","Bent Over Row (Barbell)",0,"",0,"normal",55,25,,,
"home PULL","14 Jul 2025, 00:37","14 Jul 2025, 01:49","","Bent Over Row (Barbell)",0,"",1,"normal",55,25,,,
"home PULL","14 Jul 2025, 00:37","14 Jul 2025, 01:49","","Bent Over Row (Barbell)",0,"",2,"normal",55,25,,,
"home PULL","14 Jul 2025, 00:37","14 Jul 2025, 01:49","","Bent Over Row (Barbell)",0,"",3,"normal",55,25,,,
"home PULL","14 Jul 2025, 00:37","14 Jul 2025, 01:49","","Front Raise (Barbell)",1,"",0,"normal",55,15,,,
"home PULL","14 Jul 2025, 00:37","14 Jul 2025, 01:49","","Front Raise (Barbell)",1,"",1,"normal",55,15,,,
"home PULL","14 Jul 2025, 00:37","14 Jul 2025, 01:49","","Front Raise (Barbell)",1,"",2,"normal",55,15,,,
"home PULL","14 Jul 2025, 00:37","14 Jul 2025, 01:49","","Upright Row (Barbell)",1,"",0,"normal",55,15,,,
"home PULL","14 Jul 2025, 00:37","14 Jul 2025, 01:49","","Upright Row (Barbell)",1,"",1,"normal",55,20,,,
"home PULL","14 Jul 2025, 00:37","14 Jul 2025, 01:49","","Upright Row (Barbell)",1,"",2,"normal",55,20,,,
"home PULL","14 Jul 2025, 00:37","14 Jul 2025, 01:49","","Shrug (Barbell)",2,"",0,"normal",55,30,,,
"home PULL","14 Jul 2025, 00:37","14 Jul 2025, 01:49","","Shrug (Barbell)",2,"",1,"normal",55,50,,,
"home PULL","14 Jul 2025, 00:37","14 Jul 2025, 01:49","","Shrug (Barbell)",2,"",2,"normal",55,50,,,
"home PULL","14 Jul 2025, 00:37","14 Jul 2025, 01:49","","Reverse Curl (Barbell)",2,"",0,"normal",55,15,,,
"home PULL","14 Jul 2025, 00:37","14 Jul 2025, 01:49","","Reverse Curl (Barbell)",2,"",1,"normal",55,15,,,
"home PULL","14 Jul 2025, 00:37","14 Jul 2025, 01:49","","Reverse Curl (Barbell)",2,"",2,"normal",55,15,,,
"quick push","10 Jul 2025, 14:22","10 Jul 2025, 15:23","","Chest Press (Machine)",0,"",0,"warmup",130,15,,,
"quick push","10 Jul 2025, 14:22","10 Jul 2025, 15:23","","Chest Press (Machine)",0,"",1,"normal",150,15,,,
"quick push","10 Jul 2025, 14:22","10 Jul 2025, 15:23","","Chest Press (Machine)",0,"",2,"normal",150,15,,,
"quick push","10 Jul 2025, 14:22","10 Jul 2025, 15:23","","Chest Press (Machine)",0,"",3,"normal",150,15,,,
"quick push","10 Jul 2025, 14:22","10 Jul 2025, 15:23","","Triceps Pushdown",0,"",0,"warmup",50,15,,,
"quick push","10 Jul 2025, 14:22","10 Jul 2025, 15:23","","Triceps Pushdown",0,"",1,"normal",60,15,,,
"quick push","10 Jul 2025, 14:22","10 Jul 2025, 15:23","","Triceps Pushdown",0,"",2,"normal",60,15,,,
"quick push","10 Jul 2025, 14:22","10 Jul 2025, 15:23","","Triceps Pushdown",0,"",3,"normal",60,15,,,
"quick push","10 Jul 2025, 14:22","10 Jul 2025, 15:23","","Decline Bench Press (Machine)",1,"",0,"normal",140,15,,,
"quick push","10 Jul 2025, 14:22","10 Jul 2025, 15:23","","Decline Bench Press (Machine)",1,"",1,"normal",140,6,,,
"quick push","10 Jul 2025, 14:22","10 Jul 2025, 15:23","","Decline Bench Press (Machine)",1,"",2,"normal",140,15,,,
"quick push","10 Jul 2025, 14:22","10 Jul 2025, 15:23","","Seated Shoulder Press (Machine)",1,"",0,"normal",100,15,,,
"quick push","10 Jul 2025, 14:22","10 Jul 2025, 15:23","","Seated Shoulder Press (Machine)",1,"",1,"normal",100,15,,,
"quick push","10 Jul 2025, 14:22","10 Jul 2025, 15:23","","Seated Shoulder Press (Machine)",1,"",2,"normal",110,11,,,
"PULL at home","7 Jul 2025, 21:24","7 Jul 2025, 22:40","","Bicep Curl (Barbell)",0,"",0,"normal",55,20,,,
"PULL at home","7 Jul 2025, 21:24","7 Jul 2025, 22:40","","Bicep Curl (Barbell)",0,"",1,"normal",55,20,,,
"PULL at home","7 Jul 2025, 21:24","7 Jul 2025, 22:40","","Bicep Curl (Barbell)",0,"",2,"normal",55,25,,,
"PULL at home","7 Jul 2025, 21:24","7 Jul 2025, 22:40","","Front Raise (Barbell)",0,"",0,"normal",55,15,,,
"PULL at home","7 Jul 2025, 21:24","7 Jul 2025, 22:40","","Front Raise (Barbell)",0,"",1,"normal",55,15,,,
"PULL at home","7 Jul 2025, 21:24","7 Jul 2025, 22:40","","Front Raise (Barbell)",0,"",2,"normal",55,15,,,
"PULL at home","7 Jul 2025, 21:24","7 Jul 2025, 22:40","","Overhead Press (Barbell)",1,"",0,"normal",55,20,,,
"PULL at home","7 Jul 2025, 21:24","7 Jul 2025, 22:40","","Overhead Press (Barbell)",1,"",1,"normal",55,20,,,
"PULL at home","7 Jul 2025, 21:24","7 Jul 2025, 22:40","","Overhead Press (Barbell)",1,"",2,"normal",55,20,,,
"PULL at home","7 Jul 2025, 21:24","7 Jul 2025, 22:40","","Shrug (Barbell)",1,"",0,"normal",55,30,,,
"PULL at home","7 Jul 2025, 21:24","7 Jul 2025, 22:40","","Shrug (Barbell)",1,"",1,"normal",55,30,,,
"PULL at home","7 Jul 2025, 21:24","7 Jul 2025, 22:40","","Shrug (Barbell)",1,"",2,"normal",55,30,,,
"PULL at home","7 Jul 2025, 21:24","7 Jul 2025, 22:40","","Bent Over Row (Barbell)",2,"",0,"normal",55,25,,,
"PULL at home","7 Jul 2025, 21:24","7 Jul 2025, 22:40","","Bent Over Row (Barbell)",2,"",1,"normal",55,25,,,
"PULL at home","7 Jul 2025, 21:24","7 Jul 2025, 22:40","","Bent Over Row (Barbell)",2,"",2,"normal",55,25,,,
"PULL at home","7 Jul 2025, 21:24","7 Jul 2025, 22:40","","Reverse Curl (Barbell)",2,"",0,"normal",55,15,,,
"PULL at home","7 Jul 2025, 21:24","7 Jul 2025, 22:40","","Reverse Curl (Barbell)",2,"",1,"normal",55,15,,,
"PULL at home","7 Jul 2025, 21:24","7 Jul 2025, 22:40","","Reverse Curl (Barbell)",2,"",2,"normal",55,15,,,
"PULL at home","7 Jul 2025, 21:24","7 Jul 2025, 22:40","","Upright Row (Barbell)",2,"",0,"normal",55,15,,,
"PULL at home","7 Jul 2025, 21:24","7 Jul 2025, 22:40","","Upright Row (Barbell)",2,"",1,"normal",55,15,,,
"PULL at home","7 Jul 2025, 21:24","7 Jul 2025, 22:40","","Upright Row (Barbell)",2,"",2,"normal",55,15,,,
"PUSH","5 Jul 2025, 12:13","5 Jul 2025, 13:30","","Chest Press (Machine)",0,"",0,"normal",150,15,,,
"PUSH","5 Jul 2025, 12:13","5 Jul 2025, 13:30","","Chest Press (Machine)",0,"",1,"normal",150,15,,,
"PUSH","5 Jul 2025, 12:13","5 Jul 2025, 13:30","","Chest Press (Machine)",0,"",2,"normal",150,15,,,
"PUSH","5 Jul 2025, 12:13","5 Jul 2025, 13:30","","Triceps Pushdown",0,"",0,"normal",60,15,,,
"PUSH","5 Jul 2025, 12:13","5 Jul 2025, 13:30","","Triceps Pushdown",0,"",1,"normal",60,15,,,
"PUSH","5 Jul 2025, 12:13","5 Jul 2025, 13:30","","Triceps Pushdown",0,"",2,"normal",60,15,,,
"PUSH","5 Jul 2025, 12:13","5 Jul 2025, 13:30","","Incline Chest Press (Machine)",1,"",0,"normal",120,15,,,
"PUSH","5 Jul 2025, 12:13","5 Jul 2025, 13:30","","Incline Chest Press (Machine)",1,"",1,"normal",120,15,,,
"PUSH","5 Jul 2025, 12:13","5 Jul 2025, 13:30","","Incline Chest Press (Machine)",1,"",2,"normal",120,15,,,
"PUSH","5 Jul 2025, 12:13","5 Jul 2025, 13:30","","Seated Shoulder Press (Machine)",1,"",0,"normal",100,15,,,
"PUSH","5 Jul 2025, 12:13","5 Jul 2025, 13:30","","Seated Shoulder Press (Machine)",1,"",1,"normal",100,15,,,
"PUSH","5 Jul 2025, 12:13","5 Jul 2025, 13:30","","Seated Shoulder Press (Machine)",1,"",2,"normal",110,12,,,
"PUSH","5 Jul 2025, 12:13","5 Jul 2025, 13:30","","Decline Bench Press (Machine)",,"",0,"normal",140,9,,,
"PUSH","5 Jul 2025, 12:13","5 Jul 2025, 13:30","","Decline Bench Press (Machine)",,"",1,"normal",140,9,,,
"light pull","4 Jul 2025, 16:14","4 Jul 2025, 17:21","huge back","Lat Pulldown (Cable)",0,"",0,"warmup",80,15,,,
"light pull","4 Jul 2025, 16:14","4 Jul 2025, 17:21","huge back","Lat Pulldown (Cable)",0,"",1,"normal",120,15,,,
"light pull","4 Jul 2025, 16:14","4 Jul 2025, 17:21","huge back","Lat Pulldown (Cable)",0,"",2,"normal",120,15,,,
"light pull","4 Jul 2025, 16:14","4 Jul 2025, 17:21","huge back","Lat Pulldown (Cable)",0,"",3,"normal",130,12,,,
"light pull","4 Jul 2025, 16:14","4 Jul 2025, 17:21","huge back","Triceps Pushdown",0,"",0,"normal",60,15,,,
"light pull","4 Jul 2025, 16:14","4 Jul 2025, 17:21","huge back","Triceps Pushdown",0,"",1,"normal",60,15,,,
"light pull","4 Jul 2025, 16:14","4 Jul 2025, 17:21","huge back","Triceps Pushdown",0,"",2,"normal",60,15,,,
"light pull","4 Jul 2025, 16:14","4 Jul 2025, 17:21","huge back","Triceps Pushdown",0,"",3,"normal",70,12,,,
"light pull","4 Jul 2025, 16:14","4 Jul 2025, 17:21","huge back","Bicep Curl (Cable)",1,"",0,"normal",60,15,,,
"light pull","4 Jul 2025, 16:14","4 Jul 2025, 17:21","huge back","Bicep Curl (Cable)",1,"",1,"normal",50,15,,,
"light pull","4 Jul 2025, 16:14","4 Jul 2025, 17:21","huge back","Bicep Curl (Cable)",1,"",2,"normal",60,15,,,
"light pull","4 Jul 2025, 16:14","4 Jul 2025, 17:21","huge back","Seated Cable Row - Bar Grip",1,"",0,"normal",130,12,,,
"light pull","4 Jul 2025, 16:14","4 Jul 2025, 17:21","huge back","Seated Cable Row - Bar Grip",1,"",1,"normal",130,15,,,
"light pull","4 Jul 2025, 16:14","4 Jul 2025, 17:21","huge back","Seated Cable Row - Bar Grip",1,"",2,"normal",130,15,,,
"light pull","4 Jul 2025, 16:14","4 Jul 2025, 17:21","huge back","Shrug (Cable)",,"",0,"normal",140,15,,,
"PUSH","1 Jul 2025, 12:40","1 Jul 2025, 14:01","","Treadmill",,"",0,"normal",,,0.2,360,
"PUSH","1 Jul 2025, 12:40","1 Jul 2025, 14:01","","Chest Press (Machine)",0,"",0,"normal",150,15,,,
"PUSH","1 Jul 2025, 12:40","1 Jul 2025, 14:01","","Chest Press (Machine)",0,"",1,"normal",150,15,,,
"PUSH","1 Jul 2025, 12:40","1 Jul 2025, 14:01","","Chest Press (Machine)",0,"",2,"normal",150,15,,,
"PUSH","1 Jul 2025, 12:40","1 Jul 2025, 14:01","","Seated Shoulder Press (Machine)",0,"",0,"normal",100,15,,,
"PUSH","1 Jul 2025, 12:40","1 Jul 2025, 14:01","","Seated Shoulder Press (Machine)",0,"",1,"normal",100,15,,,
"PUSH","1 Jul 2025, 12:40","1 Jul 2025, 14:01","","Seated Shoulder Press (Machine)",0,"",2,"normal",110,15,,,
"PUSH","1 Jul 2025, 12:40","1 Jul 2025, 14:01","","Incline Chest Press (Machine)",1,"",0,"normal",120,15,,,
"PUSH","1 Jul 2025, 12:40","1 Jul 2025, 14:01","","Incline Chest Press (Machine)",1,"",1,"normal",120,15,,,
"PUSH","1 Jul 2025, 12:40","1 Jul 2025, 14:01","","Incline Chest Press (Machine)",1,"",2,"normal",120,15,,,
"PUSH","1 Jul 2025, 12:40","1 Jul 2025, 14:01","","Triceps Pushdown",1,"",0,"normal",60,15,,,
"PUSH","1 Jul 2025, 12:40","1 Jul 2025, 14:01","","Triceps Pushdown",1,"",1,"normal",60,15,,,
"PUSH","1 Jul 2025, 12:40","1 Jul 2025, 14:01","","Triceps Pushdown",1,"",2,"normal",70,12,,,
"PUSH","1 Jul 2025, 12:40","1 Jul 2025, 14:01","","Decline Bench Press (Machine)",,"",0,"normal",140,15,,,
"PUSH","1 Jul 2025, 12:40","1 Jul 2025, 14:01","","Decline Bench Press (Machine)",,"",1,"normal",140,15,,,
"PUSH","1 Jul 2025, 12:40","1 Jul 2025, 14:01","","Decline Bench Press (Machine)",,"",2,"normal",140,15,,,
"PULL","28 Jun 2025, 09:45","28 Jun 2025, 10:59","","Lat Pulldown (Cable)",0,"",0,"normal",130,12,,,
"PULL","28 Jun 2025, 09:45","28 Jun 2025, 10:59","","Lat Pulldown (Cable)",0,"",1,"normal",130,15,,,
"PULL","28 Jun 2025, 09:45","28 Jun 2025, 10:59","","Lat Pulldown (Cable)",0,"",2,"normal",130,15,,,
"PULL","28 Jun 2025, 09:45","28 Jun 2025, 10:59","","Triceps Pushdown",0,"",0,"normal",50,15,,,
"PULL","28 Jun 2025, 09:45","28 Jun 2025, 10:59","","Triceps Pushdown",0,"",1,"normal",60,15,,,
"PULL","28 Jun 2025, 09:45","28 Jun 2025, 10:59","","Triceps Pushdown",0,"",2,"normal",60,15,,,
"PULL","28 Jun 2025, 09:45","28 Jun 2025, 10:59","","Upright Row (Cable)",1,"",0,"normal",100,12,,,
"PULL","28 Jun 2025, 09:45","28 Jun 2025, 10:59","","Upright Row (Cable)",1,"",1,"normal",100,12,,,
"PULL","28 Jun 2025, 09:45","28 Jun 2025, 10:59","","Upright Row (Cable)",1,"",2,"normal",100,12,,,
"PULL","28 Jun 2025, 09:45","28 Jun 2025, 10:59","","Bicep Curl (Cable)",1,"",0,"normal",60,15,,,
"PULL","28 Jun 2025, 09:45","28 Jun 2025, 10:59","","Bicep Curl (Cable)",1,"",1,"normal",60,15,,,
"PULL","28 Jun 2025, 09:45","28 Jun 2025, 10:59","","Bicep Curl (Cable)",1,"",2,"normal",60,15,,,
"PULL","28 Jun 2025, 09:45","28 Jun 2025, 10:59","","Seated Cable Row - Bar Grip",2,"",0,"normal",130,15,,,
"PULL","28 Jun 2025, 09:45","28 Jun 2025, 10:59","","Seated Cable Row - Bar Grip",2,"",1,"normal",130,15,,,
"PULL","28 Jun 2025, 09:45","28 Jun 2025, 10:59","","Seated Cable Row - Bar Grip",2,"",2,"normal",130,15,,,
"PULL","28 Jun 2025, 09:45","28 Jun 2025, 10:59","","Shrug (Cable)",2,"",0,"normal",150,15,,,
"PULL","28 Jun 2025, 09:45","28 Jun 2025, 10:59","","Shrug (Cable)",2,"",1,"normal",150,15,,,
"PULL","28 Jun 2025, 09:45","28 Jun 2025, 10:59","","Shrug (Cable)",2,"",2,"normal",150,15,,,
"quick arm","26 Jun 2025, 21:08","26 Jun 2025, 22:02","","Bicep Curl (Barbell)",0,"",0,"normal",40,20,,,
"quick arm","26 Jun 2025, 21:08","26 Jun 2025, 22:02","","Bicep Curl (Barbell)",0,"",1,"normal",55,20,,,
"quick arm","26 Jun 2025, 21:08","26 Jun 2025, 22:02","","Bicep Curl (Barbell)",0,"",2,"normal",55,20,,,
"quick arm","26 Jun 2025, 21:08","26 Jun 2025, 22:02","","Front Raise (Barbell)",0,"",0,"normal",55,15,,,
"quick arm","26 Jun 2025, 21:08","26 Jun 2025, 22:02","","Front Raise (Barbell)",0,"",1,"normal",55,15,,,
"quick arm","26 Jun 2025, 21:08","26 Jun 2025, 22:02","","Front Raise (Barbell)",0,"",2,"normal",55,15,,,
"quick arm","26 Jun 2025, 21:08","26 Jun 2025, 22:02","","Triceps Extension (Barbell)",1,"",0,"normal",55,12,,,
"quick arm","26 Jun 2025, 21:08","26 Jun 2025, 22:02","","Triceps Extension (Barbell)",1,"",1,"normal",55,12,,,
"quick arm","26 Jun 2025, 21:08","26 Jun 2025, 22:02","","Triceps Extension (Barbell)",1,"",2,"normal",55,12,,,
"quick arm","26 Jun 2025, 21:08","26 Jun 2025, 22:02","","Overhead Press (Barbell)",1,"",0,"normal",55,15,,,
"quick arm","26 Jun 2025, 21:08","26 Jun 2025, 22:02","","Overhead Press (Barbell)",1,"",1,"normal",55,15,,,
"quick arm","26 Jun 2025, 21:08","26 Jun 2025, 22:02","","Overhead Press (Barbell)",1,"",2,"normal",55,15,,,
"PUSH","25 Jun 2025, 16:04","25 Jun 2025, 17:21","","Chest Press (Machine)",0,"",0,"normal",150,12,,,
"PUSH","25 Jun 2025, 16:04","25 Jun 2025, 17:21","","Chest Press (Machine)",0,"",1,"normal",150,12,,,
"PUSH","25 Jun 2025, 16:04","25 Jun 2025, 17:21","","Chest Press (Machine)",0,"",2,"normal",150,12,,,
"PUSH","25 Jun 2025, 16:04","25 Jun 2025, 17:21","","Triceps Pushdown",0,"",0,"normal",50,15,,,
"PUSH","25 Jun 2025, 16:04","25 Jun 2025, 17:21","","Triceps Pushdown",0,"",1,"normal",60,15,,,
"PUSH","25 Jun 2025, 16:04","25 Jun 2025, 17:21","","Triceps Pushdown",0,"",2,"normal",60,15,,,
"PUSH","25 Jun 2025, 16:04","25 Jun 2025, 17:21","","Incline Chest Press (Machine)",1,"",0,"normal",120,15,,,
"PUSH","25 Jun 2025, 16:04","25 Jun 2025, 17:21","","Incline Chest Press (Machine)",1,"",1,"normal",120,12,,,
"PUSH","25 Jun 2025, 16:04","25 Jun 2025, 17:21","","Incline Chest Press (Machine)",1,"",2,"normal",120,12,,,
"PUSH","25 Jun 2025, 16:04","25 Jun 2025, 17:21","","Seated Shoulder Press (Machine)",1,"",0,"normal",90,15,,,
"PUSH","25 Jun 2025, 16:04","25 Jun 2025, 17:21","","Seated Shoulder Press (Machine)",1,"",1,"normal",90,15,,,
"PUSH","25 Jun 2025, 16:04","25 Jun 2025, 17:21","","Seated Shoulder Press (Machine)",1,"",2,"normal",100,15,,,
"PUSH","25 Jun 2025, 16:04","25 Jun 2025, 17:21","","Decline Bench Press (Machine)",2,"",0,"normal",140,12,,,
"PUSH","25 Jun 2025, 16:04","25 Jun 2025, 17:21","","Decline Bench Press (Machine)",2,"",1,"normal",140,12,,,
"PUSH","25 Jun 2025, 16:04","25 Jun 2025, 17:21","","Decline Bench Press (Machine)",2,"",2,"normal",140,12,,,
"PUSH","25 Jun 2025, 16:04","25 Jun 2025, 17:21","","Front Raise (Cable)",2,"",0,"normal",35,15,,,
"PUSH","25 Jun 2025, 16:04","25 Jun 2025, 17:21","","Front Raise (Cable)",2,"",1,"normal",35,15,,,
"PUSH","25 Jun 2025, 16:04","25 Jun 2025, 17:21","","Front Raise (Cable)",2,"",2,"normal",35,15,,,
"light pull","24 Jun 2025, 09:50","24 Jun 2025, 10:40","","Lat Pulldown (Cable)",0,"",0,"normal",130,15,,,
"light pull","24 Jun 2025, 09:50","24 Jun 2025, 10:40","","Lat Pulldown (Cable)",0,"",1,"normal",130,15,,,
"light pull","24 Jun 2025, 09:50","24 Jun 2025, 10:40","","Lat Pulldown (Cable)",0,"",2,"normal",130,12,,,
"light pull","24 Jun 2025, 09:50","24 Jun 2025, 10:40","","Bicep Curl (Cable)",0,"",0,"normal",60,15,,,
"light pull","24 Jun 2025, 09:50","24 Jun 2025, 10:40","","Bicep Curl (Cable)",0,"",1,"normal",60,12,,,
"light pull","24 Jun 2025, 09:50","24 Jun 2025, 10:40","","Bicep Curl (Cable)",0,"",2,"normal",50,15,,,
"light pull","24 Jun 2025, 09:50","24 Jun 2025, 10:40","","Seated Cable Row - Bar Grip",1,"",0,"normal",130,15,,,
"light pull","24 Jun 2025, 09:50","24 Jun 2025, 10:40","","Seated Cable Row - Bar Grip",1,"",1,"normal",130,15,,,
"light pull","24 Jun 2025, 09:50","24 Jun 2025, 10:40","","Seated Cable Row - Bar Grip",1,"",2,"normal",130,15,,,
"light pull","24 Jun 2025, 09:50","24 Jun 2025, 10:40","","Shrug (Cable)",1,"",0,"normal",150,15,,,
"light pull","24 Jun 2025, 09:50","24 Jun 2025, 10:40","","Shrug (Cable)",1,"",1,"normal",150,15,,,
"light pull","24 Jun 2025, 09:50","24 Jun 2025, 10:40","","Shrug (Cable)",1,"",2,"normal",150,15,,,
"quick push","20 Jun 2025, 12:57","20 Jun 2025, 13:45","","Chest Press (Machine)",0,"",0,"normal",150,15,,,
"quick push","20 Jun 2025, 12:57","20 Jun 2025, 13:45","","Chest Press (Machine)",0,"",1,"normal",150,15,,,
"quick push","20 Jun 2025, 12:57","20 Jun 2025, 13:45","","Chest Press (Machine)",0,"",2,"normal",150,15,,,
"quick push","20 Jun 2025, 12:57","20 Jun 2025, 13:45","","Triceps Pushdown",0,"",0,"normal",70,12,,,
"quick push","20 Jun 2025, 12:57","20 Jun 2025, 13:45","","Triceps Pushdown",0,"",1,"normal",60,15,,,
"quick push","20 Jun 2025, 12:57","20 Jun 2025, 13:45","","Triceps Pushdown",0,"",2,"normal",60,15,,,
"quick push","20 Jun 2025, 12:57","20 Jun 2025, 13:45","","Incline Chest Press (Machine)",1,"",0,"normal",120,12,,,
"quick push","20 Jun 2025, 12:57","20 Jun 2025, 13:45","","Incline Chest Press (Machine)",1,"",1,"normal",120,15,,,
"quick push","20 Jun 2025, 12:57","20 Jun 2025, 13:45","","Incline Chest Press (Machine)",1,"",2,"normal",120,15,,,
"quick push","20 Jun 2025, 12:57","20 Jun 2025, 13:45","","Front Raise (Cable)",1,"",0,"normal",35,15,,,
"quick push","20 Jun 2025, 12:57","20 Jun 2025, 13:45","","Front Raise (Cable)",1,"",1,"normal",35,15,,,
"quick push","20 Jun 2025, 12:57","20 Jun 2025, 13:45","","Front Raise (Cable)",1,"",2,"normal",35,15,,,
"PULL","19 Jun 2025, 16:58","19 Jun 2025, 18:09","","Lat Pulldown (Cable)",0,"",0,"warmup",100,15,,,
"PULL","19 Jun 2025, 16:58","19 Jun 2025, 18:09","","Lat Pulldown (Cable)",0,"",1,"normal",130,12,,,
"PULL","19 Jun 2025, 16:58","19 Jun 2025, 18:09","","Lat Pulldown (Cable)",0,"",2,"normal",130,12,,,
"PULL","19 Jun 2025, 16:58","19 Jun 2025, 18:09","","Lat Pulldown (Cable)",0,"",3,"normal",130,12,,,
"PULL","19 Jun 2025, 16:58","19 Jun 2025, 18:09","","Bicep Curl (Cable)",0,"",0,"warmup",45,15,,,
"PULL","19 Jun 2025, 16:58","19 Jun 2025, 18:09","","Bicep Curl (Cable)",0,"",1,"normal",60,15,,,
"PULL","19 Jun 2025, 16:58","19 Jun 2025, 18:09","","Bicep Curl (Cable)",0,"",2,"normal",60,15,,,
"PULL","19 Jun 2025, 16:58","19 Jun 2025, 18:09","","Bicep Curl (Cable)",0,"",3,"normal",60,15,,,
"PULL","19 Jun 2025, 16:58","19 Jun 2025, 18:09","","Seated Cable Row - Bar Grip",1,"",0,"normal",130,15,,,
"PULL","19 Jun 2025, 16:58","19 Jun 2025, 18:09","","Seated Cable Row - Bar Grip",1,"",1,"normal",130,15,,,
"PULL","19 Jun 2025, 16:58","19 Jun 2025, 18:09","","Seated Cable Row - Bar Grip",1,"",2,"normal",130,15,,,
"PULL","19 Jun 2025, 16:58","19 Jun 2025, 18:09","","Shrug (Cable)",1,"",0,"normal",140,15,,,
"PULL","19 Jun 2025, 16:58","19 Jun 2025, 18:09","","Shrug (Cable)",1,"",1,"normal",150,15,,,
"PULL","19 Jun 2025, 16:58","19 Jun 2025, 18:09","","Shrug (Cable)",1,"",2,"normal",150,15,,,
"PULL","19 Jun 2025, 16:58","19 Jun 2025, 18:09","","Upright Row (Cable)",2,"",0,"normal",100,12,,,
"PULL","19 Jun 2025, 16:58","19 Jun 2025, 18:09","","Upright Row (Cable)",2,"",1,"normal",90,15,,,
"PULL","19 Jun 2025, 16:58","19 Jun 2025, 18:09","","Upright Row (Cable)",2,"",2,"normal",90,15,,,
"PULL","19 Jun 2025, 16:58","19 Jun 2025, 18:09","","Reverse Curl (Cable)",2,"",0,"normal",60,15,,,
"PULL","19 Jun 2025, 16:58","19 Jun 2025, 18:09","","Reverse Curl (Cable)",2,"",1,"normal",50,15,,,
"PULL","19 Jun 2025, 16:58","19 Jun 2025, 18:09","","Reverse Curl (Cable)",2,"",2,"normal",60,12,,,
"PUSH","17 Jun 2025, 17:31","17 Jun 2025, 19:15","","Treadmill",,"",0,"normal",,,0.9,1380,
"PUSH","17 Jun 2025, 17:31","17 Jun 2025, 19:15","","Chest Press (Machine)",0,"",0,"normal",140,15,,,
"PUSH","17 Jun 2025, 17:31","17 Jun 2025, 19:15","","Chest Press (Machine)",0,"",1,"normal",150,15,,,
"PUSH","17 Jun 2025, 17:31","17 Jun 2025, 19:15","","Chest Press (Machine)",0,"",2,"normal",150,15,,,
"PUSH","17 Jun 2025, 17:31","17 Jun 2025, 19:15","","Triceps Pushdown",0,"",0,"normal",60,15,,,
"PUSH","17 Jun 2025, 17:31","17 Jun 2025, 19:15","","Triceps Pushdown",0,"",1,"normal",70,12,,,
"PUSH","17 Jun 2025, 17:31","17 Jun 2025, 19:15","","Triceps Pushdown",0,"",2,"normal",70,12,,,
"PUSH","17 Jun 2025, 17:31","17 Jun 2025, 19:15","","Decline Bench Press (Machine)",1,"",0,"normal",130,15,,,
"PUSH","17 Jun 2025, 17:31","17 Jun 2025, 19:15","","Decline Bench Press (Machine)",1,"",1,"normal",140,15,,,
"PUSH","17 Jun 2025, 17:31","17 Jun 2025, 19:15","","Decline Bench Press (Machine)",1,"",2,"normal",140,15,,,
"PUSH","17 Jun 2025, 17:31","17 Jun 2025, 19:15","","Front Raise (Cable)",1,"",0,"normal",35,15,,,
"PUSH","17 Jun 2025, 17:31","17 Jun 2025, 19:15","","Front Raise (Cable)",1,"",1,"normal",35,15,,,
"PUSH","17 Jun 2025, 17:31","17 Jun 2025, 19:15","","Front Raise (Cable)",1,"",2,"normal",35,15,,,
"PUSH","17 Jun 2025, 17:31","17 Jun 2025, 19:15","","Incline Chest Press (Machine)",2,"",0,"normal",120,15,,,
"PUSH","17 Jun 2025, 17:31","17 Jun 2025, 19:15","","Incline Chest Press (Machine)",2,"",1,"normal",120,12,,,
"PUSH","17 Jun 2025, 17:31","17 Jun 2025, 19:15","","Incline Chest Press (Machine)",2,"",2,"normal",120,12,,,
"PUSH","17 Jun 2025, 17:31","17 Jun 2025, 19:15","","Seated Shoulder Press (Machine)",2,"",0,"normal",80,15,,,
"PUSH","17 Jun 2025, 17:31","17 Jun 2025, 19:15","","Seated Shoulder Press (Machine)",2,"",1,"normal",90,15,,,
"PUSH","17 Jun 2025, 17:31","17 Jun 2025, 19:15","","Seated Shoulder Press (Machine)",2,"",2,"normal",90,12,,,
"SHORT PULL","16 Jun 2025, 16:16","16 Jun 2025, 16:58","cock blocked mid workout","Lat Pulldown (Cable)",0,"",0,"normal",120,15,,,
"SHORT PULL","16 Jun 2025, 16:16","16 Jun 2025, 16:58","cock blocked mid workout","Lat Pulldown (Cable)",0,"",1,"normal",130,12,,,
"SHORT PULL","16 Jun 2025, 16:16","16 Jun 2025, 16:58","cock blocked mid workout","Lat Pulldown (Cable)",0,"",2,"normal",130,12,,,
"SHORT PULL","16 Jun 2025, 16:16","16 Jun 2025, 16:58","cock blocked mid workout","Bicep Curl (Cable)",0,"",0,"normal",60,15,,,
"SHORT PULL","16 Jun 2025, 16:16","16 Jun 2025, 16:58","cock blocked mid workout","Bicep Curl (Cable)",0,"",1,"normal",60,15,,,
"SHORT PULL","16 Jun 2025, 16:16","16 Jun 2025, 16:58","cock blocked mid workout","Bicep Curl (Cable)",0,"",2,"normal",60,15,,,
"SHORT PULL","16 Jun 2025, 16:16","16 Jun 2025, 16:58","cock blocked mid workout","Seated Cable Row - Bar Grip",1,"",0,"normal",130,12,,,
"SHORT PULL","16 Jun 2025, 16:16","16 Jun 2025, 16:58","cock blocked mid workout","Seated Cable Row - Bar Grip",1,"",1,"normal",130,15,,,
"SHORT PULL","16 Jun 2025, 16:16","16 Jun 2025, 16:58","cock blocked mid workout","Reverse Curl (Cable)",1,"",0,"normal",50,15,,,
"SHORT PULL","16 Jun 2025, 16:16","16 Jun 2025, 16:58","cock blocked mid workout","Reverse Curl (Cable)",1,"",1,"normal",60,15,,,
"PUSH","12 Jun 2025, 17:20","12 Jun 2025, 18:40","","Chest Press (Machine)",0,"",0,"normal",140,15,,,
"PUSH","12 Jun 2025, 17:20","12 Jun 2025, 18:40","","Chest Press (Machine)",0,"",1,"normal",150,15,,,
"PUSH","12 Jun 2025, 17:20","12 Jun 2025, 18:40","","Chest Press (Machine)",0,"",2,"normal",150,15,,,
"PUSH","12 Jun 2025, 17:20","12 Jun 2025, 18:40","","Triceps Pushdown",0,"",0,"normal",60,12,,,
"PUSH","12 Jun 2025, 17:20","12 Jun 2025, 18:40","","Triceps Pushdown",0,"",1,"normal",60,15,,,
"PUSH","12 Jun 2025, 17:20","12 Jun 2025, 18:40","","Triceps Pushdown",0,"",2,"normal",60,15,,,
"PUSH","12 Jun 2025, 17:20","12 Jun 2025, 18:40","","Incline Chest Press (Machine)",1,"",0,"normal",110,15,,,
"PUSH","12 Jun 2025, 17:20","12 Jun 2025, 18:40","","Incline Chest Press (Machine)",1,"",1,"normal",120,15,,,
"PUSH","12 Jun 2025, 17:20","12 Jun 2025, 18:40","","Incline Chest Press (Machine)",1,"",2,"normal",120,15,,,
"PUSH","12 Jun 2025, 17:20","12 Jun 2025, 18:40","","Front Raise (Cable)",1,"",0,"normal",35,15,,,
"PUSH","12 Jun 2025, 17:20","12 Jun 2025, 18:40","","Front Raise (Cable)",1,"",1,"normal",35,15,,,
"PUSH","12 Jun 2025, 17:20","12 Jun 2025, 18:40","","Front Raise (Cable)",1,"",2,"normal",35,15,,,
"PUSH","12 Jun 2025, 17:20","12 Jun 2025, 18:40","","Decline Bench Press (Machine)",2,"",0,"normal",120,15,,,
"PUSH","12 Jun 2025, 17:20","12 Jun 2025, 18:40","","Decline Bench Press (Machine)",2,"",1,"normal",130,15,,,
"PUSH","12 Jun 2025, 17:20","12 Jun 2025, 18:40","","Decline Bench Press (Machine)",2,"",2,"normal",130,15,,,
"PUSH","12 Jun 2025, 17:20","12 Jun 2025, 18:40","","Seated Shoulder Press (Machine)",2,"",0,"normal",80,15,,,
"PUSH","12 Jun 2025, 17:20","12 Jun 2025, 18:40","","Seated Shoulder Press (Machine)",2,"",1,"normal",80,15,,,
"PUSH","12 Jun 2025, 17:20","12 Jun 2025, 18:40","","Seated Shoulder Press (Machine)",2,"",2,"normal",80,15,,,
"light corearm","11 Jun 2025, 22:13","11 Jun 2025, 23:11","","Plank",,"",0,"normal",,,,64,
"light corearm","11 Jun 2025, 22:13","11 Jun 2025, 23:11","","Plank",,"",1,"normal",,,,61,
"light corearm","11 Jun 2025, 22:13","11 Jun 2025, 23:11","","Side Plank",,"",0,"normal",,,,57,
"light corearm","11 Jun 2025, 22:13","11 Jun 2025, 23:11","","Crunch",0,"",0,"normal",,30,,,
"light corearm","11 Jun 2025, 22:13","11 Jun 2025, 23:11","","Crunch",0,"",1,"normal",,30,,,
"light corearm","11 Jun 2025, 22:13","11 Jun 2025, 23:11","","Crunch",0,"",2,"normal",,30,,,
"light corearm","11 Jun 2025, 22:13","11 Jun 2025, 23:11","","Reverse Crunch",0,"",0,"normal",,30,,,
"light corearm","11 Jun 2025, 22:13","11 Jun 2025, 23:11","","Reverse Crunch",0,"",1,"normal",,30,,,
"light corearm","11 Jun 2025, 22:13","11 Jun 2025, 23:11","","Reverse Crunch",0,"",2,"normal",,30,,,
"light corearm","11 Jun 2025, 22:13","11 Jun 2025, 23:11","","Oblique Crunch",,"",0,"normal",,30,,,
"light corearm","11 Jun 2025, 22:13","11 Jun 2025, 23:11","","Heel Taps",,"",0,"normal",,30,,,
"light corearm","11 Jun 2025, 22:13","11 Jun 2025, 23:11","","Bicep Curl (Barbell)",,"",0,"normal",40,30,,,
"light corearm","11 Jun 2025, 22:13","11 Jun 2025, 23:11","","Bicep Curl (Barbell)",,"",1,"normal",40,30,,,
"light corearm","11 Jun 2025, 22:13","11 Jun 2025, 23:11","","Bicep Curl (Barbell)",,"",2,"normal",40,30,,,
"PULL","10 Jun 2025, 13:42","10 Jun 2025, 14:45","","Lat Pulldown (Cable)",0,"",0,"normal",130,12,,,
"PULL","10 Jun 2025, 13:42","10 Jun 2025, 14:45","","Lat Pulldown (Cable)",0,"",1,"normal",130,12,,,
"PULL","10 Jun 2025, 13:42","10 Jun 2025, 14:45","","Lat Pulldown (Cable)",0,"",2,"normal",130,12,,,
"PULL","10 Jun 2025, 13:42","10 Jun 2025, 14:45","","Bicep Curl (Cable)",0,"",0,"normal",60,15,,,
"PULL","10 Jun 2025, 13:42","10 Jun 2025, 14:45","","Bicep Curl (Cable)",0,"",1,"normal",60,15,,,
"PULL","10 Jun 2025, 13:42","10 Jun 2025, 14:45","","Bicep Curl (Cable)",0,"",2,"normal",60,15,,,
"PULL","10 Jun 2025, 13:42","10 Jun 2025, 14:45","","Upright Row (Cable)",1,"",0,"normal",90,15,,,
"PULL","10 Jun 2025, 13:42","10 Jun 2025, 14:45","","Upright Row (Cable)",1,"",1,"normal",100,15,,,
"PULL","10 Jun 2025, 13:42","10 Jun 2025, 14:45","","Upright Row (Cable)",1,"",2,"normal",100,15,,,
"PULL","10 Jun 2025, 13:42","10 Jun 2025, 14:45","","Seated Cable Row - Bar Grip",1,"",0,"normal",120,15,,,
"PULL","10 Jun 2025, 13:42","10 Jun 2025, 14:45","","Seated Cable Row - Bar Grip",1,"",1,"normal",120,15,,,
"PULL","10 Jun 2025, 13:42","10 Jun 2025, 14:45","","Seated Cable Row - Bar Grip",1,"",2,"normal",130,12,,,
"PULL","10 Jun 2025, 13:42","10 Jun 2025, 14:45","","Reverse Curl (Cable)",2,"",0,"normal",50,15,,,
"PULL","10 Jun 2025, 13:42","10 Jun 2025, 14:45","","Reverse Curl (Cable)",2,"",1,"normal",50,15,,,
"PULL","10 Jun 2025, 13:42","10 Jun 2025, 14:45","","Reverse Curl (Cable)",2,"",2,"normal",60,15,,,
"PULL","10 Jun 2025, 13:42","10 Jun 2025, 14:45","","Shrug (Cable)",2,"",0,"normal",140,15,,,
"PULL","10 Jun 2025, 13:42","10 Jun 2025, 14:45","","Shrug (Cable)",2,"",1,"normal",140,15,,,
"PULL","10 Jun 2025, 13:42","10 Jun 2025, 14:45","","Shrug (Cable)",2,"",2,"normal",150,15,,,
"PUSH","6 Jun 2025, 17:23","6 Jun 2025, 18:29","","Treadmill",,"",0,"normal",,,0.1,300,
"PUSH","6 Jun 2025, 17:23","6 Jun 2025, 18:29","","Chest Press (Machine)",0,"",0,"normal",140,15,,,
"PUSH","6 Jun 2025, 17:23","6 Jun 2025, 18:29","","Chest Press (Machine)",0,"",1,"normal",150,12,,,
"PUSH","6 Jun 2025, 17:23","6 Jun 2025, 18:29","","Chest Press (Machine)",0,"",2,"normal",150,15,,,
"PUSH","6 Jun 2025, 17:23","6 Jun 2025, 18:29","","Triceps Pushdown",0,"",0,"normal",60,12,,,
"PUSH","6 Jun 2025, 17:23","6 Jun 2025, 18:29","","Triceps Pushdown",0,"",1,"normal",60,12,,,
"PUSH","6 Jun 2025, 17:23","6 Jun 2025, 18:29","","Triceps Pushdown",0,"",2,"normal",60,15,,,
"PUSH","6 Jun 2025, 17:23","6 Jun 2025, 18:29","","Incline Chest Press (Machine)",1,"",0,"normal",100,15,,,
"PUSH","6 Jun 2025, 17:23","6 Jun 2025, 18:29","","Incline Chest Press (Machine)",1,"",1,"normal",110,15,,,
"PUSH","6 Jun 2025, 17:23","6 Jun 2025, 18:29","","Incline Chest Press (Machine)",1,"",2,"normal",120,12,,,
"PUSH","6 Jun 2025, 17:23","6 Jun 2025, 18:29","","Front Raise (Cable)",1,"",0,"normal",35,15,,,
"PUSH","6 Jun 2025, 17:23","6 Jun 2025, 18:29","","Front Raise (Cable)",1,"",1,"normal",30,15,,,
"PUSH","6 Jun 2025, 17:23","6 Jun 2025, 18:29","","Front Raise (Cable)",1,"",2,"normal",30,15,,,
"PUSH","6 Jun 2025, 17:23","6 Jun 2025, 18:29","","Decline Bench Press (Machine)",2,"",0,"normal",120,14,,,
"PUSH","6 Jun 2025, 17:23","6 Jun 2025, 18:29","","Decline Bench Press (Machine)",2,"",1,"normal",130,10,,,
"PUSH","6 Jun 2025, 17:23","6 Jun 2025, 18:29","","Decline Bench Press (Machine)",2,"",2,"normal",130,15,,,
"PUSH","6 Jun 2025, 17:23","6 Jun 2025, 18:29","","Seated Shoulder Press (Machine)",2,"",0,"normal",80,14,,,
"PUSH","6 Jun 2025, 17:23","6 Jun 2025, 18:29","","Seated Shoulder Press (Machine)",2,"",1,"normal",80,15,,,
"PUSH","6 Jun 2025, 17:23","6 Jun 2025, 18:29","","Seated Shoulder Press (Machine)",2,"",2,"normal",80,15,,,
"PULL","5 Jun 2025, 21:03","5 Jun 2025, 22:06","","Lat Pulldown (Cable)",0,"",0,"normal",120,15,,,
"PULL","5 Jun 2025, 21:03","5 Jun 2025, 22:06","","Lat Pulldown (Cable)",0,"",1,"normal",130,12,,,
"PULL","5 Jun 2025, 21:03","5 Jun 2025, 22:06","","Lat Pulldown (Cable)",0,"",2,"normal",130,12,,,
"PULL","5 Jun 2025, 21:03","5 Jun 2025, 22:06","","Bicep Curl (Cable)",0,"",0,"normal",50,15,,,
"PULL","5 Jun 2025, 21:03","5 Jun 2025, 22:06","","Bicep Curl (Cable)",0,"",1,"normal",60,15,,,
"PULL","5 Jun 2025, 21:03","5 Jun 2025, 22:06","","Bicep Curl (Cable)",0,"",2,"normal",60,15,,,
"PULL","5 Jun 2025, 21:03","5 Jun 2025, 22:06","","Seated Cable Row - Bar Grip",1,"",0,"normal",120,15,,,
"PULL","5 Jun 2025, 21:03","5 Jun 2025, 22:06","","Seated Cable Row - Bar Grip",1,"",1,"normal",120,15,,,
"PULL","5 Jun 2025, 21:03","5 Jun 2025, 22:06","","Seated Cable Row - Bar Grip",1,"",2,"normal",130,12,,,
"PULL","5 Jun 2025, 21:03","5 Jun 2025, 22:06","","Shrug (Cable)",1,"",0,"normal",140,15,,,
"PULL","5 Jun 2025, 21:03","5 Jun 2025, 22:06","","Shrug (Cable)",1,"",1,"normal",140,15,,,
"PULL","5 Jun 2025, 21:03","5 Jun 2025, 22:06","","Shrug (Cable)",1,"",2,"normal",140,15,,,
"PULL","5 Jun 2025, 21:03","5 Jun 2025, 22:06","","Upright Row (Cable)",2,"",0,"normal",90,15,,,
"PULL","5 Jun 2025, 21:03","5 Jun 2025, 22:06","","Upright Row (Cable)",2,"",1,"normal",90,15,,,
"PULL","5 Jun 2025, 21:03","5 Jun 2025, 22:06","","Upright Row (Cable)",2,"",2,"normal",100,15,,,
"PULL","5 Jun 2025, 21:03","5 Jun 2025, 22:06","","Reverse Curl (Cable)",2,"",0,"normal",45,15,,,
"PULL","5 Jun 2025, 21:03","5 Jun 2025, 22:06","","Reverse Curl (Cable)",2,"",1,"normal",50,15,,,
"PULL","5 Jun 2025, 21:03","5 Jun 2025, 22:06","","Reverse Curl (Cable)",2,"",2,"normal",50,15,,,
"PUSH","2 Jun 2025, 07:20","2 Jun 2025, 08:24","3000 MAINTENANCE IS CRAZY","Chest Press (Machine)",0,"",0,"warmup",100,15,,,
"PUSH","2 Jun 2025, 07:20","2 Jun 2025, 08:24","3000 MAINTENANCE IS CRAZY","Chest Press (Machine)",0,"",1,"normal",140,15,,,
"PUSH","2 Jun 2025, 07:20","2 Jun 2025, 08:24","3000 MAINTENANCE IS CRAZY","Chest Press (Machine)",0,"",2,"normal",140,15,,,
"PUSH","2 Jun 2025, 07:20","2 Jun 2025, 08:24","3000 MAINTENANCE IS CRAZY","Chest Press (Machine)",0,"",3,"normal",140,15,,,
"PUSH","2 Jun 2025, 07:20","2 Jun 2025, 08:24","3000 MAINTENANCE IS CRAZY","Triceps Pushdown",0,"",0,"warmup",40,15,,,
"PUSH","2 Jun 2025, 07:20","2 Jun 2025, 08:24","3000 MAINTENANCE IS CRAZY","Triceps Pushdown",0,"",1,"normal",50,15,,,
"PUSH","2 Jun 2025, 07:20","2 Jun 2025, 08:24","3000 MAINTENANCE IS CRAZY","Triceps Pushdown",0,"",2,"normal",50,15,,,
"PUSH","2 Jun 2025, 07:20","2 Jun 2025, 08:24","3000 MAINTENANCE IS CRAZY","Triceps Pushdown",0,"",3,"normal",50,15,,,
"PUSH","2 Jun 2025, 07:20","2 Jun 2025, 08:24","3000 MAINTENANCE IS CRAZY","Incline Chest Press (Machine)",1,"",0,"normal",100,15,,,
"PUSH","2 Jun 2025, 07:20","2 Jun 2025, 08:24","3000 MAINTENANCE IS CRAZY","Incline Chest Press (Machine)",1,"",1,"normal",100,15,,,
"PUSH","2 Jun 2025, 07:20","2 Jun 2025, 08:24","3000 MAINTENANCE IS CRAZY","Incline Chest Press (Machine)",1,"",2,"normal",100,15,,,
"PUSH","2 Jun 2025, 07:20","2 Jun 2025, 08:24","3000 MAINTENANCE IS CRAZY","Front Raise (Cable)",1,"",0,"normal",30,15,,,
"PUSH","2 Jun 2025, 07:20","2 Jun 2025, 08:24","3000 MAINTENANCE IS CRAZY","Front Raise (Cable)",1,"",1,"normal",30,15,,,
"PUSH","2 Jun 2025, 07:20","2 Jun 2025, 08:24","3000 MAINTENANCE IS CRAZY","Front Raise (Cable)",1,"",2,"normal",30,15,,,
"PUSH","2 Jun 2025, 07:20","2 Jun 2025, 08:24","3000 MAINTENANCE IS CRAZY","Decline Bench Press (Machine)",2,"",0,"normal",120,15,,,
"PUSH","2 Jun 2025, 07:20","2 Jun 2025, 08:24","3000 MAINTENANCE IS CRAZY","Decline Bench Press (Machine)",2,"",1,"normal",130,15,,,
"PUSH","2 Jun 2025, 07:20","2 Jun 2025, 08:24","3000 MAINTENANCE IS CRAZY","Decline Bench Press (Machine)",2,"",2,"normal",130,15,,,
"PUSH","2 Jun 2025, 07:20","2 Jun 2025, 08:24","3000 MAINTENANCE IS CRAZY","Seated Shoulder Press (Machine)",2,"",0,"normal",80,15,,,
"PUSH","2 Jun 2025, 07:20","2 Jun 2025, 08:24","3000 MAINTENANCE IS CRAZY","Seated Shoulder Press (Machine)",2,"",1,"normal",80,15,,,
"PUSH","2 Jun 2025, 07:20","2 Jun 2025, 08:24","3000 MAINTENANCE IS CRAZY","Seated Shoulder Press (Machine)",2,"",2,"normal",80,15,,,
"quick pull","31 May 2025, 10:16","31 May 2025, 11:03","","Lat Pulldown (Cable)",0,"",0,"normal",110,15,,,
"quick pull","31 May 2025, 10:16","31 May 2025, 11:03","","Lat Pulldown (Cable)",0,"",1,"normal",120,12,,,
"quick pull","31 May 2025, 10:16","31 May 2025, 11:03","","Lat Pulldown (Cable)",0,"",2,"normal",120,12,,,
"quick pull","31 May 2025, 10:16","31 May 2025, 11:03","","Bicep Curl (Cable)",0,"",0,"normal",50,15,,,
"quick pull","31 May 2025, 10:16","31 May 2025, 11:03","","Bicep Curl (Cable)",0,"",1,"normal",60,15,,,
"quick pull","31 May 2025, 10:16","31 May 2025, 11:03","","Bicep Curl (Cable)",0,"",2,"normal",60,16,,,
"quick pull","31 May 2025, 10:16","31 May 2025, 11:03","","Seated Cable Row - Bar Grip",1,"",0,"normal",120,15,,,
"quick pull","31 May 2025, 10:16","31 May 2025, 11:03","","Seated Cable Row - Bar Grip",1,"",1,"normal",120,15,,,
"quick pull","31 May 2025, 10:16","31 May 2025, 11:03","","Seated Cable Row - Bar Grip",1,"",2,"normal",120,15,,,
"quick pull","31 May 2025, 10:16","31 May 2025, 11:03","","Shrug (Cable)",1,"",0,"normal",140,15,,,
"quick pull","31 May 2025, 10:16","31 May 2025, 11:03","","Shrug (Cable)",1,"",1,"normal",140,15,,,
"quick pull","31 May 2025, 10:16","31 May 2025, 11:03","","Shrug (Cable)",1,"",2,"normal",140,15,,,
"quick pull","31 May 2025, 10:16","31 May 2025, 11:03","","Reverse Curl (Cable)",,"",0,"normal",45,15,,,
"quick pull","31 May 2025, 10:16","31 May 2025, 11:03","","Reverse Curl (Cable)",,"",1,"normal",45,15,,,
"PUSH","29 May 2025, 12:20","29 May 2025, 13:20","","Chest Press (Machine)",0,"",0,"warmup",100,15,,,
"PUSH","29 May 2025, 12:20","29 May 2025, 13:20","","Chest Press (Machine)",0,"",1,"normal",140,15,,,
"PUSH","29 May 2025, 12:20","29 May 2025, 13:20","","Chest Press (Machine)",0,"",2,"normal",140,15,,,
"PUSH","29 May 2025, 12:20","29 May 2025, 13:20","","Chest Press (Machine)",0,"",3,"normal",140,15,,,
"PUSH","29 May 2025, 12:20","29 May 2025, 13:20","","Triceps Pushdown",0,"",0,"warmup",40,15,,,
"PUSH","29 May 2025, 12:20","29 May 2025, 13:20","","Triceps Pushdown",0,"",1,"normal",60,15,,,
"PUSH","29 May 2025, 12:20","29 May 2025, 13:20","","Triceps Pushdown",0,"",2,"normal",50,15,,,
"PUSH","29 May 2025, 12:20","29 May 2025, 13:20","","Triceps Pushdown",0,"",3,"normal",50,15,,,
"PUSH","29 May 2025, 12:20","29 May 2025, 13:20","","Decline Bench Press (Machine)",1,"",0,"normal",120,15,,,
"PUSH","29 May 2025, 12:20","29 May 2025, 13:20","","Decline Bench Press (Machine)",1,"",1,"normal",120,15,,,
"PUSH","29 May 2025, 12:20","29 May 2025, 13:20","","Decline Bench Press (Machine)",1,"",2,"normal",120,15,,,
"PUSH","29 May 2025, 12:20","29 May 2025, 13:20","","Seated Shoulder Press (Machine)",1,"",0,"normal",70,15,,,
"PUSH","29 May 2025, 12:20","29 May 2025, 13:20","","Seated Shoulder Press (Machine)",1,"",1,"normal",80,15,,,
"PUSH","29 May 2025, 12:20","29 May 2025, 13:20","","Seated Shoulder Press (Machine)",1,"",2,"normal",80,15,,,
"PUSH","29 May 2025, 12:20","29 May 2025, 13:20","","Incline Chest Press (Machine)",2,"",0,"normal",100,12,,,
"PUSH","29 May 2025, 12:20","29 May 2025, 13:20","","Incline Chest Press (Machine)",2,"",1,"normal",100,15,,,
"PUSH","29 May 2025, 12:20","29 May 2025, 13:20","","Incline Chest Press (Machine)",2,"",2,"normal",100,15,,,
"PUSH","29 May 2025, 12:20","29 May 2025, 13:20","","Front Raise (Cable)",2,"",0,"normal",35,15,,,
"PUSH","29 May 2025, 12:20","29 May 2025, 13:20","","Front Raise (Cable)",2,"",1,"normal",30,15,,,
"PUSH","29 May 2025, 12:20","29 May 2025, 13:20","","Front Raise (Cable)",2,"",2,"normal",30,15,,,
"PULL","25 May 2025, 14:00","25 May 2025, 15:02","","Lat Pulldown (Cable)",0,"",0,"warmup",90,15,,,
"PULL","25 May 2025, 14:00","25 May 2025, 15:02","","Lat Pulldown (Cable)",0,"",1,"normal",120,15,,,
"PULL","25 May 2025, 14:00","25 May 2025, 15:02","","Lat Pulldown (Cable)",0,"",2,"normal",120,15,,,
"PULL","25 May 2025, 14:00","25 May 2025, 15:02","","Lat Pulldown (Cable)",0,"",3,"normal",120,12,,,
"PULL","25 May 2025, 14:00","25 May 2025, 15:02","","Bicep Curl (Cable)",0,"",0,"warmup",40,15,,,
"PULL","25 May 2025, 14:00","25 May 2025, 15:02","","Bicep Curl (Cable)",0,"",1,"normal",60,15,,,
"PULL","25 May 2025, 14:00","25 May 2025, 15:02","","Bicep Curl (Cable)",0,"",2,"normal",60,15,,,
"PULL","25 May 2025, 14:00","25 May 2025, 15:02","","Bicep Curl (Cable)",0,"",3,"normal",60,15,,,
"PULL","25 May 2025, 14:00","25 May 2025, 15:02","","Upright Row (Cable)",1,"",0,"normal",80,15,,,
"PULL","25 May 2025, 14:00","25 May 2025, 15:02","","Upright Row (Cable)",1,"",1,"normal",90,15,,,
"PULL","25 May 2025, 14:00","25 May 2025, 15:02","","Upright Row (Cable)",1,"",2,"normal",90,15,,,
"PULL","25 May 2025, 14:00","25 May 2025, 15:02","","Reverse Curl (Cable)",1,"",0,"normal",45,15,,,
"PULL","25 May 2025, 14:00","25 May 2025, 15:02","","Reverse Curl (Cable)",1,"",1,"normal",45,15,,,
"PULL","25 May 2025, 14:00","25 May 2025, 15:02","","Reverse Curl (Cable)",1,"",2,"normal",50,15,,,
"PULL","25 May 2025, 14:00","25 May 2025, 15:02","","Shrug (Cable)",2,"",0,"normal",140,15,,,
"PULL","25 May 2025, 14:00","25 May 2025, 15:02","","Shrug (Cable)",2,"",1,"normal",140,15,,,
"PULL","25 May 2025, 14:00","25 May 2025, 15:02","","Shrug (Cable)",2,"",2,"normal",140,15,,,
"PULL","25 May 2025, 14:00","25 May 2025, 15:02","","Seated Cable Row - Bar Grip",2,"",0,"normal",120,15,,,
"PULL","25 May 2025, 14:00","25 May 2025, 15:02","","Seated Cable Row - Bar Grip",2,"",1,"normal",120,15,,,
"PULL","25 May 2025, 14:00","25 May 2025, 15:02","","Seated Cable Row - Bar Grip",2,"",2,"normal",120,15,,,
"PUSH","22 May 2025, 16:21","22 May 2025, 17:32","","Chest Press (Machine)",0,"",0,"warmup",100,15,,,
"PUSH","22 May 2025, 16:21","22 May 2025, 17:32","","Chest Press (Machine)",0,"",1,"normal",140,15,,,
"PUSH","22 May 2025, 16:21","22 May 2025, 17:32","","Chest Press (Machine)",0,"",2,"normal",140,15,,,
"PUSH","22 May 2025, 16:21","22 May 2025, 17:32","","Chest Press (Machine)",0,"",3,"normal",150,12,,,
"PUSH","22 May 2025, 16:21","22 May 2025, 17:32","","Triceps Pushdown",0,"",0,"warmup",35,15,,,
"PUSH","22 May 2025, 16:21","22 May 2025, 17:32","","Triceps Pushdown",0,"",1,"normal",60,15,,,
"PUSH","22 May 2025, 16:21","22 May 2025, 17:32","","Triceps Pushdown",0,"",2,"normal",60,12,,,
"PUSH","22 May 2025, 16:21","22 May 2025, 17:32","","Triceps Pushdown",0,"",3,"normal",50,15,,,
"PUSH","22 May 2025, 16:21","22 May 2025, 17:32","","Front Raise (Cable)",1,"",0,"normal",30,15,,,
"PUSH","22 May 2025, 16:21","22 May 2025, 17:32","","Front Raise (Cable)",1,"",1,"normal",30,15,,,
"PUSH","22 May 2025, 16:21","22 May 2025, 17:32","","Front Raise (Cable)",1,"",2,"normal",30,15,,,
"PUSH","22 May 2025, 16:21","22 May 2025, 17:32","","Incline Chest Press (Machine)",1,"",0,"normal",100,15,,,
"PUSH","22 May 2025, 16:21","22 May 2025, 17:32","","Incline Chest Press (Machine)",1,"",1,"normal",100,15,,,
"PUSH","22 May 2025, 16:21","22 May 2025, 17:32","","Incline Chest Press (Machine)",1,"",2,"normal",100,15,,,
"PUSH","22 May 2025, 16:21","22 May 2025, 17:32","","Decline Bench Press (Machine)",2,"",0,"normal",110,15,,,
"PUSH","22 May 2025, 16:21","22 May 2025, 17:32","","Decline Bench Press (Machine)",2,"",1,"normal",120,15,,,
"PUSH","22 May 2025, 16:21","22 May 2025, 17:32","","Decline Bench Press (Machine)",2,"",2,"normal",120,15,,,
"PUSH","22 May 2025, 16:21","22 May 2025, 17:32","","Seated Shoulder Press (Machine)",2,"",0,"normal",70,15,,,
"PUSH","22 May 2025, 16:21","22 May 2025, 17:32","","Seated Shoulder Press (Machine)",2,"",1,"normal",80,15,,,
"PUSH","22 May 2025, 16:21","22 May 2025, 17:32","","Seated Shoulder Press (Machine)",2,"",2,"normal",80,15,,,
"PULL","20 May 2025, 16:15","20 May 2025, 17:00","","Lat Pulldown (Cable)",0,"",0,"normal",120,15,,,
"PULL","20 May 2025, 16:15","20 May 2025, 17:00","","Lat Pulldown (Cable)",0,"",1,"normal",120,15,,,
"PULL","20 May 2025, 16:15","20 May 2025, 17:00","","Lat Pulldown (Cable)",0,"",2,"normal",120,15,,,
"PULL","20 May 2025, 16:15","20 May 2025, 17:00","","Bicep Curl (Cable)",0,"",0,"normal",60,15,,,
"PULL","20 May 2025, 16:15","20 May 2025, 17:00","","Bicep Curl (Cable)",0,"",1,"normal",60,15,,,
"PULL","20 May 2025, 16:15","20 May 2025, 17:00","","Bicep Curl (Cable)",0,"",2,"normal",60,15,,,
"PULL","20 May 2025, 16:15","20 May 2025, 17:00","","Seated Cable Row - Bar Grip",1,"",0,"normal",120,15,,,
"PULL","20 May 2025, 16:15","20 May 2025, 17:00","","Seated Cable Row - Bar Grip",1,"",1,"normal",120,15,,,
"PULL","20 May 2025, 16:15","20 May 2025, 17:00","","Seated Cable Row - Bar Grip",1,"",2,"normal",120,15,,,
"PULL","20 May 2025, 16:15","20 May 2025, 17:00","","Shrug (Cable)",1,"",0,"normal",140,15,,,
"PULL","20 May 2025, 16:15","20 May 2025, 17:00","","Shrug (Cable)",1,"",1,"normal",140,15,,,
"PULL","20 May 2025, 16:15","20 May 2025, 17:00","","Shrug (Cable)",1,"",2,"normal",140,15,,,
"PULL","20 May 2025, 16:15","20 May 2025, 17:00","","Reverse Curl (Cable)",1,"",0,"normal",35,15,,,
"PULL","20 May 2025, 16:15","20 May 2025, 17:00","","Reverse Curl (Cable)",1,"",1,"normal",40,15,,,
"PULL","20 May 2025, 16:15","20 May 2025, 17:00","","Reverse Curl (Cable)",1,"",2,"normal",45,15,,,
"PUSH","19 May 2025, 09:52","19 May 2025, 11:01","","Chest Press (Machine)",0,"",0,"warmup",100,15,,,
"PUSH","19 May 2025, 09:52","19 May 2025, 11:01","","Chest Press (Machine)",0,"",1,"normal",140,15,,,
"PUSH","19 May 2025, 09:52","19 May 2025, 11:01","","Chest Press (Machine)",0,"",2,"normal",140,15,,,
"PUSH","19 May 2025, 09:52","19 May 2025, 11:01","","Chest Press (Machine)",0,"",3,"normal",140,15,,,
"PUSH","19 May 2025, 09:52","19 May 2025, 11:01","","Triceps Pushdown",0,"",0,"warmup",35,15,,,
"PUSH","19 May 2025, 09:52","19 May 2025, 11:01","","Triceps Pushdown",0,"",1,"normal",60,12,,,
"PUSH","19 May 2025, 09:52","19 May 2025, 11:01","","Triceps Pushdown",0,"",2,"normal",50,15,,,
"PUSH","19 May 2025, 09:52","19 May 2025, 11:01","","Triceps Pushdown",0,"",3,"normal",50,15,,,
"PUSH","19 May 2025, 09:52","19 May 2025, 11:01","","Incline Chest Press (Machine)",1,"",0,"normal",110,15,,,
"PUSH","19 May 2025, 09:52","19 May 2025, 11:01","","Incline Chest Press (Machine)",1,"",1,"normal",100,15,,,
"PUSH","19 May 2025, 09:52","19 May 2025, 11:01","","Incline Chest Press (Machine)",1,"",2,"normal",100,15,,,
"PUSH","19 May 2025, 09:52","19 May 2025, 11:01","","Seated Shoulder Press (Machine)",1,"",0,"normal",70,15,,,
"PUSH","19 May 2025, 09:52","19 May 2025, 11:01","","Seated Shoulder Press (Machine)",1,"",1,"normal",80,15,,,
"PUSH","19 May 2025, 09:52","19 May 2025, 11:01","","Seated Shoulder Press (Machine)",1,"",2,"normal",80,11,,,
"PUSH","19 May 2025, 09:52","19 May 2025, 11:01","","Front Raise (Cable)",2,"",0,"normal",30,15,,,
"PUSH","19 May 2025, 09:52","19 May 2025, 11:01","","Front Raise (Cable)",2,"",1,"normal",30,15,,,
"PUSH","19 May 2025, 09:52","19 May 2025, 11:01","","Front Raise (Cable)",2,"",2,"normal",30,15,,,
"PUSH","19 May 2025, 09:52","19 May 2025, 11:01","","Decline Bench Press (Machine)",2,"",0,"normal",120,15,,,
"PUSH","19 May 2025, 09:52","19 May 2025, 11:01","","Decline Bench Press (Machine)",2,"",1,"normal",120,15,,,
"PUSH","19 May 2025, 09:52","19 May 2025, 11:01","","Decline Bench Press (Machine)",2,"",2,"normal",120,15,,,
"PULL","16 May 2025, 22:06","16 May 2025, 23:04","","Lat Pulldown (Cable)",0,"",0,"normal",120,15,,,
"PULL","16 May 2025, 22:06","16 May 2025, 23:04","","Lat Pulldown (Cable)",0,"",1,"normal",120,15,,,
"PULL","16 May 2025, 22:06","16 May 2025, 23:04","","Lat Pulldown (Cable)",0,"",2,"normal",120,15,,,
"PULL","16 May 2025, 22:06","16 May 2025, 23:04","","Bicep Curl (Cable)",0,"",0,"normal",60,12,,,
"PULL","16 May 2025, 22:06","16 May 2025, 23:04","","Bicep Curl (Cable)",0,"",1,"normal",60,15,,,
"PULL","16 May 2025, 22:06","16 May 2025, 23:04","","Bicep Curl (Cable)",0,"",2,"normal",60,15,,,
"PULL","16 May 2025, 22:06","16 May 2025, 23:04","","Upright Row (Cable)",1,"",0,"normal",80,15,,,
"PULL","16 May 2025, 22:06","16 May 2025, 23:04","","Upright Row (Cable)",1,"",1,"normal",80,15,,,
"PULL","16 May 2025, 22:06","16 May 2025, 23:04","","Upright Row (Cable)",1,"",2,"normal",90,15,,,
"PULL","16 May 2025, 22:06","16 May 2025, 23:04","","Shrug (Cable)",1,"",0,"normal",140,15,,,
"PULL","16 May 2025, 22:06","16 May 2025, 23:04","","Shrug (Cable)",1,"",1,"normal",140,15,,,
"PULL","16 May 2025, 22:06","16 May 2025, 23:04","","Shrug (Cable)",1,"",2,"normal",140,15,,,
"PULL","16 May 2025, 22:06","16 May 2025, 23:04","","Reverse Curl (Cable)",2,"",0,"normal",40,15,,,
"PULL","16 May 2025, 22:06","16 May 2025, 23:04","","Reverse Curl (Cable)",2,"",1,"normal",45,15,,,
"PULL","16 May 2025, 22:06","16 May 2025, 23:04","","Reverse Curl (Cable)",2,"",2,"normal",50,15,,,
"PULL","16 May 2025, 22:06","16 May 2025, 23:04","","Seated Cable Row - Bar Grip",2,"",0,"normal",110,15,,,
"PULL","16 May 2025, 22:06","16 May 2025, 23:04","","Seated Cable Row - Bar Grip",2,"",1,"normal",120,15,,,
"PULL","16 May 2025, 22:06","16 May 2025, 23:04","","Seated Cable Row - Bar Grip",2,"",2,"normal",130,15,,,
"PUSH","14 May 2025, 19:01","14 May 2025, 20:27","strawberry matcha from matcha matcha ahh but ice cream is fire","Chest Press (Machine)",0,"",0,"normal",140,12,,,
"PUSH","14 May 2025, 19:01","14 May 2025, 20:27","strawberry matcha from matcha matcha ahh but ice cream is fire","Chest Press (Machine)",0,"",1,"normal",140,15,,,
"PUSH","14 May 2025, 19:01","14 May 2025, 20:27","strawberry matcha from matcha matcha ahh but ice cream is fire","Chest Press (Machine)",0,"",2,"normal",140,15,,,
"PUSH","14 May 2025, 19:01","14 May 2025, 20:27","strawberry matcha from matcha matcha ahh but ice cream is fire","Triceps Pushdown",0,"",0,"normal",50,15,,,
"PUSH","14 May 2025, 19:01","14 May 2025, 20:27","strawberry matcha from matcha matcha ahh but ice cream is fire","Triceps Pushdown",0,"",1,"normal",50,15,,,
"PUSH","14 May 2025, 19:01","14 May 2025, 20:27","strawberry matcha from matcha matcha ahh but ice cream is fire","Triceps Pushdown",0,"",2,"normal",50,15,,,
"PUSH","14 May 2025, 19:01","14 May 2025, 20:27","strawberry matcha from matcha matcha ahh but ice cream is fire","Incline Chest Press (Machine)",1,"",0,"normal",100,15,,,
"PUSH","14 May 2025, 19:01","14 May 2025, 20:27","strawberry matcha from matcha matcha ahh but ice cream is fire","Incline Chest Press (Machine)",1,"",1,"normal",100,15,,,
"PUSH","14 May 2025, 19:01","14 May 2025, 20:27","strawberry matcha from matcha matcha ahh but ice cream is fire","Incline Chest Press (Machine)",1,"",2,"normal",100,15,,,
"PUSH","14 May 2025, 19:01","14 May 2025, 20:27","strawberry matcha from matcha matcha ahh but ice cream is fire","Front Raise (Cable)",1,"",0,"normal",30,15,,,
"PUSH","14 May 2025, 19:01","14 May 2025, 20:27","strawberry matcha from matcha matcha ahh but ice cream is fire","Front Raise (Cable)",1,"",1,"normal",30,15,,,
"PUSH","14 May 2025, 19:01","14 May 2025, 20:27","strawberry matcha from matcha matcha ahh but ice cream is fire","Front Raise (Cable)",1,"",2,"normal",30,15,,,
"PUSH","14 May 2025, 19:01","14 May 2025, 20:27","strawberry matcha from matcha matcha ahh but ice cream is fire","Decline Bench Press (Machine)",2,"",0,"normal",120,15,,,
"PUSH","14 May 2025, 19:01","14 May 2025, 20:27","strawberry matcha from matcha matcha ahh but ice cream is fire","Decline Bench Press (Machine)",2,"",1,"normal",120,15,,,
"PUSH","14 May 2025, 19:01","14 May 2025, 20:27","strawberry matcha from matcha matcha ahh but ice cream is fire","Decline Bench Press (Machine)",2,"",2,"normal",130,15,,,
"PUSH","14 May 2025, 19:01","14 May 2025, 20:27","strawberry matcha from matcha matcha ahh but ice cream is fire","Seated Shoulder Press (Machine)",2,"",0,"normal",60,15,,,
"PUSH","14 May 2025, 19:01","14 May 2025, 20:27","strawberry matcha from matcha matcha ahh but ice cream is fire","Seated Shoulder Press (Machine)",2,"",1,"normal",70,15,,,
"PUSH","14 May 2025, 19:01","14 May 2025, 20:27","strawberry matcha from matcha matcha ahh but ice cream is fire","Seated Shoulder Press (Machine)",2,"",2,"normal",80,15,,,
"PULL","12 May 2025, 21:37","12 May 2025, 22:40","cutting is not real","Lat Pulldown (Cable)",0,"",0,"normal",110,15,,,
"PULL","12 May 2025, 21:37","12 May 2025, 22:40","cutting is not real","Lat Pulldown (Cable)",0,"",1,"normal",120,15,,,
"PULL","12 May 2025, 21:37","12 May 2025, 22:40","cutting is not real","Lat Pulldown (Cable)",0,"",2,"normal",120,15,,,
"PULL","12 May 2025, 21:37","12 May 2025, 22:40","cutting is not real","Bicep Curl (Cable)",0,"",0,"normal",50,15,,,
"PULL","12 May 2025, 21:37","12 May 2025, 22:40","cutting is not real","Bicep Curl (Cable)",0,"",1,"normal",50,15,,,
"PULL","12 May 2025, 21:37","12 May 2025, 22:40","cutting is not real","Bicep Curl (Cable)",0,"",2,"normal",60,15,,,
"PULL","12 May 2025, 21:37","12 May 2025, 22:40","cutting is not real","Seated Cable Row - Bar Grip",1,"",0,"normal",120,15,,,
"PULL","12 May 2025, 21:37","12 May 2025, 22:40","cutting is not real","Seated Cable Row - Bar Grip",1,"",1,"normal",120,15,,,
"PULL","12 May 2025, 21:37","12 May 2025, 22:40","cutting is not real","Seated Cable Row - Bar Grip",1,"",2,"normal",130,15,,,
"PULL","12 May 2025, 21:37","12 May 2025, 22:40","cutting is not real","Shrug (Cable)",1,"",0,"normal",140,15,,,
"PULL","12 May 2025, 21:37","12 May 2025, 22:40","cutting is not real","Shrug (Cable)",1,"",1,"normal",140,15,,,
"PULL","12 May 2025, 21:37","12 May 2025, 22:40","cutting is not real","Shrug (Cable)",1,"",2,"normal",140,15,,,
"PULL","12 May 2025, 21:37","12 May 2025, 22:40","cutting is not real","Upright Row (Cable)",2,"",0,"normal",80,15,,,
"PULL","12 May 2025, 21:37","12 May 2025, 22:40","cutting is not real","Upright Row (Cable)",2,"",1,"normal",90,15,,,
"PULL","12 May 2025, 21:37","12 May 2025, 22:40","cutting is not real","Upright Row (Cable)",2,"",2,"normal",100,15,,,
"PULL","12 May 2025, 21:37","12 May 2025, 22:40","cutting is not real","Reverse Curl (Cable)",2,"",0,"normal",40,15,,,
"PULL","12 May 2025, 21:37","12 May 2025, 22:40","cutting is not real","Reverse Curl (Cable)",2,"",1,"normal",45,15,,,
"PULL","12 May 2025, 21:37","12 May 2025, 22:40","cutting is not real","Reverse Curl (Cable)",2,"",2,"normal",50,15,,,
"PUSH","8 May 2025, 20:52","8 May 2025, 21:53","","Chest Press (Machine)",0,"",0,"normal",140,15,,,
"PUSH","8 May 2025, 20:52","8 May 2025, 21:53","","Chest Press (Machine)",0,"",1,"normal",140,15,,,
"PUSH","8 May 2025, 20:52","8 May 2025, 21:53","","Chest Press (Machine)",0,"",2,"normal",140,12,,,
"PUSH","8 May 2025, 20:52","8 May 2025, 21:53","","Triceps Pushdown",0,"",0,"normal",50,15,,,
"PUSH","8 May 2025, 20:52","8 May 2025, 21:53","","Triceps Pushdown",0,"",1,"normal",60,12,,,
"PUSH","8 May 2025, 20:52","8 May 2025, 21:53","","Triceps Pushdown",0,"",2,"normal",40,30,,,
"PUSH","8 May 2025, 20:52","8 May 2025, 21:53","","Incline Chest Press (Machine)",1,"",0,"normal",100,15,,,
"PUSH","8 May 2025, 20:52","8 May 2025, 21:53","","Incline Chest Press (Machine)",1,"",1,"normal",100,15,,,
"PUSH","8 May 2025, 20:52","8 May 2025, 21:53","","Incline Chest Press (Machine)",1,"",2,"normal",100,15,,,
"PUSH","8 May 2025, 20:52","8 May 2025, 21:53","","Front Raise (Cable)",1,"",0,"normal",30,15,,,
"PUSH","8 May 2025, 20:52","8 May 2025, 21:53","","Front Raise (Cable)",1,"",1,"normal",30,15,,,
"PUSH","8 May 2025, 20:52","8 May 2025, 21:53","","Front Raise (Cable)",1,"",2,"normal",30,15,,,
"PUSH","8 May 2025, 20:52","8 May 2025, 21:53","","Decline Bench Press (Machine)",2,"",0,"normal",120,15,,,
"PUSH","8 May 2025, 20:52","8 May 2025, 21:53","","Decline Bench Press (Machine)",2,"",1,"normal",120,15,,,
"PUSH","8 May 2025, 20:52","8 May 2025, 21:53","","Decline Bench Press (Machine)",2,"",2,"normal",120,15,,,
"PUSH","8 May 2025, 20:52","8 May 2025, 21:53","","Seated Shoulder Press (Machine)",2,"",0,"normal",60,12,,,
"PUSH","8 May 2025, 20:52","8 May 2025, 21:53","","Seated Shoulder Press (Machine)",2,"",1,"normal",60,15,,,
"PUSH","8 May 2025, 20:52","8 May 2025, 21:53","","Seated Shoulder Press (Machine)",2,"",2,"normal",70,15,,,
"light pull","7 May 2025, 09:57","7 May 2025, 10:42","","Seated Cable Row - Bar Grip",0,"",0,"normal",120,15,,,
"light pull","7 May 2025, 09:57","7 May 2025, 10:42","","Seated Cable Row - Bar Grip",0,"",1,"normal",130,15,,,
"light pull","7 May 2025, 09:57","7 May 2025, 10:42","","Seated Cable Row - Bar Grip",0,"",2,"normal",130,15,,,
"light pull","7 May 2025, 09:57","7 May 2025, 10:42","","Bicep Curl (Cable)",0,"",0,"normal",50,15,,,
"light pull","7 May 2025, 09:57","7 May 2025, 10:42","","Bicep Curl (Cable)",0,"",1,"normal",50,15,,,
"light pull","7 May 2025, 09:57","7 May 2025, 10:42","","Bicep Curl (Cable)",0,"",2,"normal",60,15,,,
"light pull","7 May 2025, 09:57","7 May 2025, 10:42","","Upright Row (Cable)",1,"",0,"normal",90,15,,,
"light pull","7 May 2025, 09:57","7 May 2025, 10:42","","Upright Row (Cable)",1,"",1,"normal",100,15,,,
"light pull","7 May 2025, 09:57","7 May 2025, 10:42","","Upright Row (Cable)",1,"",2,"normal",100,15,,,
"light pull","7 May 2025, 09:57","7 May 2025, 10:42","","Shrug (Cable)",1,"",0,"normal",130,15,,,
"light pull","7 May 2025, 09:57","7 May 2025, 10:42","","Shrug (Cable)",1,"",1,"normal",140,15,,,
"light pull","7 May 2025, 09:57","7 May 2025, 10:42","","Shrug (Cable)",1,"",2,"normal",150,8,,,
"light pull","7 May 2025, 09:57","7 May 2025, 10:42","","Lat Pulldown (Cable)",,"",0,"normal",80,20,,,
"PUSH","5 May 2025, 17:08","5 May 2025, 18:11","","Chest Press (Machine)",0,"",0,"normal",130,15,,,
"PUSH","5 May 2025, 17:08","5 May 2025, 18:11","","Chest Press (Machine)",0,"",1,"normal",130,15,,,
"PUSH","5 May 2025, 17:08","5 May 2025, 18:11","","Chest Press (Machine)",0,"",2,"normal",140,12,,,
"PUSH","5 May 2025, 17:08","5 May 2025, 18:11","","Triceps Pushdown",0,"",0,"normal",50,15,,,
"PUSH","5 May 2025, 17:08","5 May 2025, 18:11","","Triceps Pushdown",0,"",1,"normal",50,15,,,
"PUSH","5 May 2025, 17:08","5 May 2025, 18:11","","Triceps Pushdown",0,"",2,"normal",60,8,,,
"PUSH","5 May 2025, 17:08","5 May 2025, 18:11","","Decline Bench Press (Machine)",3,"",0,"normal",110,15,,,
"PUSH","5 May 2025, 17:08","5 May 2025, 18:11","","Decline Bench Press (Machine)",3,"",1,"normal",120,15,,,
"PUSH","5 May 2025, 17:08","5 May 2025, 18:11","","Decline Bench Press (Machine)",3,"",2,"normal",120,15,,,
"PUSH","5 May 2025, 17:08","5 May 2025, 18:11","","Seated Shoulder Press (Machine)",3,"",0,"normal",60,15,,,
"PUSH","5 May 2025, 17:08","5 May 2025, 18:11","","Seated Shoulder Press (Machine)",3,"",1,"normal",70,15,,,
"PUSH","5 May 2025, 17:08","5 May 2025, 18:11","","Seated Shoulder Press (Machine)",3,"",2,"normal",80,15,,,
"PUSH","5 May 2025, 17:08","5 May 2025, 18:11","","Incline Chest Press (Machine)",2,"",0,"normal",90,15,,,
"PUSH","5 May 2025, 17:08","5 May 2025, 18:11","","Incline Chest Press (Machine)",2,"",1,"normal",90,15,,,
"PUSH","5 May 2025, 17:08","5 May 2025, 18:11","","Incline Chest Press (Machine)",2,"",2,"normal",100,14,,,
"PUSH","5 May 2025, 17:08","5 May 2025, 18:11","","Front Raise (Cable)",2,"",0,"normal",30,15,,,
"PUSH","5 May 2025, 17:08","5 May 2025, 18:11","","Front Raise (Cable)",2,"",1,"normal",30,15,,,
"PUSH","5 May 2025, 17:08","5 May 2025, 18:11","","Front Raise (Cable)",2,"",2,"normal",30,15,,,
"PULL","30 Apr 2025, 19:23","30 Apr 2025, 20:29","","Lat Pulldown (Cable)",0,"",0,"normal",90,15,,,
"PULL","30 Apr 2025, 19:23","30 Apr 2025, 20:29","","Lat Pulldown (Cable)",0,"",1,"normal",110,15,,,
"PULL","30 Apr 2025, 19:23","30 Apr 2025, 20:29","","Lat Pulldown (Cable)",0,"",2,"failure",100,20,,,
"PULL","30 Apr 2025, 19:23","30 Apr 2025, 20:29","","Lat Pulldown (Cable)",0,"",3,"normal",120,12,,,
"PULL","30 Apr 2025, 19:23","30 Apr 2025, 20:29","","Bicep Curl (Cable)",0,"",0,"normal",45,15,,,
"PULL","30 Apr 2025, 19:23","30 Apr 2025, 20:29","","Bicep Curl (Cable)",0,"",1,"normal",50,15,,,
"PULL","30 Apr 2025, 19:23","30 Apr 2025, 20:29","","Bicep Curl (Cable)",0,"",2,"failure",35,30,,,
"PULL","30 Apr 2025, 19:23","30 Apr 2025, 20:29","","Bicep Curl (Cable)",0,"",3,"normal",60,12,,,
"PULL","30 Apr 2025, 19:23","30 Apr 2025, 20:29","","Seated Cable Row - Bar Grip",1,"",0,"normal",120,15,,,
"PULL","30 Apr 2025, 19:23","30 Apr 2025, 20:29","","Seated Cable Row - Bar Grip",1,"",1,"normal",120,15,,,
"PULL","30 Apr 2025, 19:23","30 Apr 2025, 20:29","","Seated Cable Row - Bar Grip",1,"",2,"normal",120,15,,,
"PULL","30 Apr 2025, 19:23","30 Apr 2025, 20:29","","Shrug (Cable)",1,"",0,"normal",130,15,,,
"PULL","30 Apr 2025, 19:23","30 Apr 2025, 20:29","","Shrug (Cable)",1,"",1,"normal",130,15,,,
"PULL","30 Apr 2025, 19:23","30 Apr 2025, 20:29","","Shrug (Cable)",1,"",2,"normal",140,15,,,
"PULL","30 Apr 2025, 19:23","30 Apr 2025, 20:29","","Upright Row (Cable)",2,"",0,"normal",90,15,,,
"PULL","30 Apr 2025, 19:23","30 Apr 2025, 20:29","","Upright Row (Cable)",2,"",1,"normal",90,15,,,
"PULL","30 Apr 2025, 19:23","30 Apr 2025, 20:29","","Upright Row (Cable)",2,"",2,"normal",100,15,,,
"PULL","30 Apr 2025, 19:23","30 Apr 2025, 20:29","","Reverse Curl (Cable)",2,"",0,"normal",45,15,,,
"PULL","30 Apr 2025, 19:23","30 Apr 2025, 20:29","","Reverse Curl (Cable)",2,"",1,"normal",50,15,,,
"PULL","30 Apr 2025, 19:23","30 Apr 2025, 20:29","","Reverse Curl (Cable)",2,"",2,"normal",50,15,,,
"light leg arm","28 Apr 2025, 21:24","28 Apr 2025, 22:05","","Leg Press Horizontal (Machine)",0,"",0,"normal",150,15,,,
"light leg arm","28 Apr 2025, 21:24","28 Apr 2025, 22:05","","Leg Press Horizontal (Machine)",0,"",1,"normal",150,15,,,
"light leg arm","28 Apr 2025, 21:24","28 Apr 2025, 22:05","","Leg Press Horizontal (Machine)",0,"",2,"normal",150,15,,,
"light leg arm","28 Apr 2025, 21:24","28 Apr 2025, 22:05","","Triceps Pushdown",0,"",0,"normal",50,15,,,
"light leg arm","28 Apr 2025, 21:24","28 Apr 2025, 22:05","","Triceps Pushdown",0,"",1,"normal",50,15,,,
"light leg arm","28 Apr 2025, 21:24","28 Apr 2025, 22:05","","Triceps Pushdown",0,"",2,"normal",60,15,,,
"light leg arm","28 Apr 2025, 21:24","28 Apr 2025, 22:05","","Lying Leg Curl (Machine)",1,"",0,"normal",30,12,,,
"light leg arm","28 Apr 2025, 21:24","28 Apr 2025, 22:05","","Lying Leg Curl (Machine)",1,"",1,"normal",30,12,,,
"light leg arm","28 Apr 2025, 21:24","28 Apr 2025, 22:05","","Lying Leg Curl (Machine)",1,"",2,"normal",30,12,,,
"light leg arm","28 Apr 2025, 21:24","28 Apr 2025, 22:05","","Bicep Curl (Cable)",1,"",0,"normal",50,15,,,
"light leg arm","28 Apr 2025, 21:24","28 Apr 2025, 22:05","","Bicep Curl (Cable)",1,"",1,"normal",50,15,,,
"light leg arm","28 Apr 2025, 21:24","28 Apr 2025, 22:05","","Bicep Curl (Cable)",1,"",2,"normal",60,15,,,
"light leg arm","28 Apr 2025, 21:24","28 Apr 2025, 22:05","","Standing Calf Raise (Cable)",,"",0,"normal",60,15,,,
"light leg arm","28 Apr 2025, 21:24","28 Apr 2025, 22:05","","Standing Calf Raise (Cable)",,"",1,"normal",90,15,,,
"light leg arm","28 Apr 2025, 21:24","28 Apr 2025, 22:05","","Standing Calf Raise (Cable)",,"",2,"normal",100,15,,,
"PUSH","25 Apr 2025, 19:07","25 Apr 2025, 20:16","","Treadmill",,"",0,"normal",,,0.3,615,
"PUSH","25 Apr 2025, 19:07","25 Apr 2025, 20:16","","Chest Press (Machine)",0,"",0,"normal",130,15,,,
"PUSH","25 Apr 2025, 19:07","25 Apr 2025, 20:16","","Chest Press (Machine)",0,"",1,"normal",140,12,,,
"PUSH","25 Apr 2025, 19:07","25 Apr 2025, 20:16","","Chest Press (Machine)",0,"",2,"normal",140,12,,,
"PUSH","25 Apr 2025, 19:07","25 Apr 2025, 20:16","","Triceps Pushdown",0,"",0,"normal",45,15,,,
"PUSH","25 Apr 2025, 19:07","25 Apr 2025, 20:16","","Triceps Pushdown",0,"",1,"normal",50,15,,,
"PUSH","25 Apr 2025, 19:07","25 Apr 2025, 20:16","","Triceps Pushdown",0,"",2,"normal",50,15,,,
"PUSH","25 Apr 2025, 19:07","25 Apr 2025, 20:16","","Incline Chest Press (Machine)",2,"",0,"normal",80,12,,,
"PUSH","25 Apr 2025, 19:07","25 Apr 2025, 20:16","","Incline Chest Press (Machine)",2,"",1,"normal",80,15,,,
"PUSH","25 Apr 2025, 19:07","25 Apr 2025, 20:16","","Incline Chest Press (Machine)",2,"",2,"normal",80,15,,,
"PUSH","25 Apr 2025, 19:07","25 Apr 2025, 20:16","","Front Raise (Cable)",2,"",0,"normal",30,15,,,
"PUSH","25 Apr 2025, 19:07","25 Apr 2025, 20:16","","Front Raise (Cable)",2,"",1,"normal",30,15,,,
"PUSH","25 Apr 2025, 19:07","25 Apr 2025, 20:16","","Front Raise (Cable)",2,"",2,"normal",30,15,,,
"PUSH","25 Apr 2025, 19:07","25 Apr 2025, 20:16","","Decline Bench Press (Machine)",1,"",0,"normal",110,15,,,
"PUSH","25 Apr 2025, 19:07","25 Apr 2025, 20:16","","Decline Bench Press (Machine)",1,"",1,"normal",110,15,,,
"PUSH","25 Apr 2025, 19:07","25 Apr 2025, 20:16","","Decline Bench Press (Machine)",1,"",2,"normal",110,15,,,
"PUSH","25 Apr 2025, 19:07","25 Apr 2025, 20:16","","Seated Shoulder Press (Machine)",1,"",0,"normal",60,15,,,
"PUSH","25 Apr 2025, 19:07","25 Apr 2025, 20:16","","Seated Shoulder Press (Machine)",1,"",1,"normal",70,15,,,
"PUSH","25 Apr 2025, 19:07","25 Apr 2025, 20:16","","Seated Shoulder Press (Machine)",1,"",2,"normal",80,12,,,
"quick pull","21 Apr 2025, 09:23","21 Apr 2025, 09:59","","Lat Pulldown (Cable)",0,"",0,"normal",90,15,,,
"quick pull","21 Apr 2025, 09:23","21 Apr 2025, 09:59","","Lat Pulldown (Cable)",0,"",1,"normal",110,15,,,
"quick pull","21 Apr 2025, 09:23","21 Apr 2025, 09:59","","Lat Pulldown (Cable)",0,"",2,"normal",120,15,,,
"quick pull","21 Apr 2025, 09:23","21 Apr 2025, 09:59","","Bicep Curl (Cable)",0,"",0,"normal",45,15,,,
"quick pull","21 Apr 2025, 09:23","21 Apr 2025, 09:59","","Bicep Curl (Cable)",0,"",1,"normal",50,12,,,
"quick pull","21 Apr 2025, 09:23","21 Apr 2025, 09:59","","Bicep Curl (Cable)",0,"",2,"normal",45,15,,,
"quick pull","21 Apr 2025, 09:23","21 Apr 2025, 09:59","","Upright Row (Cable)",1,"",0,"normal",90,15,,,
"quick pull","21 Apr 2025, 09:23","21 Apr 2025, 09:59","","Upright Row (Cable)",1,"",1,"normal",90,15,,,
"quick pull","21 Apr 2025, 09:23","21 Apr 2025, 09:59","","Upright Row (Cable)",1,"",2,"normal",100,15,,,
"quick pull","21 Apr 2025, 09:23","21 Apr 2025, 09:59","","Shrug (Cable)",1,"",0,"normal",130,15,,,
"quick pull","21 Apr 2025, 09:23","21 Apr 2025, 09:59","","Shrug (Cable)",1,"",1,"normal",130,15,,,
"quick pull","21 Apr 2025, 09:23","21 Apr 2025, 09:59","","Shrug (Cable)",1,"",2,"normal",130,15,,,
"quick pull","21 Apr 2025, 09:23","21 Apr 2025, 09:59","","Seated Cable Row - Bar Grip",,"",0,"normal",120,15,,,
"quick pull","21 Apr 2025, 09:23","21 Apr 2025, 09:59","","Seated Cable Row - Bar Grip",,"",1,"normal",120,15,,,
"corearm","20 Apr 2025, 22:43","20 Apr 2025, 23:50","","Plank",0,"",0,"normal",,,,64,
"corearm","20 Apr 2025, 22:43","20 Apr 2025, 23:50","","Plank",0,"",1,"normal",,,,62,
"corearm","20 Apr 2025, 22:43","20 Apr 2025, 23:50","","Plank",0,"",2,"normal",,,,61,
"corearm","20 Apr 2025, 22:43","20 Apr 2025, 23:50","","Reverse Crunch",0,"",0,"normal",,30,,,
"corearm","20 Apr 2025, 22:43","20 Apr 2025, 23:50","","Reverse Crunch",0,"",1,"normal",,30,,,
"corearm","20 Apr 2025, 22:43","20 Apr 2025, 23:50","","Reverse Crunch",0,"",2,"normal",,30,,,
"corearm","20 Apr 2025, 22:43","20 Apr 2025, 23:50","","Crunch",3,"",0,"normal",,30,,,
"corearm","20 Apr 2025, 22:43","20 Apr 2025, 23:50","","Crunch",3,"",1,"normal",,30,,,
"corearm","20 Apr 2025, 22:43","20 Apr 2025, 23:50","","Crunch",3,"",2,"normal",,30,,,
"corearm","20 Apr 2025, 22:43","20 Apr 2025, 23:50","","Bicep Curl (Barbell)",3,"",0,"normal",40,25,,,
"corearm","20 Apr 2025, 22:43","20 Apr 2025, 23:50","","Bicep Curl (Barbell)",3,"",1,"normal",40,30,,,
"corearm","20 Apr 2025, 22:43","20 Apr 2025, 23:50","","Bicep Curl (Barbell)",3,"",2,"normal",40,30,,,
"corearm","20 Apr 2025, 22:43","20 Apr 2025, 23:50","","Heel Taps",2,"",0,"normal",,30,,,
"corearm","20 Apr 2025, 22:43","20 Apr 2025, 23:50","","Heel Taps",2,"",1,"normal",,30,,,
"corearm","20 Apr 2025, 22:43","20 Apr 2025, 23:50","","Heel Taps",2,"",2,"normal",,30,,,
"corearm","20 Apr 2025, 22:43","20 Apr 2025, 23:50","","Oblique Crunch",2,"",0,"normal",,30,,,
"corearm","20 Apr 2025, 22:43","20 Apr 2025, 23:50","","Oblique Crunch",2,"",1,"normal",,30,,,
"corearm","20 Apr 2025, 22:43","20 Apr 2025, 23:50","","Oblique Crunch",2,"",2,"normal",,30,,,
"corearm","20 Apr 2025, 22:43","20 Apr 2025, 23:50","","Triceps Extension (Barbell)",4,"",0,"normal",40,20,,,
"corearm","20 Apr 2025, 22:43","20 Apr 2025, 23:50","","Triceps Extension (Barbell)",4,"",1,"normal",40,20,,,
"corearm","20 Apr 2025, 22:43","20 Apr 2025, 23:50","","Triceps Extension (Barbell)",4,"",2,"normal",40,20,,,
"corearm","20 Apr 2025, 22:43","20 Apr 2025, 23:50","","Front Raise (Barbell)",4,"",0,"normal",40,15,,,
"corearm","20 Apr 2025, 22:43","20 Apr 2025, 23:50","","Front Raise (Barbell)",4,"",1,"normal",40,20,,,
"corearm","20 Apr 2025, 22:43","20 Apr 2025, 23:50","","Front Raise (Barbell)",4,"",2,"normal",40,20,,,
"PUSH CARDIO","19 Apr 2025, 09:41","19 Apr 2025, 10:48","","Treadmill",,"",0,"normal",,,0.7,1260,
"PUSH CARDIO","19 Apr 2025, 09:41","19 Apr 2025, 10:48","","Chest Press (Machine)",0,"",0,"normal",130,15,,,
"PUSH CARDIO","19 Apr 2025, 09:41","19 Apr 2025, 10:48","","Chest Press (Machine)",0,"",1,"normal",140,13,,,
"PUSH CARDIO","19 Apr 2025, 09:41","19 Apr 2025, 10:48","","Chest Press (Machine)",0,"",2,"normal",140,12,,,
"PUSH CARDIO","19 Apr 2025, 09:41","19 Apr 2025, 10:48","","Triceps Pushdown",0,"",0,"normal",45,15,,,
"PUSH CARDIO","19 Apr 2025, 09:41","19 Apr 2025, 10:48","","Triceps Pushdown",0,"",1,"normal",50,15,,,
"PUSH CARDIO","19 Apr 2025, 09:41","19 Apr 2025, 10:48","","Triceps Pushdown",0,"",2,"normal",50,15,,,
"PUSH CARDIO","19 Apr 2025, 09:41","19 Apr 2025, 10:48","","Incline Chest Press (Machine)",1,"",0,"normal",80,15,,,
"PUSH CARDIO","19 Apr 2025, 09:41","19 Apr 2025, 10:48","","Incline Chest Press (Machine)",1,"",1,"normal",80,15,,,
"PUSH CARDIO","19 Apr 2025, 09:41","19 Apr 2025, 10:48","","Incline Chest Press (Machine)",1,"",2,"normal",80,15,,,
"PUSH CARDIO","19 Apr 2025, 09:41","19 Apr 2025, 10:48","","Front Raise (Cable)",1,"",0,"normal",25,15,,,
"PUSH CARDIO","19 Apr 2025, 09:41","19 Apr 2025, 10:48","","Front Raise (Cable)",1,"",1,"normal",30,15,,,
"PUSH CARDIO","19 Apr 2025, 09:41","19 Apr 2025, 10:48","","Front Raise (Cable)",1,"",2,"normal",30,15,,,
"PUSH CARDIO","19 Apr 2025, 09:41","19 Apr 2025, 10:48","","Decline Bench Press (Machine)",2,"",0,"normal",110,15,,,
"PUSH CARDIO","19 Apr 2025, 09:41","19 Apr 2025, 10:48","","Decline Bench Press (Machine)",2,"",1,"normal",110,15,,,
"PUSH CARDIO","19 Apr 2025, 09:41","19 Apr 2025, 10:48","","Decline Bench Press (Machine)",2,"",2,"normal",110,15,,,
"PUSH CARDIO","19 Apr 2025, 09:41","19 Apr 2025, 10:48","","Seated Shoulder Press (Machine)",2,"",0,"normal",60,12,,,
"PUSH CARDIO","19 Apr 2025, 09:41","19 Apr 2025, 10:48","","Seated Shoulder Press (Machine)",2,"",1,"normal",60,13,,,
"PUSH CARDIO","19 Apr 2025, 09:41","19 Apr 2025, 10:48","","Seated Shoulder Press (Machine)",2,"",2,"normal",60,15,,,
"ligh pull","18 Apr 2025, 19:45","18 Apr 2025, 20:42","","Lat Pulldown (Cable)",0,"",0,"warmup",100,15,,,
"ligh pull","18 Apr 2025, 19:45","18 Apr 2025, 20:42","","Lat Pulldown (Cable)",0,"",1,"normal",110,15,,,
"ligh pull","18 Apr 2025, 19:45","18 Apr 2025, 20:42","","Lat Pulldown (Cable)",0,"",2,"normal",110,15,,,
"ligh pull","18 Apr 2025, 19:45","18 Apr 2025, 20:42","","Lat Pulldown (Cable)",0,"",3,"normal",120,15,,,
"ligh pull","18 Apr 2025, 19:45","18 Apr 2025, 20:42","","Bicep Curl (Cable)",0,"",0,"warmup",40,15,,,
"ligh pull","18 Apr 2025, 19:45","18 Apr 2025, 20:42","","Bicep Curl (Cable)",0,"",1,"normal",45,15,,,
"ligh pull","18 Apr 2025, 19:45","18 Apr 2025, 20:42","","Bicep Curl (Cable)",0,"",2,"normal",50,15,,,
"ligh pull","18 Apr 2025, 19:45","18 Apr 2025, 20:42","","Bicep Curl (Cable)",0,"",3,"normal",50,15,,,
"ligh pull","18 Apr 2025, 19:45","18 Apr 2025, 20:42","","Seated Cable Row - Bar Grip",1,"",0,"normal",120,12,,,
"ligh pull","18 Apr 2025, 19:45","18 Apr 2025, 20:42","","Seated Cable Row - Bar Grip",1,"",1,"normal",120,15,,,
"ligh pull","18 Apr 2025, 19:45","18 Apr 2025, 20:42","","Seated Cable Row - Bar Grip",1,"",2,"normal",120,15,,,
"ligh pull","18 Apr 2025, 19:45","18 Apr 2025, 20:42","","Shrug (Cable)",1,"",0,"normal",120,15,,,
"ligh pull","18 Apr 2025, 19:45","18 Apr 2025, 20:42","","Shrug (Cable)",1,"",1,"normal",130,15,,,
"ligh pull","18 Apr 2025, 19:45","18 Apr 2025, 20:42","","Shrug (Cable)",1,"",2,"normal",130,15,,,
"ligh pull","18 Apr 2025, 19:45","18 Apr 2025, 20:42","","Walking",,"",0,"normal",,,,600,
"MORNING PUSH","16 Apr 2025, 06:22","16 Apr 2025, 07:13","cut going weak","Chest Press (Machine)",0,"",0,"normal",130,15,,,
"MORNING PUSH","16 Apr 2025, 06:22","16 Apr 2025, 07:13","cut going weak","Chest Press (Machine)",0,"",1,"normal",130,15,,,
"MORNING PUSH","16 Apr 2025, 06:22","16 Apr 2025, 07:13","cut going weak","Chest Press (Machine)",0,"",2,"normal",130,15,,,
"MORNING PUSH","16 Apr 2025, 06:22","16 Apr 2025, 07:13","cut going weak","Triceps Pushdown",0,"",0,"normal",45,15,,,
"MORNING PUSH","16 Apr 2025, 06:22","16 Apr 2025, 07:13","cut going weak","Triceps Pushdown",0,"",1,"normal",45,15,,,
"MORNING PUSH","16 Apr 2025, 06:22","16 Apr 2025, 07:13","cut going weak","Triceps Pushdown",0,"",2,"normal",50,15,,,
"MORNING PUSH","16 Apr 2025, 06:22","16 Apr 2025, 07:13","cut going weak","Incline Chest Press (Machine)",1,"",0,"normal",80,15,,,
"MORNING PUSH","16 Apr 2025, 06:22","16 Apr 2025, 07:13","cut going weak","Incline Chest Press (Machine)",1,"",1,"normal",80,15,,,
"MORNING PUSH","16 Apr 2025, 06:22","16 Apr 2025, 07:13","cut going weak","Incline Chest Press (Machine)",1,"",2,"normal",90,15,,,
"MORNING PUSH","16 Apr 2025, 06:22","16 Apr 2025, 07:13","cut going weak","Front Raise (Cable)",1,"",0,"normal",25,15,,,
"MORNING PUSH","16 Apr 2025, 06:22","16 Apr 2025, 07:13","cut going weak","Front Raise (Cable)",1,"",1,"normal",25,15,,,
"MORNING PUSH","16 Apr 2025, 06:22","16 Apr 2025, 07:13","cut going weak","Front Raise (Cable)",1,"",2,"normal",30,15,,,
"MORNING PUSH","16 Apr 2025, 06:22","16 Apr 2025, 07:13","cut going weak","Decline Bench Press (Machine)",2,"",0,"normal",110,15,,,
"MORNING PUSH","16 Apr 2025, 06:22","16 Apr 2025, 07:13","cut going weak","Decline Bench Press (Machine)",2,"",1,"normal",110,15,,,
"MORNING PUSH","16 Apr 2025, 06:22","16 Apr 2025, 07:13","cut going weak","Decline Bench Press (Machine)",2,"",2,"normal",110,15,,,
"MORNING PUSH","16 Apr 2025, 06:22","16 Apr 2025, 07:13","cut going weak","Seated Shoulder Press (Machine)",2,"",0,"normal",60,15,,,
"MORNING PUSH","16 Apr 2025, 06:22","16 Apr 2025, 07:13","cut going weak","Seated Shoulder Press (Machine)",2,"",1,"normal",60,12,,,
"MORNING PUSH","16 Apr 2025, 06:22","16 Apr 2025, 07:13","cut going weak","Seated Shoulder Press (Machine)",2,"",2,"normal",60,15,,,
"ARM LEG","14 Apr 2025, 21:47","14 Apr 2025, 22:36","","Leg Press Horizontal (Machine)",0,"",0,"normal",140,15,,,
"ARM LEG","14 Apr 2025, 21:47","14 Apr 2025, 22:36","","Leg Press Horizontal (Machine)",0,"",1,"normal",150,12,,,
"ARM LEG","14 Apr 2025, 21:47","14 Apr 2025, 22:36","","Leg Press Horizontal (Machine)",0,"",2,"normal",150,12,,,
"ARM LEG","14 Apr 2025, 21:47","14 Apr 2025, 22:36","","Leg Press Horizontal (Machine)",0,"",3,"normal",150,15,,,
"ARM LEG","14 Apr 2025, 21:47","14 Apr 2025, 22:36","","Triceps Pushdown",0,"",0,"normal",50,15,,,
"ARM LEG","14 Apr 2025, 21:47","14 Apr 2025, 22:36","","Triceps Pushdown",0,"",1,"normal",50,15,,,
"ARM LEG","14 Apr 2025, 21:47","14 Apr 2025, 22:36","","Triceps Pushdown",0,"",2,"normal",50,15,,,
"ARM LEG","14 Apr 2025, 21:47","14 Apr 2025, 22:36","","Triceps Pushdown",0,"",3,"normal",60,12,,,
"ARM LEG","14 Apr 2025, 21:47","14 Apr 2025, 22:36","","Bicep Curl (Cable)",1,"",0,"normal",45,15,,,
"ARM LEG","14 Apr 2025, 21:47","14 Apr 2025, 22:36","","Bicep Curl (Cable)",1,"",1,"normal",50,15,,,
"ARM LEG","14 Apr 2025, 21:47","14 Apr 2025, 22:36","","Bicep Curl (Cable)",1,"",2,"normal",60,15,,,
"ARM LEG","14 Apr 2025, 21:47","14 Apr 2025, 22:36","","Leg Extension (Machine)",1,"",0,"normal",60,15,,,
"ARM LEG","14 Apr 2025, 21:47","14 Apr 2025, 22:36","","Leg Extension (Machine)",1,"",1,"normal",60,15,,,
"ARM LEG","14 Apr 2025, 21:47","14 Apr 2025, 22:36","","Leg Extension (Machine)",1,"",2,"normal",60,15,,,
"ARM LEG","14 Apr 2025, 21:47","14 Apr 2025, 22:36","","Reverse Curl (Cable)",2,"",0,"normal",45,15,,,
"ARM LEG","14 Apr 2025, 21:47","14 Apr 2025, 22:36","","Reverse Curl (Cable)",2,"",1,"normal",50,12,,,
"ARM LEG","14 Apr 2025, 21:47","14 Apr 2025, 22:36","","Reverse Curl (Cable)",2,"",2,"normal",50,15,,,
"ARM LEG","14 Apr 2025, 21:47","14 Apr 2025, 22:36","","Front Raise (Cable)",2,"",0,"normal",25,15,,,
"ARM LEG","14 Apr 2025, 21:47","14 Apr 2025, 22:36","","Front Raise (Cable)",2,"",1,"normal",30,12,,,
"ARM LEG","14 Apr 2025, 21:47","14 Apr 2025, 22:36","","Front Raise (Cable)",2,"",2,"normal",30,12,,,
"PULL","10 Apr 2025, 18:20","10 Apr 2025, 19:06","","Lat Pulldown (Cable)",0,"",0,"normal",120,15,,,
"PULL","10 Apr 2025, 18:20","10 Apr 2025, 19:06","","Lat Pulldown (Cable)",0,"",1,"normal",120,12,,,
"PULL","10 Apr 2025, 18:20","10 Apr 2025, 19:06","","Lat Pulldown (Cable)",0,"",2,"normal",120,15,,,
"PULL","10 Apr 2025, 18:20","10 Apr 2025, 19:06","","Bicep Curl (Cable)",0,"",0,"normal",45,15,,,
"PULL","10 Apr 2025, 18:20","10 Apr 2025, 19:06","","Bicep Curl (Cable)",0,"",1,"normal",45,15,,,
"PULL","10 Apr 2025, 18:20","10 Apr 2025, 19:06","","Bicep Curl (Cable)",0,"",2,"normal",50,15,,,
"PULL","10 Apr 2025, 18:20","10 Apr 2025, 19:06","","Upright Row (Cable)",1,"",0,"normal",90,15,,,
"PULL","10 Apr 2025, 18:20","10 Apr 2025, 19:06","","Upright Row (Cable)",1,"",1,"normal",90,15,,,
"PULL","10 Apr 2025, 18:20","10 Apr 2025, 19:06","","Upright Row (Cable)",1,"",2,"normal",100,12,,,
"PULL","10 Apr 2025, 18:20","10 Apr 2025, 19:06","","Shrug (Cable)",1,"",0,"normal",120,15,,,
"PULL","10 Apr 2025, 18:20","10 Apr 2025, 19:06","","Shrug (Cable)",1,"",1,"normal",130,15,,,
"PULL","10 Apr 2025, 18:20","10 Apr 2025, 19:06","","Shrug (Cable)",1,"",2,"normal",130,15,,,
"PULL","10 Apr 2025, 18:20","10 Apr 2025, 19:06","","Reverse Curl (Cable)",2,"",0,"normal",40,15,,,
"PULL","10 Apr 2025, 18:20","10 Apr 2025, 19:06","","Reverse Curl (Cable)",2,"",1,"normal",45,15,,,
"PULL","10 Apr 2025, 18:20","10 Apr 2025, 19:06","","Reverse Curl (Cable)",2,"",2,"normal",50,15,,,
"PULL","10 Apr 2025, 18:20","10 Apr 2025, 19:06","","Seated Cable Row - Bar Grip",2,"",0,"normal",120,15,,,
"PULL","10 Apr 2025, 18:20","10 Apr 2025, 19:06","","Seated Cable Row - Bar Grip",2,"",1,"normal",120,15,,,
"PULL","10 Apr 2025, 18:20","10 Apr 2025, 19:06","","Seated Cable Row - Bar Grip",2,"",2,"normal",120,15,,,
"PUSH","7 Apr 2025, 09:44","7 Apr 2025, 10:48","","Chest Press (Machine)",0,"",0,"normal",120,15,,,
"PUSH","7 Apr 2025, 09:44","7 Apr 2025, 10:48","","Chest Press (Machine)",0,"",1,"normal",130,15,,,
"PUSH","7 Apr 2025, 09:44","7 Apr 2025, 10:48","","Chest Press (Machine)",0,"",2,"normal",140,15,,,
"PUSH","7 Apr 2025, 09:44","7 Apr 2025, 10:48","","Chest Press (Machine)",0,"",3,"normal",150,5,,,
"PUSH","7 Apr 2025, 09:44","7 Apr 2025, 10:48","","Triceps Pushdown",0,"",0,"normal",45,15,,,
"PUSH","7 Apr 2025, 09:44","7 Apr 2025, 10:48","","Triceps Pushdown",0,"",1,"normal",50,15,,,
"PUSH","7 Apr 2025, 09:44","7 Apr 2025, 10:48","","Triceps Pushdown",0,"",2,"normal",45,15,,,
"PUSH","7 Apr 2025, 09:44","7 Apr 2025, 10:48","","Triceps Pushdown",0,"",3,"normal",40,25,,,
"PUSH","7 Apr 2025, 09:44","7 Apr 2025, 10:48","","Decline Bench Press (Machine)",1,"",0,"normal",110,15,,,
"PUSH","7 Apr 2025, 09:44","7 Apr 2025, 10:48","","Decline Bench Press (Machine)",1,"",1,"normal",120,15,,,
"PUSH","7 Apr 2025, 09:44","7 Apr 2025, 10:48","","Decline Bench Press (Machine)",1,"",2,"normal",130,12,,,
"PUSH","7 Apr 2025, 09:44","7 Apr 2025, 10:48","","Seated Shoulder Press (Machine)",1,"",0,"normal",60,15,,,
"PUSH","7 Apr 2025, 09:44","7 Apr 2025, 10:48","","Seated Shoulder Press (Machine)",1,"",1,"normal",60,15,,,
"PUSH","7 Apr 2025, 09:44","7 Apr 2025, 10:48","","Seated Shoulder Press (Machine)",1,"",2,"normal",70,15,,,
"PUSH","7 Apr 2025, 09:44","7 Apr 2025, 10:48","","Front Raise (Cable)",2,"",0,"normal",25,15,,,
"PUSH","7 Apr 2025, 09:44","7 Apr 2025, 10:48","","Front Raise (Cable)",2,"",1,"normal",25,15,,,
"PUSH","7 Apr 2025, 09:44","7 Apr 2025, 10:48","","Front Raise (Cable)",2,"",2,"normal",25,15,,,
"PUSH","7 Apr 2025, 09:44","7 Apr 2025, 10:48","","Incline Chest Press (Machine)",2,"",0,"normal",80,15,,,
"PUSH","7 Apr 2025, 09:44","7 Apr 2025, 10:48","","Incline Chest Press (Machine)",2,"",1,"normal",90,15,,,
"PUSH","7 Apr 2025, 09:44","7 Apr 2025, 10:48","","Incline Chest Press (Machine)",2,"",2,"normal",90,15,,,
"LEGARM","4 Apr 2025, 16:19","4 Apr 2025, 17:12","","Leg Press Horizontal (Machine)",0,"",0,"normal",130,15,,,
"LEGARM","4 Apr 2025, 16:19","4 Apr 2025, 17:12","","Leg Press Horizontal (Machine)",0,"",1,"normal",140,15,,,
"LEGARM","4 Apr 2025, 16:19","4 Apr 2025, 17:12","","Leg Press Horizontal (Machine)",0,"",2,"normal",140,15,,,
"LEGARM","4 Apr 2025, 16:19","4 Apr 2025, 17:12","","Leg Press Horizontal (Machine)",0,"",3,"normal",140,15,,,
"LEGARM","4 Apr 2025, 16:19","4 Apr 2025, 17:12","","Bicep Curl (Cable)",0,"",0,"normal",45,15,,,
"LEGARM","4 Apr 2025, 16:19","4 Apr 2025, 17:12","","Bicep Curl (Cable)",0,"",1,"normal",45,15,,,
"LEGARM","4 Apr 2025, 16:19","4 Apr 2025, 17:12","","Bicep Curl (Cable)",0,"",2,"normal",50,15,,,
"LEGARM","4 Apr 2025, 16:19","4 Apr 2025, 17:12","","Bicep Curl (Cable)",0,"",3,"normal",50,20,,,
"LEGARM","4 Apr 2025, 16:19","4 Apr 2025, 17:12","","Lying Leg Curl (Machine)",1,"",0,"normal",30,8,,,
"LEGARM","4 Apr 2025, 16:19","4 Apr 2025, 17:12","","Lying Leg Curl (Machine)",1,"",1,"normal",25,15,,,
"LEGARM","4 Apr 2025, 16:19","4 Apr 2025, 17:12","","Lying Leg Curl (Machine)",1,"",2,"normal",25,15,,,
"LEGARM","4 Apr 2025, 16:19","4 Apr 2025, 17:12","","Triceps Pushdown",1,"",0,"normal",50,15,,,
"LEGARM","4 Apr 2025, 16:19","4 Apr 2025, 17:12","","Triceps Pushdown",1,"",1,"normal",50,15,,,
"LEGARM","4 Apr 2025, 16:19","4 Apr 2025, 17:12","","Triceps Pushdown",1,"",2,"normal",50,15,,,
"LEGARM","4 Apr 2025, 16:19","4 Apr 2025, 17:12","","Leg Extension (Machine)",2,"",0,"normal",60,15,,,
"LEGARM","4 Apr 2025, 16:19","4 Apr 2025, 17:12","","Leg Extension (Machine)",2,"",1,"normal",60,15,,,
"LEGARM","4 Apr 2025, 16:19","4 Apr 2025, 17:12","","Leg Extension (Machine)",2,"",2,"normal",60,15,,,
"LEGARM","4 Apr 2025, 16:19","4 Apr 2025, 17:12","","Front Raise (Cable)",2,"",0,"normal",25,15,,,
"LEGARM","4 Apr 2025, 16:19","4 Apr 2025, 17:12","","Front Raise (Cable)",2,"",1,"normal",25,15,,,
"LEGARM","4 Apr 2025, 16:19","4 Apr 2025, 17:12","","Front Raise (Cable)",2,"",2,"normal",25,15,,,
"PULL","3 Apr 2025, 09:40","3 Apr 2025, 10:31","","Lat Pulldown (Cable)",0,"",0,"normal",100,15,,,
"PULL","3 Apr 2025, 09:40","3 Apr 2025, 10:31","","Lat Pulldown (Cable)",0,"",1,"normal",120,12,,,
"PULL","3 Apr 2025, 09:40","3 Apr 2025, 10:31","","Lat Pulldown (Cable)",0,"",2,"normal",120,12,,,
"PULL","3 Apr 2025, 09:40","3 Apr 2025, 10:31","","Lat Pulldown (Cable)",0,"",3,"normal",120,12,,,
"PULL","3 Apr 2025, 09:40","3 Apr 2025, 10:31","","Bicep Curl (Cable)",0,"",0,"normal",45,15,,,
"PULL","3 Apr 2025, 09:40","3 Apr 2025, 10:31","","Bicep Curl (Cable)",0,"",1,"normal",45,15,,,
"PULL","3 Apr 2025, 09:40","3 Apr 2025, 10:31","","Bicep Curl (Cable)",0,"",2,"normal",45,15,,,
"PULL","3 Apr 2025, 09:40","3 Apr 2025, 10:31","","Bicep Curl (Cable)",0,"",3,"normal",45,15,,,
"PULL","3 Apr 2025, 09:40","3 Apr 2025, 10:31","","Seated Cable Row - Bar Grip",1,"",0,"normal",120,15,,,
"PULL","3 Apr 2025, 09:40","3 Apr 2025, 10:31","","Seated Cable Row - Bar Grip",1,"",1,"normal",120,15,,,
"PULL","3 Apr 2025, 09:40","3 Apr 2025, 10:31","","Seated Cable Row - Bar Grip",1,"",2,"normal",120,15,,,
"PULL","3 Apr 2025, 09:40","3 Apr 2025, 10:31","","Front Raise (Cable)",1,"",0,"normal",25,15,,,
"PULL","3 Apr 2025, 09:40","3 Apr 2025, 10:31","","Front Raise (Cable)",1,"",1,"normal",25,15,,,
"PULL","3 Apr 2025, 09:40","3 Apr 2025, 10:31","","Front Raise (Cable)",1,"",2,"normal",25,15,,,
"PULL","3 Apr 2025, 09:40","3 Apr 2025, 10:31","","Upright Row (Cable)",2,"",0,"normal",80,15,,,
"PULL","3 Apr 2025, 09:40","3 Apr 2025, 10:31","","Upright Row (Cable)",2,"",1,"normal",90,15,,,
"PULL","3 Apr 2025, 09:40","3 Apr 2025, 10:31","","Upright Row (Cable)",2,"",2,"normal",90,15,,,
"PULL","3 Apr 2025, 09:40","3 Apr 2025, 10:31","","Shrug (Cable)",2,"",0,"normal",120,15,,,
"PULL","3 Apr 2025, 09:40","3 Apr 2025, 10:31","","Shrug (Cable)",2,"",1,"normal",120,15,,,
"PULL","3 Apr 2025, 09:40","3 Apr 2025, 10:31","","Shrug (Cable)",2,"",2,"normal",120,15,,,
"PUSH","1 Apr 2025, 18:41","1 Apr 2025, 19:41","","Chest Press (Machine)",0,"",0,"normal",110,15,,,
"PUSH","1 Apr 2025, 18:41","1 Apr 2025, 19:41","","Chest Press (Machine)",0,"",1,"normal",130,15,,,
"PUSH","1 Apr 2025, 18:41","1 Apr 2025, 19:41","","Chest Press (Machine)",0,"",2,"normal",130,15,,,
"PUSH","1 Apr 2025, 18:41","1 Apr 2025, 19:41","","Chest Press (Machine)",0,"",3,"normal",140,13,,,
"PUSH","1 Apr 2025, 18:41","1 Apr 2025, 19:41","","Triceps Pushdown",0,"",0,"normal",45,15,,,
"PUSH","1 Apr 2025, 18:41","1 Apr 2025, 19:41","","Triceps Pushdown",0,"",1,"normal",45,15,,,
"PUSH","1 Apr 2025, 18:41","1 Apr 2025, 19:41","","Triceps Pushdown",0,"",2,"normal",50,15,,,
"PUSH","1 Apr 2025, 18:41","1 Apr 2025, 19:41","","Triceps Pushdown",0,"",3,"failure",40,25,,,
"PUSH","1 Apr 2025, 18:41","1 Apr 2025, 19:41","","Incline Chest Press (Machine)",1,"",0,"normal",80,15,,,
"PUSH","1 Apr 2025, 18:41","1 Apr 2025, 19:41","","Incline Chest Press (Machine)",1,"",1,"normal",90,15,,,
"PUSH","1 Apr 2025, 18:41","1 Apr 2025, 19:41","","Incline Chest Press (Machine)",1,"",2,"normal",90,15,,,
"PUSH","1 Apr 2025, 18:41","1 Apr 2025, 19:41","","Front Raise (Cable)",1,"",0,"normal",25,15,,,
"PUSH","1 Apr 2025, 18:41","1 Apr 2025, 19:41","","Front Raise (Cable)",1,"",1,"normal",25,15,,,
"PUSH","1 Apr 2025, 18:41","1 Apr 2025, 19:41","","Front Raise (Cable)",1,"",2,"normal",25,20,,,
"PUSH","1 Apr 2025, 18:41","1 Apr 2025, 19:41","","Decline Bench Press (Machine)",2,"",0,"normal",110,15,,,
"PUSH","1 Apr 2025, 18:41","1 Apr 2025, 19:41","","Decline Bench Press (Machine)",2,"",1,"normal",120,14,,,
"PUSH","1 Apr 2025, 18:41","1 Apr 2025, 19:41","","Decline Bench Press (Machine)",2,"",2,"normal",120,10,,,
"PUSH","1 Apr 2025, 18:41","1 Apr 2025, 19:41","","Seated Shoulder Press (Machine)",2,"",0,"normal",60,15,,,
"PUSH","1 Apr 2025, 18:41","1 Apr 2025, 19:41","","Seated Shoulder Press (Machine)",2,"",1,"normal",60,15,,,
"PUSH","1 Apr 2025, 18:41","1 Apr 2025, 19:41","","Seated Shoulder Press (Machine)",2,"",2,"normal",60,14,,,
"PULL","27 Mar 2025, 14:28","27 Mar 2025, 15:19","","Lat Pulldown (Cable)",0,"",0,"warmup",90,15,,,
"PULL","27 Mar 2025, 14:28","27 Mar 2025, 15:19","","Lat Pulldown (Cable)",0,"",1,"normal",120,12,,,
"PULL","27 Mar 2025, 14:28","27 Mar 2025, 15:19","","Lat Pulldown (Cable)",0,"",2,"normal",120,12,,,
"PULL","27 Mar 2025, 14:28","27 Mar 2025, 15:19","","Lat Pulldown (Cable)",0,"",3,"failure",70,31,,,
"PULL","27 Mar 2025, 14:28","27 Mar 2025, 15:19","","Bicep Curl (Cable)",0,"",0,"normal",45,15,,,
"PULL","27 Mar 2025, 14:28","27 Mar 2025, 15:19","","Bicep Curl (Cable)",0,"",1,"normal",45,15,,,
"PULL","27 Mar 2025, 14:28","27 Mar 2025, 15:19","","Bicep Curl (Cable)",0,"",2,"normal",50,15,,,
"PULL","27 Mar 2025, 14:28","27 Mar 2025, 15:19","","Bicep Curl (Cable)",0,"",3,"failure",40,25,,,
"PULL","27 Mar 2025, 14:28","27 Mar 2025, 15:19","","Seated Cable Row - Bar Grip",1,"",0,"normal",120,15,,,
"PULL","27 Mar 2025, 14:28","27 Mar 2025, 15:19","","Seated Cable Row - Bar Grip",1,"",1,"normal",120,15,,,
"PULL","27 Mar 2025, 14:28","27 Mar 2025, 15:19","","Seated Cable Row - Bar Grip",1,"",2,"normal",120,15,,,
"PULL","27 Mar 2025, 14:28","27 Mar 2025, 15:19","","Front Raise (Cable)",1,"",0,"normal",25,15,,,
"PULL","27 Mar 2025, 14:28","27 Mar 2025, 15:19","","Front Raise (Cable)",1,"",1,"normal",25,20,,,
"PULL","27 Mar 2025, 14:28","27 Mar 2025, 15:19","","Front Raise (Cable)",1,"",2,"normal",25,20,,,
"PULL","27 Mar 2025, 14:28","27 Mar 2025, 15:19","","Upright Row (Cable)",2,"",0,"normal",80,15,,,
"PULL","27 Mar 2025, 14:28","27 Mar 2025, 15:19","","Upright Row (Cable)",2,"",1,"normal",80,15,,,
"PULL","27 Mar 2025, 14:28","27 Mar 2025, 15:19","","Upright Row (Cable)",2,"",2,"normal",80,15,,,
"PULL","27 Mar 2025, 14:28","27 Mar 2025, 15:19","","Shrug (Cable)",2,"",0,"normal",120,15,,,
"PULL","27 Mar 2025, 14:28","27 Mar 2025, 15:19","","Shrug (Cable)",2,"",1,"normal",120,15,,,
"PULL","27 Mar 2025, 14:28","27 Mar 2025, 15:19","","Shrug (Cable)",2,"",2,"normal",120,15,,,
"LEG ARMS","26 Mar 2025, 21:23","26 Mar 2025, 22:06","first leg in 3 years","Bicep Curl (Cable)",0,"",0,"normal",45,15,,,
"LEG ARMS","26 Mar 2025, 21:23","26 Mar 2025, 22:06","first leg in 3 years","Bicep Curl (Cable)",0,"",1,"normal",50,15,,,
"LEG ARMS","26 Mar 2025, 21:23","26 Mar 2025, 22:06","first leg in 3 years","Bicep Curl (Cable)",0,"",2,"normal",50,15,,,
"LEG ARMS","26 Mar 2025, 21:23","26 Mar 2025, 22:06","first leg in 3 years","Reverse Curl (Cable)",0,"",0,"normal",35,15,,,
"LEG ARMS","26 Mar 2025, 21:23","26 Mar 2025, 22:06","first leg in 3 years","Reverse Curl (Cable)",0,"",1,"normal",40,15,,,
"LEG ARMS","26 Mar 2025, 21:23","26 Mar 2025, 22:06","first leg in 3 years","Reverse Curl (Cable)",0,"",2,"normal",40,15,,,
"LEG ARMS","26 Mar 2025, 21:23","26 Mar 2025, 22:06","first leg in 3 years","Triceps Pushdown",1,"",0,"failure",30,41,,,
"LEG ARMS","26 Mar 2025, 21:23","26 Mar 2025, 22:06","first leg in 3 years","Triceps Pushdown",1,"",1,"failure",35,31,,,
"LEG ARMS","26 Mar 2025, 21:23","26 Mar 2025, 22:06","first leg in 3 years","Front Raise (Cable)",1,"",0,"failure",20,34,,,
"LEG ARMS","26 Mar 2025, 21:23","26 Mar 2025, 22:06","first leg in 3 years","Front Raise (Cable)",1,"",1,"failure",20,30,,,
"LEG ARMS","26 Mar 2025, 21:23","26 Mar 2025, 22:06","first leg in 3 years","Leg Extension (Machine)",2,"",0,"normal",50,15,,,
"LEG ARMS","26 Mar 2025, 21:23","26 Mar 2025, 22:06","first leg in 3 years","Leg Extension (Machine)",2,"",1,"normal",60,15,,,
"LEG ARMS","26 Mar 2025, 21:23","26 Mar 2025, 22:06","first leg in 3 years","Leg Extension (Machine)",2,"",2,"normal",60,15,,,
"LEG ARMS","26 Mar 2025, 21:23","26 Mar 2025, 22:06","first leg in 3 years","Leg Press Horizontal (Machine)",2,"",0,"normal",50,25,,,
"LEG ARMS","26 Mar 2025, 21:23","26 Mar 2025, 22:06","first leg in 3 years","Leg Press Horizontal (Machine)",2,"",1,"normal",100,20,,,
"LEG ARMS","26 Mar 2025, 21:23","26 Mar 2025, 22:06","first leg in 3 years","Leg Press Horizontal (Machine)",2,"",2,"normal",120,15,,,
"LEG ARMS","26 Mar 2025, 21:23","26 Mar 2025, 22:06","first leg in 3 years","Treadmill",,"12 incline 2.5 speed",0,"normal",,,0.4,630,
"PUSH","24 Mar 2025, 19:53","24 Mar 2025, 20:40","","Chest Press (Machine)",0,"",0,"warmup",100,15,,,
"PUSH","24 Mar 2025, 19:53","24 Mar 2025, 20:40","","Chest Press (Machine)",0,"",1,"normal",120,15,,,
"PUSH","24 Mar 2025, 19:53","24 Mar 2025, 20:40","","Chest Press (Machine)",0,"",2,"normal",130,12,,,
"PUSH","24 Mar 2025, 19:53","24 Mar 2025, 20:40","","Chest Press (Machine)",0,"",3,"failure",110,16,,,
"PUSH","24 Mar 2025, 19:53","24 Mar 2025, 20:40","","Triceps Pushdown",0,"",0,"normal",40,15,,,
"PUSH","24 Mar 2025, 19:53","24 Mar 2025, 20:40","","Triceps Pushdown",0,"",1,"normal",45,15,,,
"PUSH","24 Mar 2025, 19:53","24 Mar 2025, 20:40","","Triceps Pushdown",0,"",2,"normal",50,15,,,
"PUSH","24 Mar 2025, 19:53","24 Mar 2025, 20:40","","Triceps Pushdown",0,"",3,"failure",40,20,,,
"PUSH","24 Mar 2025, 19:53","24 Mar 2025, 20:40","","Front Raise (Cable)",1,"",0,"normal",25,20,,,
"PUSH","24 Mar 2025, 19:53","24 Mar 2025, 20:40","","Front Raise (Cable)",1,"",1,"normal",25,20,,,
"PUSH","24 Mar 2025, 19:53","24 Mar 2025, 20:40","","Front Raise (Cable)",1,"",2,"failure",15,36,,,
"PUSH","24 Mar 2025, 19:53","24 Mar 2025, 20:40","","Incline Chest Press (Machine)",1,"",0,"normal",80,15,,,
"PUSH","24 Mar 2025, 19:53","24 Mar 2025, 20:40","","Incline Chest Press (Machine)",1,"",1,"normal",80,15,,,
"PUSH","24 Mar 2025, 19:53","24 Mar 2025, 20:40","","Incline Chest Press (Machine)",1,"",2,"failure",50,27,,,
"PUSH","24 Mar 2025, 19:53","24 Mar 2025, 20:40","","Decline Bench Press (Machine)",2,"",0,"normal",100,15,,,
"PUSH","24 Mar 2025, 19:53","24 Mar 2025, 20:40","","Decline Bench Press (Machine)",2,"",1,"normal",110,15,,,
"PUSH","24 Mar 2025, 19:53","24 Mar 2025, 20:40","","Decline Bench Press (Machine)",2,"",2,"failure",90,20,,,
"PUSH","24 Mar 2025, 19:53","24 Mar 2025, 20:40","","Seated Shoulder Press (Machine)",2,"",0,"normal",50,15,,,
"PUSH","24 Mar 2025, 19:53","24 Mar 2025, 20:40","","Seated Shoulder Press (Machine)",2,"",1,"normal",50,17,,,
"PUSH","24 Mar 2025, 19:53","24 Mar 2025, 20:40","","Seated Shoulder Press (Machine)",2,"",2,"failure",35,20,,,
"pull treadmill","23 Mar 2025, 19:30","23 Mar 2025, 20:34","","Seated Cable Row - Bar Grip",0,"",0,"normal",110,15,,,
"pull treadmill","23 Mar 2025, 19:30","23 Mar 2025, 20:34","","Seated Cable Row - Bar Grip",0,"",1,"normal",120,15,,,
"pull treadmill","23 Mar 2025, 19:30","23 Mar 2025, 20:34","","Seated Cable Row - Bar Grip",0,"",2,"normal",120,15,,,
"pull treadmill","23 Mar 2025, 19:30","23 Mar 2025, 20:34","","Front Raise (Cable)",0,"",0,"normal",20,20,,,
"pull treadmill","23 Mar 2025, 19:30","23 Mar 2025, 20:34","","Front Raise (Cable)",0,"",1,"normal",25,15,,,
"pull treadmill","23 Mar 2025, 19:30","23 Mar 2025, 20:34","","Front Raise (Cable)",0,"",2,"normal",25,20,,,
"pull treadmill","23 Mar 2025, 19:30","23 Mar 2025, 20:34","","Upright Row (Cable)",1,"",0,"normal",80,15,,,
"pull treadmill","23 Mar 2025, 19:30","23 Mar 2025, 20:34","","Upright Row (Cable)",1,"",1,"normal",80,15,,,
"pull treadmill","23 Mar 2025, 19:30","23 Mar 2025, 20:34","","Upright Row (Cable)",1,"",2,"normal",80,15,,,
"pull treadmill","23 Mar 2025, 19:30","23 Mar 2025, 20:34","","Shrug (Cable)",1,"",0,"normal",120,15,,,
"pull treadmill","23 Mar 2025, 19:30","23 Mar 2025, 20:34","","Shrug (Cable)",1,"",1,"normal",120,15,,,
"pull treadmill","23 Mar 2025, 19:30","23 Mar 2025, 20:34","","Shrug (Cable)",1,"",2,"normal",120,15,,,
"pull treadmill","23 Mar 2025, 19:30","23 Mar 2025, 20:34","","Lat Pulldown (Cable)",,"",0,"normal",100,12,,,
"pull treadmill","23 Mar 2025, 19:30","23 Mar 2025, 20:34","","Lat Pulldown (Cable)",,"",1,"normal",80,15,,,
"pull treadmill","23 Mar 2025, 19:30","23 Mar 2025, 20:34","","Lat Pulldown (Cable)",,"",2,"normal",90,15,,,
"pull treadmill","23 Mar 2025, 19:30","23 Mar 2025, 20:34","","Lat Pulldown (Cable)",,"",3,"failure",70,30,,,
"pull treadmill","23 Mar 2025, 19:30","23 Mar 2025, 20:34","","Bicep Curl (Cable)",,"",0,"normal",45,15,,,
"pull treadmill","23 Mar 2025, 19:30","23 Mar 2025, 20:34","","Bicep Curl (Cable)",,"",1,"normal",40,15,,,
"pull treadmill","23 Mar 2025, 19:30","23 Mar 2025, 20:34","","Bicep Curl (Cable)",,"",2,"normal",40,15,,,
"pull treadmill","23 Mar 2025, 19:30","23 Mar 2025, 20:34","","Treadmill",,"12 incline 3 speed",0,"normal",,,0.75,900,
"push","20 Mar 2025, 18:11","20 Mar 2025, 19:12","","Chest Press (Machine)",0,"",0,"warmup",100,15,,,
"push","20 Mar 2025, 18:11","20 Mar 2025, 19:12","","Chest Press (Machine)",0,"",1,"normal",120,15,,,
"push","20 Mar 2025, 18:11","20 Mar 2025, 19:12","","Chest Press (Machine)",0,"",2,"normal",130,12,,,
"push","20 Mar 2025, 18:11","20 Mar 2025, 19:12","","Chest Press (Machine)",0,"",3,"normal",130,12,,,
"push","20 Mar 2025, 18:11","20 Mar 2025, 19:12","","Triceps Pushdown",0,"",0,"warmup",35,15,,,
"push","20 Mar 2025, 18:11","20 Mar 2025, 19:12","","Triceps Pushdown",0,"",1,"normal",45,15,,,
"push","20 Mar 2025, 18:11","20 Mar 2025, 19:12","","Triceps Pushdown",0,"",2,"normal",45,15,,,
"push","20 Mar 2025, 18:11","20 Mar 2025, 19:12","","Triceps Pushdown",0,"",3,"normal",50,15,,,
"push","20 Mar 2025, 18:11","20 Mar 2025, 19:12","","Incline Chest Press (Machine)",1,"",0,"normal",80,15,,,
"push","20 Mar 2025, 18:11","20 Mar 2025, 19:12","","Incline Chest Press (Machine)",1,"",1,"normal",80,15,,,
"push","20 Mar 2025, 18:11","20 Mar 2025, 19:12","","Incline Chest Press (Machine)",1,"",2,"normal",90,15,,,
"push","20 Mar 2025, 18:11","20 Mar 2025, 19:12","","Front Raise (Cable)",1,"",0,"normal",20,20,,,
"push","20 Mar 2025, 18:11","20 Mar 2025, 19:12","","Front Raise (Cable)",1,"",1,"normal",20,20,,,
"push","20 Mar 2025, 18:11","20 Mar 2025, 19:12","","Front Raise (Cable)",1,"",2,"normal",20,20,,,
"push","20 Mar 2025, 18:11","20 Mar 2025, 19:12","","Decline Bench Press (Machine)",2,"",0,"normal",100,15,,,
"push","20 Mar 2025, 18:11","20 Mar 2025, 19:12","","Decline Bench Press (Machine)",2,"",1,"normal",110,12,,,
"push","20 Mar 2025, 18:11","20 Mar 2025, 19:12","","Decline Bench Press (Machine)",2,"",2,"normal",110,15,,,
"push","20 Mar 2025, 18:11","20 Mar 2025, 19:12","","Seated Shoulder Press (Machine)",2,"",0,"normal",50,20,,,
"push","20 Mar 2025, 18:11","20 Mar 2025, 19:12","","Seated Shoulder Press (Machine)",2,"",1,"normal",50,15,,,
"push","20 Mar 2025, 18:11","20 Mar 2025, 19:12","","Seated Shoulder Press (Machine)",2,"",2,"normal",60,15,,,
"quick pull","18 Mar 2025, 20:06","18 Mar 2025, 20:41","","Lat Pulldown (Cable)",,"",0,"normal",100,15,,,
"quick pull","18 Mar 2025, 20:06","18 Mar 2025, 20:41","","Lat Pulldown (Cable)",,"",1,"normal",120,12,,,
"quick pull","18 Mar 2025, 20:06","18 Mar 2025, 20:41","","Lat Pulldown (Cable)",,"",2,"normal",120,12,,,
"quick pull","18 Mar 2025, 20:06","18 Mar 2025, 20:41","","Lat Pulldown (Cable)",,"",3,"normal",120,12,,,
"quick pull","18 Mar 2025, 20:06","18 Mar 2025, 20:41","","Bicep Curl (Cable)",0,"",0,"normal",45,15,,,
"quick pull","18 Mar 2025, 20:06","18 Mar 2025, 20:41","","Bicep Curl (Cable)",0,"",1,"normal",45,15,,,
"quick pull","18 Mar 2025, 20:06","18 Mar 2025, 20:41","","Bicep Curl (Cable)",0,"",2,"normal",45,15,,,
"quick pull","18 Mar 2025, 20:06","18 Mar 2025, 20:41","","Seated Cable Row - Bar Grip",0,"",0,"normal",100,15,,,
"quick pull","18 Mar 2025, 20:06","18 Mar 2025, 20:41","","Seated Cable Row - Bar Grip",0,"",1,"normal",100,15,,,
"quick pull","18 Mar 2025, 20:06","18 Mar 2025, 20:41","","Seated Cable Row - Bar Grip",0,"",2,"normal",100,15,,,
"quick pull","18 Mar 2025, 20:06","18 Mar 2025, 20:41","","Upright Row (Cable)",1,"",0,"normal",70,15,,,
"quick pull","18 Mar 2025, 20:06","18 Mar 2025, 20:41","","Upright Row (Cable)",1,"",1,"normal",70,15,,,
"quick pull","18 Mar 2025, 20:06","18 Mar 2025, 20:41","","Shrug (Cable)",1,"",0,"normal",120,15,,,
"quick pull","18 Mar 2025, 20:06","18 Mar 2025, 20:41","","Shrug (Cable)",1,"",1,"normal",120,15,,,
"push bike","17 Mar 2025, 17:46","17 Mar 2025, 18:49","","Chest Press (Machine)",0,"",0,"normal",120,15,,,
"push bike","17 Mar 2025, 17:46","17 Mar 2025, 18:49","","Chest Press (Machine)",0,"",1,"normal",130,12,,,
"push bike","17 Mar 2025, 17:46","17 Mar 2025, 18:49","","Chest Press (Machine)",0,"",2,"normal",130,8,,,
"push bike","17 Mar 2025, 17:46","17 Mar 2025, 18:49","","Triceps Pushdown",0,"",0,"normal",45,15,,,
"push bike","17 Mar 2025, 17:46","17 Mar 2025, 18:49","","Triceps Pushdown",0,"",1,"normal",45,15,,,
"push bike","17 Mar 2025, 17:46","17 Mar 2025, 18:49","","Triceps Pushdown",0,"",2,"normal",45,15,,,
"push bike","17 Mar 2025, 17:46","17 Mar 2025, 18:49","","Incline Chest Press (Machine)",1,"",0,"normal",70,15,,,
"push bike","17 Mar 2025, 17:46","17 Mar 2025, 18:49","","Incline Chest Press (Machine)",1,"",1,"normal",80,8,,,
"push bike","17 Mar 2025, 17:46","17 Mar 2025, 18:49","","Decline Bench Press (Machine)",1,"",0,"normal",100,12,,,
"push bike","17 Mar 2025, 17:46","17 Mar 2025, 18:49","","Decline Bench Press (Machine)",1,"",1,"normal",100,10,,,
"push bike","17 Mar 2025, 17:46","17 Mar 2025, 18:49","","Front Raise (Cable)",,"",0,"normal",20,20,,,
"push bike","17 Mar 2025, 17:46","17 Mar 2025, 18:49","","Front Raise (Cable)",,"",1,"normal",20,20,,,
"push bike","17 Mar 2025, 17:46","17 Mar 2025, 18:49","","Front Raise (Cable)",,"",2,"normal",20,20,,,
"push bike","17 Mar 2025, 17:46","17 Mar 2025, 18:49","","Spinning",,"",0,"normal",,,,1231,
"push bike","17 Mar 2025, 17:46","17 Mar 2025, 18:49","","Incline Chest Press (Machine)",,"",0,"normal",80,15,,,
"push bike","17 Mar 2025, 17:46","17 Mar 2025, 18:49","","Decline Bench Press (Machine)",,"",0,"normal",110,15,,,
"push bike","17 Mar 2025, 17:46","17 Mar 2025, 18:49","","Seated Shoulder Press (Machine)",,"",0,"normal",50,15,,,
"push bike","17 Mar 2025, 17:46","17 Mar 2025, 18:49","","Seated Shoulder Press (Machine)",,"",1,"normal",50,12,,,
"push bike","17 Mar 2025, 17:46","17 Mar 2025, 18:49","","Seated Shoulder Press (Machine)",,"",2,"normal",50,12,,,
"push bike","17 Mar 2025, 17:46","17 Mar 2025, 18:49","","Bicep Curl (Cable)",,"",0,"normal",40,15,,,
"push bike","17 Mar 2025, 17:46","17 Mar 2025, 18:49","","Bicep Curl (Cable)",,"",1,"normal",40,15,,,
"PULL","13 Mar 2025, 09:39","13 Mar 2025, 10:38","working from home is goated, gonna play rivals now","Lat Pulldown (Cable)",0,"",0,"normal",90,15,,,
"PULL","13 Mar 2025, 09:39","13 Mar 2025, 10:38","working from home is goated, gonna play rivals now","Lat Pulldown (Cable)",0,"",1,"normal",110,12,,,
"PULL","13 Mar 2025, 09:39","13 Mar 2025, 10:38","working from home is goated, gonna play rivals now","Lat Pulldown (Cable)",0,"",2,"normal",110,12,,,
"PULL","13 Mar 2025, 09:39","13 Mar 2025, 10:38","working from home is goated, gonna play rivals now","Lat Pulldown (Cable)",0,"",3,"normal",110,12,,,
"PULL","13 Mar 2025, 09:39","13 Mar 2025, 10:38","working from home is goated, gonna play rivals now","Bicep Curl (Cable)",0,"",0,"normal",40,15,,,
"PULL","13 Mar 2025, 09:39","13 Mar 2025, 10:38","working from home is goated, gonna play rivals now","Bicep Curl (Cable)",0,"",1,"normal",40,15,,,
"PULL","13 Mar 2025, 09:39","13 Mar 2025, 10:38","working from home is goated, gonna play rivals now","Bicep Curl (Cable)",0,"",2,"normal",45,15,,,
"PULL","13 Mar 2025, 09:39","13 Mar 2025, 10:38","working from home is goated, gonna play rivals now","Bicep Curl (Cable)",0,"",3,"normal",45,15,,,
"PULL","13 Mar 2025, 09:39","13 Mar 2025, 10:38","working from home is goated, gonna play rivals now","Upright Row (Cable)",1,"",0,"normal",70,15,,,
"PULL","13 Mar 2025, 09:39","13 Mar 2025, 10:38","working from home is goated, gonna play rivals now","Upright Row (Cable)",1,"",1,"normal",70,15,,,
"PULL","13 Mar 2025, 09:39","13 Mar 2025, 10:38","working from home is goated, gonna play rivals now","Upright Row (Cable)",1,"",2,"normal",80,15,,,
"PULL","13 Mar 2025, 09:39","13 Mar 2025, 10:38","working from home is goated, gonna play rivals now","Front Raise (Cable)",1,"",0,"normal",20,20,,,
"PULL","13 Mar 2025, 09:39","13 Mar 2025, 10:38","working from home is goated, gonna play rivals now","Front Raise (Cable)",1,"",1,"normal",20,20,,,
"PULL","13 Mar 2025, 09:39","13 Mar 2025, 10:38","working from home is goated, gonna play rivals now","Front Raise (Cable)",1,"",2,"normal",20,20,,,
"PULL","13 Mar 2025, 09:39","13 Mar 2025, 10:38","working from home is goated, gonna play rivals now","Leg Extension (Machine)",,"",0,"normal",50,12,,,
"PULL","13 Mar 2025, 09:39","13 Mar 2025, 10:38","working from home is goated, gonna play rivals now","Seated Cable Row - Bar Grip",2,"",0,"normal",100,15,,,
"PULL","13 Mar 2025, 09:39","13 Mar 2025, 10:38","working from home is goated, gonna play rivals now","Seated Cable Row - Bar Grip",2,"",1,"normal",100,15,,,
"PULL","13 Mar 2025, 09:39","13 Mar 2025, 10:38","working from home is goated, gonna play rivals now","Seated Cable Row - Bar Grip",2,"",2,"normal",100,15,,,
"PULL","13 Mar 2025, 09:39","13 Mar 2025, 10:38","working from home is goated, gonna play rivals now","Shrug (Cable)",2,"",0,"normal",120,15,,,
"PULL","13 Mar 2025, 09:39","13 Mar 2025, 10:38","working from home is goated, gonna play rivals now","Shrug (Cable)",2,"",1,"normal",120,15,,,
"PULL","13 Mar 2025, 09:39","13 Mar 2025, 10:38","working from home is goated, gonna play rivals now","Shrug (Cable)",2,"",2,"normal",120,15,,,
"push","11 Mar 2025, 20:42","11 Mar 2025, 21:43","","Chest Press (Machine)",0,"",0,"normal",100,20,,,
"push","11 Mar 2025, 20:42","11 Mar 2025, 21:43","","Chest Press (Machine)",0,"",1,"normal",120,15,,,
"push","11 Mar 2025, 20:42","11 Mar 2025, 21:43","","Chest Press (Machine)",0,"",2,"normal",130,15,,,
"push","11 Mar 2025, 20:42","11 Mar 2025, 21:43","","Chest Press (Machine)",0,"",3,"normal",140,8,,,
"push","11 Mar 2025, 20:42","11 Mar 2025, 21:43","","Triceps Pushdown",0,"",0,"normal",40,15,,,
"push","11 Mar 2025, 20:42","11 Mar 2025, 21:43","","Triceps Pushdown",0,"",1,"normal",45,15,,,
"push","11 Mar 2025, 20:42","11 Mar 2025, 21:43","","Triceps Pushdown",0,"",2,"normal",50,15,,,
"push","11 Mar 2025, 20:42","11 Mar 2025, 21:43","","Triceps Pushdown",0,"",3,"normal",50,15,,,
"push","11 Mar 2025, 20:42","11 Mar 2025, 21:43","","Incline Chest Press (Machine)",1,"",0,"normal",80,15,,,
"push","11 Mar 2025, 20:42","11 Mar 2025, 21:43","","Incline Chest Press (Machine)",1,"",1,"normal",80,15,,,
"push","11 Mar 2025, 20:42","11 Mar 2025, 21:43","","Incline Chest Press (Machine)",1,"",2,"normal",80,12,,,
"push","11 Mar 2025, 20:42","11 Mar 2025, 21:43","","Front Raise (Cable)",1,"",0,"normal",20,20,,,
"push","11 Mar 2025, 20:42","11 Mar 2025, 21:43","","Decline Bench Press (Machine)",2,"",0,"normal",110,12,,,
"push","11 Mar 2025, 20:42","11 Mar 2025, 21:43","","Decline Bench Press (Machine)",2,"",1,"normal",110,12,,,
"push","11 Mar 2025, 20:42","11 Mar 2025, 21:43","","Decline Bench Press (Machine)",2,"",2,"normal",110,12,,,
"push","11 Mar 2025, 20:42","11 Mar 2025, 21:43","","Seated Shoulder Press (Machine)",2,"",0,"normal",50,15,,,
"push","11 Mar 2025, 20:42","11 Mar 2025, 21:43","","Seated Shoulder Press (Machine)",2,"",1,"normal",50,13,,,
"push","11 Mar 2025, 20:42","11 Mar 2025, 21:43","","Seated Shoulder Press (Machine)",2,"",2,"normal",50,15,,,
"push","11 Mar 2025, 20:42","11 Mar 2025, 21:43","","Front Raise (Cable)",,"",0,"normal",20,20,,,
"push","11 Mar 2025, 20:42","11 Mar 2025, 21:43","","Front Raise (Cable)",,"",1,"normal",20,20,,,
"pull","10 Mar 2025, 09:17","10 Mar 2025, 10:03","","Lat Pulldown (Cable)",0,"",0,"normal",90,15,,,
"pull","10 Mar 2025, 09:17","10 Mar 2025, 10:03","","Lat Pulldown (Cable)",0,"",1,"normal",110,12,,,
"pull","10 Mar 2025, 09:17","10 Mar 2025, 10:03","","Lat Pulldown (Cable)",0,"",2,"normal",110,12,,,
"pull","10 Mar 2025, 09:17","10 Mar 2025, 10:03","","Bicep Curl (Cable)",0,"",0,"normal",40,15,,,
"pull","10 Mar 2025, 09:17","10 Mar 2025, 10:03","","Bicep Curl (Cable)",0,"",1,"normal",45,15,,,
"pull","10 Mar 2025, 09:17","10 Mar 2025, 10:03","","Bicep Curl (Cable)",0,"",2,"normal",45,15,,,
"pull","10 Mar 2025, 09:17","10 Mar 2025, 10:03","","Upright Row (Cable)",1,"",0,"normal",70,15,,,
"pull","10 Mar 2025, 09:17","10 Mar 2025, 10:03","","Upright Row (Cable)",1,"",1,"normal",70,15,,,
"pull","10 Mar 2025, 09:17","10 Mar 2025, 10:03","","Upright Row (Cable)",1,"",2,"normal",80,15,,,
"pull","10 Mar 2025, 09:17","10 Mar 2025, 10:03","","Front Raise (Cable)",1,"",0,"normal",20,20,,,
"pull","10 Mar 2025, 09:17","10 Mar 2025, 10:03","","Front Raise (Cable)",1,"",1,"normal",20,20,,,
"pull","10 Mar 2025, 09:17","10 Mar 2025, 10:03","","Front Raise (Cable)",1,"",2,"normal",20,20,,,
"pull","10 Mar 2025, 09:17","10 Mar 2025, 10:03","","Seated Cable Row - Bar Grip",2,"",0,"normal",100,15,,,
"pull","10 Mar 2025, 09:17","10 Mar 2025, 10:03","","Seated Cable Row - Bar Grip",2,"",1,"normal",100,15,,,
"pull","10 Mar 2025, 09:17","10 Mar 2025, 10:03","","Seated Cable Row - Bar Grip",2,"",2,"normal",100,15,,,
"pull","10 Mar 2025, 09:17","10 Mar 2025, 10:03","","Shrug (Cable)",2,"",0,"normal",120,15,,,
"pull","10 Mar 2025, 09:17","10 Mar 2025, 10:03","","Shrug (Cable)",2,"",1,"normal",120,15,,,
"pull","10 Mar 2025, 09:17","10 Mar 2025, 10:03","","Shrug (Cable)",2,"",2,"normal",120,15,,,
"core","7 Mar 2025, 20:39","7 Mar 2025, 21:39","","Plank",0,"",0,"normal",,,,62,
"core","7 Mar 2025, 20:39","7 Mar 2025, 21:39","","Plank",0,"",1,"normal",,,,51,
"core","7 Mar 2025, 20:39","7 Mar 2025, 21:39","","Plank",0,"",2,"normal",,,,61,
"core","7 Mar 2025, 20:39","7 Mar 2025, 21:39","","Reverse Crunch",0,"",0,"normal",,30,,,
"core","7 Mar 2025, 20:39","7 Mar 2025, 21:39","","Reverse Crunch",0,"",1,"normal",,30,,,
"core","7 Mar 2025, 20:39","7 Mar 2025, 21:39","","Reverse Crunch",0,"",2,"normal",,30,,,
"core","7 Mar 2025, 20:39","7 Mar 2025, 21:39","","Side Plank",1,"",0,"normal",,,,50,
"core","7 Mar 2025, 20:39","7 Mar 2025, 21:39","","Side Plank",1,"",1,"normal",,,,50,
"core","7 Mar 2025, 20:39","7 Mar 2025, 21:39","","Side Plank",1,"",2,"normal",,,,50,
"core","7 Mar 2025, 20:39","7 Mar 2025, 21:39","","Crunch",1,"",0,"normal",,20,,,
"core","7 Mar 2025, 20:39","7 Mar 2025, 21:39","","Crunch",1,"",1,"normal",,20,,,
"core","7 Mar 2025, 20:39","7 Mar 2025, 21:39","","Crunch",1,"",2,"normal",,20,,,
"core","7 Mar 2025, 20:39","7 Mar 2025, 21:39","","Heel Taps",2,"",0,"normal",,30,,,
"core","7 Mar 2025, 20:39","7 Mar 2025, 21:39","","Heel Taps",2,"",1,"normal",,30,,,
"core","7 Mar 2025, 20:39","7 Mar 2025, 21:39","","Heel Taps",2,"",2,"normal",,30,,,
"core","7 Mar 2025, 20:39","7 Mar 2025, 21:39","","Oblique Crunch",2,"",0,"normal",,20,,,
"core","7 Mar 2025, 20:39","7 Mar 2025, 21:39","","Oblique Crunch",2,"",1,"normal",,20,,,
"core","7 Mar 2025, 20:39","7 Mar 2025, 21:39","","Oblique Crunch",2,"",2,"normal",,20,,,
"push bike","5 Mar 2025, 19:47","5 Mar 2025, 20:48","","Decline Bench Press (Machine)",0,"",0,"normal",100,15,,,
"push bike","5 Mar 2025, 19:47","5 Mar 2025, 20:48","","Decline Bench Press (Machine)",0,"",1,"normal",120,15,,,
"push bike","5 Mar 2025, 19:47","5 Mar 2025, 20:48","","Decline Bench Press (Machine)",0,"",2,"normal",130,12,,,
"push bike","5 Mar 2025, 19:47","5 Mar 2025, 20:48","","Triceps Pushdown",0,"",0,"normal",40,15,,,
"push bike","5 Mar 2025, 19:47","5 Mar 2025, 20:48","","Triceps Pushdown",0,"",1,"normal",50,12,,,
"push bike","5 Mar 2025, 19:47","5 Mar 2025, 20:48","","Triceps Pushdown",0,"",2,"normal",45,15,,,
"push bike","5 Mar 2025, 19:47","5 Mar 2025, 20:48","","Triceps Pushdown",0,"",3,"normal",40,15,,,
"push bike","5 Mar 2025, 19:47","5 Mar 2025, 20:48","","Chest Press (Machine)",1,"",0,"normal",100,15,,,
"push bike","5 Mar 2025, 19:47","5 Mar 2025, 20:48","","Chest Press (Machine)",1,"",1,"normal",110,12,,,
"push bike","5 Mar 2025, 19:47","5 Mar 2025, 20:48","","Chest Press (Machine)",1,"",2,"normal",110,12,,,
"push bike","5 Mar 2025, 19:47","5 Mar 2025, 20:48","","Chest Press (Machine)",1,"",3,"normal",110,12,,,
"push bike","5 Mar 2025, 19:47","5 Mar 2025, 20:48","","Seated Shoulder Press (Machine)",1,"",0,"normal",45,15,,,
"push bike","5 Mar 2025, 19:47","5 Mar 2025, 20:48","","Seated Shoulder Press (Machine)",1,"",1,"normal",45,15,,,
"push bike","5 Mar 2025, 19:47","5 Mar 2025, 20:48","","Seated Shoulder Press (Machine)",1,"",2,"normal",45,15,,,
"push bike","5 Mar 2025, 19:47","5 Mar 2025, 20:48","","Front Raise (Cable)",2,"",0,"normal",20,20,,,
"push bike","5 Mar 2025, 19:47","5 Mar 2025, 20:48","","Front Raise (Cable)",2,"",1,"normal",20,20,,,
"push bike","5 Mar 2025, 19:47","5 Mar 2025, 20:48","","Incline Chest Press (Machine)",2,"",0,"normal",60,15,,,
"push bike","5 Mar 2025, 19:47","5 Mar 2025, 20:48","","Incline Chest Press (Machine)",2,"",1,"normal",70,15,,,
"push bike","5 Mar 2025, 19:47","5 Mar 2025, 20:48","","Incline Chest Press (Machine)",2,"",2,"normal",80,15,,,
"push bike","5 Mar 2025, 19:47","5 Mar 2025, 20:48","","Spinning",,"",0,"normal",,,,1045,
"barm","4 Mar 2025, 18:18","4 Mar 2025, 19:07","","Lat Pulldown (Cable)",0,"",0,"warmup",90,15,,,
"barm","4 Mar 2025, 18:18","4 Mar 2025, 19:07","","Lat Pulldown (Cable)",0,"",1,"normal",110,12,,,
"barm","4 Mar 2025, 18:18","4 Mar 2025, 19:07","","Lat Pulldown (Cable)",0,"",2,"normal",110,12,,,
"barm","4 Mar 2025, 18:18","4 Mar 2025, 19:07","","Lat Pulldown (Cable)",0,"",3,"normal",100,15,,,
"barm","4 Mar 2025, 18:18","4 Mar 2025, 19:07","","Bicep Curl (Cable)",0,"",0,"normal",40,15,,,
"barm","4 Mar 2025, 18:18","4 Mar 2025, 19:07","","Bicep Curl (Cable)",0,"",1,"normal",45,15,,,
"barm","4 Mar 2025, 18:18","4 Mar 2025, 19:07","","Bicep Curl (Cable)",0,"",2,"normal",45,15,,,
"barm","4 Mar 2025, 18:18","4 Mar 2025, 19:07","","Bicep Curl (Cable)",0,"",3,"normal",45,15,,,
"barm","4 Mar 2025, 18:18","4 Mar 2025, 19:07","","Upright Row (Cable)",1,"",0,"normal",60,15,,,
"barm","4 Mar 2025, 18:18","4 Mar 2025, 19:07","","Upright Row (Cable)",1,"",1,"normal",70,15,,,
"barm","4 Mar 2025, 18:18","4 Mar 2025, 19:07","","Upright Row (Cable)",1,"",2,"normal",80,15,,,
"barm","4 Mar 2025, 18:18","4 Mar 2025, 19:07","","Front Raise (Cable)",1,"",0,"normal",20,20,,,
"barm","4 Mar 2025, 18:18","4 Mar 2025, 19:07","","Front Raise (Cable)",1,"",1,"normal",20,20,,,
"barm","4 Mar 2025, 18:18","4 Mar 2025, 19:07","","Front Raise (Cable)",1,"",2,"normal",20,20,,,
"barm","4 Mar 2025, 18:18","4 Mar 2025, 19:07","","Seated Cable Row - Bar Grip",2,"",0,"normal",100,15,,,
"barm","4 Mar 2025, 18:18","4 Mar 2025, 19:07","","Seated Cable Row - Bar Grip",2,"",1,"normal",100,15,,,
"barm","4 Mar 2025, 18:18","4 Mar 2025, 19:07","","Seated Cable Row - Bar Grip",2,"",2,"normal",100,15,,,
"barm","4 Mar 2025, 18:18","4 Mar 2025, 19:07","","Shrug (Cable)",2,"",0,"normal",120,15,,,
"barm","4 Mar 2025, 18:18","4 Mar 2025, 19:07","","Shrug (Cable)",2,"",1,"normal",120,15,,,
"barm","4 Mar 2025, 18:18","4 Mar 2025, 19:07","","Shrug (Cable)",2,"",2,"normal",120,15,,,
"barm","4 Mar 2025, 18:18","4 Mar 2025, 19:07","","Triceps Pushdown",3,"",0,"normal",40,15,,,
"barm","4 Mar 2025, 18:18","4 Mar 2025, 19:07","","Triceps Pushdown",3,"",1,"normal",45,15,,,
"barm","4 Mar 2025, 18:18","4 Mar 2025, 19:07","","Triceps Pushdown",3,"",2,"normal",50,15,,,
"barm","4 Mar 2025, 18:18","4 Mar 2025, 19:07","","Reverse Curl (Cable)",3,"",0,"normal",45,15,,,
"barm","4 Mar 2025, 18:18","4 Mar 2025, 19:07","","Reverse Curl (Cable)",3,"",1,"normal",35,15,,,
"barm","4 Mar 2025, 18:18","4 Mar 2025, 19:07","","Reverse Curl (Cable)",3,"",2,"normal",35,15,,,
"i love push","27 Feb 2025, 17:13","27 Feb 2025, 18:28","","Bench Press (Barbell)",,"",0,"warmup",45,12,,,
"i love push","27 Feb 2025, 17:13","27 Feb 2025, 18:28","","Bench Press (Barbell)",,"",1,"normal",135,12,,,
"i love push","27 Feb 2025, 17:13","27 Feb 2025, 18:28","","Bench Press (Barbell)",,"",2,"normal",155,10,,,
"i love push","27 Feb 2025, 17:13","27 Feb 2025, 18:28","","Bench Press (Barbell)",,"",3,"normal",165,4,,,
"i love push","27 Feb 2025, 17:13","27 Feb 2025, 18:28","","Incline Bench Press (Dumbbell)",,"",0,"normal",90,15,,,
"i love push","27 Feb 2025, 17:13","27 Feb 2025, 18:28","","Incline Bench Press (Dumbbell)",,"",1,"normal",100,12,,,
"i love push","27 Feb 2025, 17:13","27 Feb 2025, 18:28","","Incline Bench Press (Dumbbell)",,"",2,"normal",100,10,,,
"i love push","27 Feb 2025, 17:13","27 Feb 2025, 18:28","","Triceps Rope Pushdown",,"",0,"normal",44,15,,,
"i love push","27 Feb 2025, 17:13","27 Feb 2025, 18:28","","Triceps Rope Pushdown",,"",1,"normal",55,12,,,
"i love push","27 Feb 2025, 17:13","27 Feb 2025, 18:28","","Triceps Rope Pushdown",,"",2,"normal",55,12,,,
"i love push","27 Feb 2025, 17:13","27 Feb 2025, 18:28","","Lateral Raise (Cable)",,"",0,"normal",15,7,,,
"i love push","27 Feb 2025, 17:13","27 Feb 2025, 18:28","","Single Arm Lateral Raise (Cable)",,"",0,"normal",15,12,,,
"i love push","27 Feb 2025, 17:13","27 Feb 2025, 18:28","","Single Arm Lateral Raise (Cable)",,"",1,"normal",15,12,,,
"i love push","27 Feb 2025, 17:13","27 Feb 2025, 18:28","","Chest Fly (Machine)",,"",0,"normal",100,15,,,
"i love push","27 Feb 2025, 17:13","27 Feb 2025, 18:28","","Chest Fly (Machine)",,"",1,"normal",120,12,,,
"i love push","27 Feb 2025, 17:13","27 Feb 2025, 18:28","","Chest Fly (Machine)",,"",2,"normal",120,10,,,
"i love push","27 Feb 2025, 17:13","27 Feb 2025, 18:28","","Skullcrusher (Barbell)",,"",0,"normal",30,12,,,
"i love push","27 Feb 2025, 17:13","27 Feb 2025, 18:28","","Skullcrusher (Dumbbell)",0,"",0,"normal",40,12,,,
"i love push","27 Feb 2025, 17:13","27 Feb 2025, 18:28","","Skullcrusher (Dumbbell)",0,"",1,"normal",40,10,,,
"i love push","27 Feb 2025, 17:13","27 Feb 2025, 18:28","","Skullcrusher (Dumbbell)",0,"",2,"normal",40,6,,,
"i love push","27 Feb 2025, 17:13","27 Feb 2025, 18:28","","Bicep Curl (Dumbbell)",0,"",0,"normal",40,15,,,
"i love push","27 Feb 2025, 17:13","27 Feb 2025, 18:28","","Bicep Curl (Dumbbell)",0,"",1,"normal",40,15,,,
"i love push","27 Feb 2025, 17:13","27 Feb 2025, 18:28","","Bicep Curl (Dumbbell)",0,"",2,"normal",40,15,,,
"i love push","27 Feb 2025, 17:13","27 Feb 2025, 18:28","","Triceps Extension (Machine)",,"",0,"normal",30,20,,,
"i love push","27 Feb 2025, 17:13","27 Feb 2025, 18:28","","Triceps Extension (Machine)",,"",1,"normal",60,20,,,
"i love push","27 Feb 2025, 17:13","27 Feb 2025, 18:28","","Triceps Extension (Machine)",,"",2,"normal",60,20,,,
"i love push","27 Feb 2025, 17:13","27 Feb 2025, 18:28","","Crunch (Machine)",,"",0,"normal",70,15,,,
"i love push","27 Feb 2025, 17:13","27 Feb 2025, 18:28","","Crunch (Machine)",,"",1,"normal",70,15,,,
"i love push","27 Feb 2025, 17:13","27 Feb 2025, 18:28","","Crunch (Machine)",,"",2,"normal",70,15,,,
"i love push","27 Feb 2025, 17:13","27 Feb 2025, 18:28","","Overhead Press (Barbell)",,"",0,"normal",70,12,,,
"push","25 Feb 2025, 17:53","25 Feb 2025, 18:42","","Chest Press (Machine)",0,"",0,"warmup",100,15,,,
"push","25 Feb 2025, 17:53","25 Feb 2025, 18:42","","Chest Press (Machine)",0,"",1,"normal",130,12,,,
"push","25 Feb 2025, 17:53","25 Feb 2025, 18:42","","Chest Press (Machine)",0,"",2,"normal",130,12,,,
"push","25 Feb 2025, 17:53","25 Feb 2025, 18:42","","Chest Press (Machine)",0,"",3,"normal",130,12,,,
"push","25 Feb 2025, 17:53","25 Feb 2025, 18:42","","Front Raise (Cable)",0,"",0,"normal",20,20,,,
"push","25 Feb 2025, 17:53","25 Feb 2025, 18:42","","Front Raise (Cable)",0,"",1,"normal",20,20,,,
"push","25 Feb 2025, 17:53","25 Feb 2025, 18:42","","Front Raise (Cable)",0,"",2,"normal",20,20,,,
"push","25 Feb 2025, 17:53","25 Feb 2025, 18:42","","Front Raise (Cable)",0,"",3,"normal",20,20,,,
"push","25 Feb 2025, 17:53","25 Feb 2025, 18:42","","Incline Chest Press (Machine)",1,"",0,"normal",70,15,,,
"push","25 Feb 2025, 17:53","25 Feb 2025, 18:42","","Incline Chest Press (Machine)",1,"",1,"normal",80,12,,,
"push","25 Feb 2025, 17:53","25 Feb 2025, 18:42","","Incline Chest Press (Machine)",1,"",2,"normal",80,15,,,
"push","25 Feb 2025, 17:53","25 Feb 2025, 18:42","","Triceps Pushdown",1,"",0,"normal",45,15,,,
"push","25 Feb 2025, 17:53","25 Feb 2025, 18:42","","Triceps Pushdown",1,"",1,"normal",45,15,,,
"push","25 Feb 2025, 17:53","25 Feb 2025, 18:42","","Triceps Pushdown",1,"",2,"normal",45,15,,,
"push","25 Feb 2025, 17:53","25 Feb 2025, 18:42","","Decline Bench Press (Machine)",2,"",0,"normal",110,12,,,
"push","25 Feb 2025, 17:53","25 Feb 2025, 18:42","","Decline Bench Press (Machine)",2,"",1,"normal",110,12,,,
"push","25 Feb 2025, 17:53","25 Feb 2025, 18:42","","Decline Bench Press (Machine)",2,"",2,"normal",100,10,,,
"push","25 Feb 2025, 17:53","25 Feb 2025, 18:42","","Seated Shoulder Press (Machine)",2,"",0,"normal",50,12,,,
"push","25 Feb 2025, 17:53","25 Feb 2025, 18:42","","Seated Shoulder Press (Machine)",2,"",1,"normal",50,15,,,
"push","25 Feb 2025, 17:53","25 Feb 2025, 18:42","","Seated Shoulder Press (Machine)",2,"",2,"normal",50,15,,,
"corearm","23 Feb 2025, 23:22","24 Feb 2025, 00:41","","Plank",0,"",0,"normal",,,,61,
"corearm","23 Feb 2025, 23:22","24 Feb 2025, 00:41","","Plank",0,"",1,"normal",,,,48,
"corearm","23 Feb 2025, 23:22","24 Feb 2025, 00:41","","Plank",0,"",2,"normal",,,,36,
"corearm","23 Feb 2025, 23:22","24 Feb 2025, 00:41","","Side Plank",0,"",0,"normal",,,,39,
"corearm","23 Feb 2025, 23:22","24 Feb 2025, 00:41","","Side Plank",0,"",1,"normal",,,,44,
"corearm","23 Feb 2025, 23:22","24 Feb 2025, 00:41","","Side Plank",0,"",2,"normal",,,,39,
"corearm","23 Feb 2025, 23:22","24 Feb 2025, 00:41","","Side Plank",0,"",3,"normal",,,,43,
"corearm","23 Feb 2025, 23:22","24 Feb 2025, 00:41","","Reverse Crunch",1,"",0,"normal",,25,,,
"corearm","23 Feb 2025, 23:22","24 Feb 2025, 00:41","","Reverse Crunch",1,"",1,"normal",,25,,,
"corearm","23 Feb 2025, 23:22","24 Feb 2025, 00:41","","Reverse Crunch",1,"",2,"normal",,25,,,
"corearm","23 Feb 2025, 23:22","24 Feb 2025, 00:41","","Heel Taps",1,"",0,"normal",,25,,,
"corearm","23 Feb 2025, 23:22","24 Feb 2025, 00:41","","Heel Taps",1,"",1,"normal",,25,,,
"corearm","23 Feb 2025, 23:22","24 Feb 2025, 00:41","","Heel Taps",1,"",2,"normal",,25,,,
"corearm","23 Feb 2025, 23:22","24 Feb 2025, 00:41","","Crunch",2,"",0,"normal",,15,,,
"corearm","23 Feb 2025, 23:22","24 Feb 2025, 00:41","","Crunch",2,"",1,"normal",,20,,,
"corearm","23 Feb 2025, 23:22","24 Feb 2025, 00:41","","Crunch",2,"",2,"normal",,20,,,
"corearm","23 Feb 2025, 23:22","24 Feb 2025, 00:41","","Russian Twist (Weighted)",2,"",0,"normal",27,20,,,
"corearm","23 Feb 2025, 23:22","24 Feb 2025, 00:41","","Russian Twist (Weighted)",2,"",1,"normal",27,20,,,
"corearm","23 Feb 2025, 23:22","24 Feb 2025, 00:41","","Russian Twist (Weighted)",2,"",2,"normal",27,20,,,
"corearm","23 Feb 2025, 23:22","24 Feb 2025, 00:41","","Bicep Curl (Dumbbell)",3,"",0,"normal",27,15,,,
"corearm","23 Feb 2025, 23:22","24 Feb 2025, 00:41","","Bicep Curl (Dumbbell)",3,"",1,"normal",27,12,,,
"corearm","23 Feb 2025, 23:22","24 Feb 2025, 00:41","","Bicep Curl (Dumbbell)",3,"",2,"normal",27,12,,,
"corearm","23 Feb 2025, 23:22","24 Feb 2025, 00:41","","Hammer Curl (Dumbbell)",3,"",0,"normal",27,12,,,
"corearm","23 Feb 2025, 23:22","24 Feb 2025, 00:41","","Hammer Curl (Dumbbell)",3,"",1,"normal",27,12,,,
"corearm","23 Feb 2025, 23:22","24 Feb 2025, 00:41","","Hammer Curl (Dumbbell)",3,"",2,"normal",27,12,,,
"corearm","23 Feb 2025, 23:22","24 Feb 2025, 00:41","","Skullcrusher (Barbell)",,"",0,"normal",30,15,,,
"corearm","23 Feb 2025, 23:22","24 Feb 2025, 00:41","","Skullcrusher (Barbell)",,"",1,"normal",40,12,,,
"corearm","23 Feb 2025, 23:22","24 Feb 2025, 00:41","","Skullcrusher (Barbell)",,"",2,"normal",40,15,,,
"corearm","23 Feb 2025, 23:22","24 Feb 2025, 00:41","","Front Raise (Barbell)",,"",0,"normal",30,15,,,
"corearm","23 Feb 2025, 23:22","24 Feb 2025, 00:41","","Front Raise (Barbell)",,"",1,"normal",40,10,,,
"corearm","23 Feb 2025, 23:22","24 Feb 2025, 00:41","","Front Raise (Barbell)",,"",2,"normal",40,12,,,
"pull","22 Feb 2025, 17:55","22 Feb 2025, 18:43","","Lat Pulldown (Cable)",0,"",0,"warmup",90,15,,,
"pull","22 Feb 2025, 17:55","22 Feb 2025, 18:43","","Lat Pulldown (Cable)",0,"",1,"normal",110,12,,,
"pull","22 Feb 2025, 17:55","22 Feb 2025, 18:43","","Lat Pulldown (Cable)",0,"",2,"normal",110,12,,,
"pull","22 Feb 2025, 17:55","22 Feb 2025, 18:43","","Lat Pulldown (Cable)",0,"",3,"normal",120,12,,,
"pull","22 Feb 2025, 17:55","22 Feb 2025, 18:43","","Bicep Curl (Cable)",0,"",0,"normal",45,15,,,
"pull","22 Feb 2025, 17:55","22 Feb 2025, 18:43","","Bicep Curl (Cable)",0,"",1,"normal",45,15,,,
"pull","22 Feb 2025, 17:55","22 Feb 2025, 18:43","","Bicep Curl (Cable)",0,"",2,"normal",50,15,,,
"pull","22 Feb 2025, 17:55","22 Feb 2025, 18:43","","Bicep Curl (Cable)",0,"",3,"normal",50,12,,,
"pull","22 Feb 2025, 17:55","22 Feb 2025, 18:43","","Upright Row (Cable)",1,"",0,"normal",90,15,,,
"pull","22 Feb 2025, 17:55","22 Feb 2025, 18:43","","Upright Row (Cable)",1,"",1,"normal",90,15,,,
"pull","22 Feb 2025, 17:55","22 Feb 2025, 18:43","","Upright Row (Cable)",1,"",2,"normal",90,15,,,
"pull","22 Feb 2025, 17:55","22 Feb 2025, 18:43","","Front Raise (Cable)",1,"",0,"normal",20,20,,,
"pull","22 Feb 2025, 17:55","22 Feb 2025, 18:43","","Front Raise (Cable)",1,"",1,"normal",20,20,,,
"pull","22 Feb 2025, 17:55","22 Feb 2025, 18:43","","Front Raise (Cable)",1,"",2,"normal",20,20,,,
"pull","22 Feb 2025, 17:55","22 Feb 2025, 18:43","","Seated Cable Row - Bar Grip",2,"",0,"normal",100,15,,,
"pull","22 Feb 2025, 17:55","22 Feb 2025, 18:43","","Seated Cable Row - Bar Grip",2,"",1,"normal",110,15,,,
"pull","22 Feb 2025, 17:55","22 Feb 2025, 18:43","","Seated Cable Row - Bar Grip",2,"",2,"normal",120,12,,,
"pull","22 Feb 2025, 17:55","22 Feb 2025, 18:43","","Shrug (Cable)",2,"",0,"normal",120,15,,,
"pull","22 Feb 2025, 17:55","22 Feb 2025, 18:43","","Shrug (Cable)",2,"",1,"normal",120,15,,,
"pull","22 Feb 2025, 17:55","22 Feb 2025, 18:43","","Shrug (Cable)",2,"",2,"normal",120,15,,,
"core and arms","20 Feb 2025, 23:39","21 Feb 2025, 00:33","","Reverse Crunch",,"",0,"normal",,40,,,
"core and arms","20 Feb 2025, 23:39","21 Feb 2025, 00:33","","Crunch",,"",0,"normal",,25,,,
"core and arms","20 Feb 2025, 23:39","21 Feb 2025, 00:33","","Russian Twist (Weighted)",,"",0,"normal",5.5,25,,,
"core and arms","20 Feb 2025, 23:39","21 Feb 2025, 00:33","","Dead Bug",,"",0,"normal",,10,,,
"core and arms","20 Feb 2025, 23:39","21 Feb 2025, 00:33","","Flutter Kicks",,"",0,"normal",,20,,,
"core and arms","20 Feb 2025, 23:39","21 Feb 2025, 00:33","","Plank",,"",0,"normal",,,,63,
"core and arms","20 Feb 2025, 23:39","21 Feb 2025, 00:33","","Mountain Climber",,"",0,"normal",,30,,,
"core and arms","20 Feb 2025, 23:39","21 Feb 2025, 00:33","","Lying Leg Raise",,"",0,"normal",,15,,,
"core and arms","20 Feb 2025, 23:39","21 Feb 2025, 00:33","","Side Bend (Dumbbell)",,"",0,"normal",32,25,,,
"core and arms","20 Feb 2025, 23:39","21 Feb 2025, 00:33","","Side Bend (Dumbbell)",,"",1,"normal",32,25,,,
"core and arms","20 Feb 2025, 23:39","21 Feb 2025, 00:33","","Triceps Extension (Dumbbell)",,"",0,"normal",32,15,,,
"core and arms","20 Feb 2025, 23:39","21 Feb 2025, 00:33","","Triceps Extension (Dumbbell)",,"",1,"normal",32,15,,,
"core and arms","20 Feb 2025, 23:39","21 Feb 2025, 00:33","","Bicep Curl (Dumbbell)",,"",0,"normal",20,15,,,
"core and arms","20 Feb 2025, 23:39","21 Feb 2025, 00:33","","Bicep Curl (Dumbbell)",,"",1,"normal",20,15,,,
"core and arms","20 Feb 2025, 23:39","21 Feb 2025, 00:33","","Hammer Curl (Dumbbell)",,"",0,"normal",20,15,,,
"core and arms","20 Feb 2025, 23:39","21 Feb 2025, 00:33","","Hammer Curl (Dumbbell)",,"",1,"normal",20,15,,,
"core and arms","20 Feb 2025, 23:39","21 Feb 2025, 00:33","","Reverse Curl (Dumbbell)",,"",0,"normal",20,15,,,
"core and arms","20 Feb 2025, 23:39","21 Feb 2025, 00:33","","Reverse Curl (Dumbbell)",,"",1,"normal",20,15,,,
"core and arms","20 Feb 2025, 23:39","21 Feb 2025, 00:33","","Skullcrusher (Dumbbell)",,"",0,"normal",20,15,,,
"core and arms","20 Feb 2025, 23:39","21 Feb 2025, 00:33","","Skullcrusher (Dumbbell)",,"",1,"normal",20,15,,,
"charmer","19 Feb 2025, 17:52","19 Feb 2025, 18:52","","Chest Press (Machine)",,"",0,"warmup",120,15,,,
"charmer","19 Feb 2025, 17:52","19 Feb 2025, 18:52","","Chest Press (Machine)",,"",1,"normal",140,12,,,
"charmer","19 Feb 2025, 17:52","19 Feb 2025, 18:52","","Chest Press (Machine)",,"",2,"normal",140,12,,,
"charmer","19 Feb 2025, 17:52","19 Feb 2025, 18:52","","Chest Press (Machine)",,"",3,"normal",140,10,,,
"charmer","19 Feb 2025, 17:52","19 Feb 2025, 18:52","","Bicep Curl (Cable)",,"",0,"warmup",40,15,,,
"charmer","19 Feb 2025, 17:52","19 Feb 2025, 18:52","","Bicep Curl (Cable)",,"",1,"normal",50,15,,,
"charmer","19 Feb 2025, 17:52","19 Feb 2025, 18:52","","Bicep Curl (Cable)",,"",2,"normal",50,15,,,
"charmer","19 Feb 2025, 17:52","19 Feb 2025, 18:52","","Bicep Curl (Cable)",,"",3,"normal",50,15,,,
"charmer","19 Feb 2025, 17:52","19 Feb 2025, 18:52","","Incline Chest Press (Machine)",,"",0,"warmup",50,15,,,
"charmer","19 Feb 2025, 17:52","19 Feb 2025, 18:52","","Incline Chest Press (Machine)",,"",1,"normal",60,15,,,
"charmer","19 Feb 2025, 17:52","19 Feb 2025, 18:52","","Incline Chest Press (Machine)",,"",2,"normal",60,15,,,
"charmer","19 Feb 2025, 17:52","19 Feb 2025, 18:52","","Incline Chest Press (Machine)",,"",3,"normal",70,15,,,
"charmer","19 Feb 2025, 17:52","19 Feb 2025, 18:52","","Triceps Pushdown",,"",0,"normal",60,10,,,
"charmer","19 Feb 2025, 17:52","19 Feb 2025, 18:52","","Triceps Pushdown",,"",1,"normal",40,15,,,
"charmer","19 Feb 2025, 17:52","19 Feb 2025, 18:52","","Triceps Pushdown",,"",2,"normal",45,15,,,
"charmer","19 Feb 2025, 17:52","19 Feb 2025, 18:52","","Triceps Pushdown",,"",3,"normal",50,15,,,
"charmer","19 Feb 2025, 17:52","19 Feb 2025, 18:52","","Decline Bench Press (Machine)",,"",0,"normal",100,15,,,
"charmer","19 Feb 2025, 17:52","19 Feb 2025, 18:52","","Decline Bench Press (Machine)",,"",1,"normal",100,15,,,
"charmer","19 Feb 2025, 17:52","19 Feb 2025, 18:52","","Decline Bench Press (Machine)",,"",2,"normal",100,15,,,
"charmer","19 Feb 2025, 17:52","19 Feb 2025, 18:52","","Front Raise (Cable)",,"",0,"normal",20,20,,,
"charmer","19 Feb 2025, 17:52","19 Feb 2025, 18:52","","Front Raise (Cable)",,"",1,"normal",20,20,,,
"charmer","19 Feb 2025, 17:52","19 Feb 2025, 18:52","","Front Raise (Cable)",,"",2,"normal",20,20,,,
"charmer","19 Feb 2025, 17:52","19 Feb 2025, 18:52","","Reverse Curl (Cable)",,"",0,"normal",45,15,,,
"charmer","19 Feb 2025, 17:52","19 Feb 2025, 18:52","","Reverse Curl (Cable)",,"",1,"normal",45,15,,,
"charmer","19 Feb 2025, 17:52","19 Feb 2025, 18:52","","Reverse Curl (Cable)",,"",2,"normal",45,15,,,
"charmer","19 Feb 2025, 17:52","19 Feb 2025, 18:52","","Seated Shoulder Press (Machine)",,"",0,"normal",50,15,,,
"charmer","19 Feb 2025, 17:52","19 Feb 2025, 18:52","","Seated Shoulder Press (Machine)",,"",1,"normal",50,15,,,
"charmer","19 Feb 2025, 17:52","19 Feb 2025, 18:52","","Seated Shoulder Press (Machine)",,"",2,"normal",60,12,,,
"quick barm","13 Feb 2025, 15:01","13 Feb 2025, 15:39","","Lat Pulldown (Cable)",,"",0,"normal",120,12,,,
"quick barm","13 Feb 2025, 15:01","13 Feb 2025, 15:39","","Lat Pulldown (Cable)",,"",1,"normal",120,12,,,
"quick barm","13 Feb 2025, 15:01","13 Feb 2025, 15:39","","Lat Pulldown (Cable)",,"",2,"normal",120,10,,,
"quick barm","13 Feb 2025, 15:01","13 Feb 2025, 15:39","","Lat Pulldown (Cable)",,"",3,"dropset",80,12,,,
"quick barm","13 Feb 2025, 15:01","13 Feb 2025, 15:39","","Bicep Curl (Cable)",,"",0,"normal",50,15,,,
"quick barm","13 Feb 2025, 15:01","13 Feb 2025, 15:39","","Bicep Curl (Cable)",,"",1,"normal",50,15,,,
"quick barm","13 Feb 2025, 15:01","13 Feb 2025, 15:39","","Bicep Curl (Cable)",,"",2,"normal",50,15,,,
"quick barm","13 Feb 2025, 15:01","13 Feb 2025, 15:39","","Upright Row (Cable)",,"",0,"normal",90,15,,,
"quick barm","13 Feb 2025, 15:01","13 Feb 2025, 15:39","","Upright Row (Cable)",,"",1,"normal",90,15,,,
"quick barm","13 Feb 2025, 15:01","13 Feb 2025, 15:39","","Upright Row (Cable)",,"",2,"normal",90,15,,,
"quick barm","13 Feb 2025, 15:01","13 Feb 2025, 15:39","","Triceps Pushdown",,"",0,"normal",50,15,,,
"quick barm","13 Feb 2025, 15:01","13 Feb 2025, 15:39","","Triceps Pushdown",,"",1,"normal",50,15,,,
"quick barm","13 Feb 2025, 15:01","13 Feb 2025, 15:39","","Triceps Pushdown",,"",2,"normal",50,15,,,
"quick barm","13 Feb 2025, 15:01","13 Feb 2025, 15:39","","Seated Cable Row - Bar Grip",,"",0,"normal",100,15,,,
"quick barm","13 Feb 2025, 15:01","13 Feb 2025, 15:39","","Seated Cable Row - Bar Grip",,"",1,"normal",100,15,,,
"quick barm","13 Feb 2025, 15:01","13 Feb 2025, 15:39","","Seated Cable Row - Bar Grip",,"",2,"normal",100,15,,,
"quick barm","13 Feb 2025, 15:01","13 Feb 2025, 15:39","","Front Raise (Cable)",,"",0,"normal",20,20,,,
"quick barm","13 Feb 2025, 15:01","13 Feb 2025, 15:39","","Front Raise (Cable)",,"",1,"normal",20,20,,,
"quick barm","13 Feb 2025, 15:01","13 Feb 2025, 15:39","","Front Raise (Cable)",,"",2,"normal",20,20,,,
"charm","11 Feb 2025, 18:19","11 Feb 2025, 19:22","","Chest Press (Machine)",,"",0,"warmup",100,15,,,
"charm","11 Feb 2025, 18:19","11 Feb 2025, 19:22","","Chest Press (Machine)",,"",1,"normal",130,15,,,
"charm","11 Feb 2025, 18:19","11 Feb 2025, 19:22","","Chest Press (Machine)",,"",2,"normal",140,12,,,
"charm","11 Feb 2025, 18:19","11 Feb 2025, 19:22","","Chest Press (Machine)",,"",3,"normal",150,9,,,
"charm","11 Feb 2025, 18:19","11 Feb 2025, 19:22","","Bicep Curl (Cable)",,"",0,"normal",45,15,,,
"charm","11 Feb 2025, 18:19","11 Feb 2025, 19:22","","Bicep Curl (Cable)",,"",1,"normal",50,15,,,
"charm","11 Feb 2025, 18:19","11 Feb 2025, 19:22","","Bicep Curl (Cable)",,"",2,"normal",50,15,,,
"charm","11 Feb 2025, 18:19","11 Feb 2025, 19:22","","Bicep Curl (Cable)",,"",3,"normal",50,15,,,
"charm","11 Feb 2025, 18:19","11 Feb 2025, 19:22","","Incline Chest Press (Machine)",,"",0,"normal",60,15,,,
"charm","11 Feb 2025, 18:19","11 Feb 2025, 19:22","","Incline Chest Press (Machine)",,"",1,"normal",70,15,,,
"charm","11 Feb 2025, 18:19","11 Feb 2025, 19:22","","Incline Chest Press (Machine)",,"",2,"normal",70,15,,,
"charm","11 Feb 2025, 18:19","11 Feb 2025, 19:22","","Incline Chest Press (Machine)",,"",3,"normal",70,15,,,
"charm","11 Feb 2025, 18:19","11 Feb 2025, 19:22","","Triceps Pushdown",,"",0,"normal",50,15,,,
"charm","11 Feb 2025, 18:19","11 Feb 2025, 19:22","","Triceps Pushdown",,"",1,"normal",50,15,,,
"charm","11 Feb 2025, 18:19","11 Feb 2025, 19:22","","Triceps Pushdown",,"",2,"normal",40,15,,,
"charm","11 Feb 2025, 18:19","11 Feb 2025, 19:22","","Triceps Pushdown",,"",3,"normal",45,15,,,
"charm","11 Feb 2025, 18:19","11 Feb 2025, 19:22","","Decline Bench Press (Machine)",,"",0,"normal",90,15,,,
"charm","11 Feb 2025, 18:19","11 Feb 2025, 19:22","","Decline Bench Press (Machine)",,"",1,"normal",100,12,,,
"charm","11 Feb 2025, 18:19","11 Feb 2025, 19:22","","Decline Bench Press (Machine)",,"",2,"normal",100,15,,,
"charm","11 Feb 2025, 18:19","11 Feb 2025, 19:22","","Front Raise (Cable)",,"",0,"normal",25,20,,,
"charm","11 Feb 2025, 18:19","11 Feb 2025, 19:22","","Front Raise (Cable)",,"",1,"normal",25,20,,,
"charm","11 Feb 2025, 18:19","11 Feb 2025, 19:22","","Front Raise (Cable)",,"",2,"normal",25,20,,,
"charm","11 Feb 2025, 18:19","11 Feb 2025, 19:22","","Reverse Curl (Cable)",,"",0,"normal",45,15,,,
"charm","11 Feb 2025, 18:19","11 Feb 2025, 19:22","","Reverse Curl (Cable)",,"",1,"normal",45,15,,,
"charm","11 Feb 2025, 18:19","11 Feb 2025, 19:22","","Reverse Curl (Cable)",,"",2,"normal",45,15,,,
"charm","11 Feb 2025, 18:19","11 Feb 2025, 19:22","","Seated Shoulder Press (Machine)",,"",0,"normal",60,15,,,
"charm","11 Feb 2025, 18:19","11 Feb 2025, 19:22","","Seated Shoulder Press (Machine)",,"",1,"normal",60,15,,,
"charm","11 Feb 2025, 18:19","11 Feb 2025, 19:22","","Seated Shoulder Press (Machine)",,"",2,"normal",60,15,,,
"barm","9 Feb 2025, 18:51","9 Feb 2025, 20:15","need to burn 3k calories","Lat Pulldown (Cable)",,"",0,"warmup",90,15,,,
"barm","9 Feb 2025, 18:51","9 Feb 2025, 20:15","need to burn 3k calories","Lat Pulldown (Cable)",,"",1,"normal",120,12,,,
"barm","9 Feb 2025, 18:51","9 Feb 2025, 20:15","need to burn 3k calories","Lat Pulldown (Cable)",,"",2,"normal",120,12,,,
"barm","9 Feb 2025, 18:51","9 Feb 2025, 20:15","need to burn 3k calories","Lat Pulldown (Cable)",,"",3,"normal",120,12,,,
"barm","9 Feb 2025, 18:51","9 Feb 2025, 20:15","need to burn 3k calories","Bicep Curl (Cable)",,"",0,"warmup",40,15,,,
"barm","9 Feb 2025, 18:51","9 Feb 2025, 20:15","need to burn 3k calories","Bicep Curl (Cable)",,"",1,"normal",50,15,,,
"barm","9 Feb 2025, 18:51","9 Feb 2025, 20:15","need to burn 3k calories","Bicep Curl (Cable)",,"",2,"normal",50,13,,,
"barm","9 Feb 2025, 18:51","9 Feb 2025, 20:15","need to burn 3k calories","Bicep Curl (Cable)",,"",3,"normal",50,15,,,
"barm","9 Feb 2025, 18:51","9 Feb 2025, 20:15","need to burn 3k calories","Seated Cable Row - Bar Grip",,"",0,"warmup",90,15,,,
"barm","9 Feb 2025, 18:51","9 Feb 2025, 20:15","need to burn 3k calories","Seated Cable Row - Bar Grip",,"",1,"normal",110,15,,,
"barm","9 Feb 2025, 18:51","9 Feb 2025, 20:15","need to burn 3k calories","Seated Cable Row - Bar Grip",,"",2,"normal",110,15,,,
"barm","9 Feb 2025, 18:51","9 Feb 2025, 20:15","need to burn 3k calories","Seated Cable Row - Bar Grip",,"",3,"normal",120,15,,,
"barm","9 Feb 2025, 18:51","9 Feb 2025, 20:15","need to burn 3k calories","Triceps Pushdown",,"",0,"warmup",35,15,,,
"barm","9 Feb 2025, 18:51","9 Feb 2025, 20:15","need to burn 3k calories","Triceps Pushdown",,"",1,"normal",50,15,,,
"barm","9 Feb 2025, 18:51","9 Feb 2025, 20:15","need to burn 3k calories","Triceps Pushdown",,"",2,"normal",50,15,,,
"barm","9 Feb 2025, 18:51","9 Feb 2025, 20:15","need to burn 3k calories","Triceps Pushdown",,"",3,"normal",50,15,,,
"barm","9 Feb 2025, 18:51","9 Feb 2025, 20:15","need to burn 3k calories","Upright Row (Cable)",,"",0,"warmup",80,15,,,
"barm","9 Feb 2025, 18:51","9 Feb 2025, 20:15","need to burn 3k calories","Upright Row (Cable)",,"",1,"normal",100,12,,,
"barm","9 Feb 2025, 18:51","9 Feb 2025, 20:15","need to burn 3k calories","Upright Row (Cable)",,"",2,"normal",90,15,,,
"barm","9 Feb 2025, 18:51","9 Feb 2025, 20:15","need to burn 3k calories","Upright Row (Cable)",,"",3,"normal",90,15,,,
"barm","9 Feb 2025, 18:51","9 Feb 2025, 20:15","need to burn 3k calories","Front Raise (Cable)",,"",0,"normal",25,20,,,
"barm","9 Feb 2025, 18:51","9 Feb 2025, 20:15","need to burn 3k calories","Front Raise (Cable)",,"",1,"normal",25,20,,,
"barm","9 Feb 2025, 18:51","9 Feb 2025, 20:15","need to burn 3k calories","Front Raise (Cable)",,"",2,"normal",25,20,,,
"barm","9 Feb 2025, 18:51","9 Feb 2025, 20:15","need to burn 3k calories","Front Raise (Cable)",,"",3,"normal",25,20,,,
"barm","9 Feb 2025, 18:51","9 Feb 2025, 20:15","need to burn 3k calories","Shrug (Cable)",,"",0,"normal",120,15,,,
"barm","9 Feb 2025, 18:51","9 Feb 2025, 20:15","need to burn 3k calories","Shrug (Cable)",,"",1,"normal",120,15,,,
"barm","9 Feb 2025, 18:51","9 Feb 2025, 20:15","need to burn 3k calories","Shrug (Cable)",,"",2,"normal",120,15,,,
"barm","9 Feb 2025, 18:51","9 Feb 2025, 20:15","need to burn 3k calories","Shrug (Cable)",,"",3,"normal",120,15,,,
"barm","9 Feb 2025, 18:51","9 Feb 2025, 20:15","need to burn 3k calories","Reverse Curl (Cable)",,"",0,"normal",45,12,,,
"barm","9 Feb 2025, 18:51","9 Feb 2025, 20:15","need to burn 3k calories","Reverse Curl (Cable)",,"",1,"normal",40,15,,,
"barm","9 Feb 2025, 18:51","9 Feb 2025, 20:15","need to burn 3k calories","Reverse Curl (Cable)",,"",2,"normal",40,15,,,
"barm","9 Feb 2025, 18:51","9 Feb 2025, 20:15","need to burn 3k calories","Reverse Curl (Cable)",,"",3,"normal",40,15,,,
"charm","4 Feb 2025, 18:37","4 Feb 2025, 19:34","","Chest Press (Machine)",,"",0,"normal",120,15,,,
"charm","4 Feb 2025, 18:37","4 Feb 2025, 19:34","","Chest Press (Machine)",,"",1,"normal",130,12,,,
"charm","4 Feb 2025, 18:37","4 Feb 2025, 19:34","","Chest Press (Machine)",,"",2,"normal",130,10,,,
"charm","4 Feb 2025, 18:37","4 Feb 2025, 19:34","","Chest Press (Machine)",,"",3,"dropset",100,15,,,
"charm","4 Feb 2025, 18:37","4 Feb 2025, 19:34","","Triceps Pushdown",,"",0,"normal",50,15,,,
"charm","4 Feb 2025, 18:37","4 Feb 2025, 19:34","","Triceps Pushdown",,"",1,"normal",50,15,,,
"charm","4 Feb 2025, 18:37","4 Feb 2025, 19:34","","Triceps Pushdown",,"",2,"normal",50,15,,,
"charm","4 Feb 2025, 18:37","4 Feb 2025, 19:34","","Incline Chest Press (Machine)",,"",0,"normal",80,15,,,
"charm","4 Feb 2025, 18:37","4 Feb 2025, 19:34","","Incline Chest Press (Machine)",,"",1,"normal",80,12,,,
"charm","4 Feb 2025, 18:37","4 Feb 2025, 19:34","","Incline Chest Press (Machine)",,"",2,"normal",80,15,,,
"charm","4 Feb 2025, 18:37","4 Feb 2025, 19:34","","Bicep Curl (Cable)",,"",0,"normal",50,15,,,
"charm","4 Feb 2025, 18:37","4 Feb 2025, 19:34","","Bicep Curl (Cable)",,"",1,"normal",50,15,,,
"charm","4 Feb 2025, 18:37","4 Feb 2025, 19:34","","Bicep Curl (Cable)",,"",2,"normal",50,15,,,
"charm","4 Feb 2025, 18:37","4 Feb 2025, 19:34","","Decline Bench Press (Machine)",,"",0,"normal",100,15,,,
"charm","4 Feb 2025, 18:37","4 Feb 2025, 19:34","","Decline Bench Press (Machine)",,"",1,"normal",110,12,,,
"charm","4 Feb 2025, 18:37","4 Feb 2025, 19:34","","Decline Bench Press (Machine)",,"",2,"normal",110,15,,,
"charm","4 Feb 2025, 18:37","4 Feb 2025, 19:34","","Front Raise (Cable)",,"",0,"normal",25,20,,,
"charm","4 Feb 2025, 18:37","4 Feb 2025, 19:34","","Front Raise (Cable)",,"",1,"normal",25,20,,,
"charm","4 Feb 2025, 18:37","4 Feb 2025, 19:34","","Front Raise (Cable)",,"",2,"normal",25,20,,,
"charm","4 Feb 2025, 18:37","4 Feb 2025, 19:34","","Seated Shoulder Press (Machine)",,"",0,"normal",70,12,,,
"charm","4 Feb 2025, 18:37","4 Feb 2025, 19:34","","Seated Shoulder Press (Machine)",,"",1,"normal",60,13,,,
"charm","4 Feb 2025, 18:37","4 Feb 2025, 19:34","","Seated Shoulder Press (Machine)",,"",2,"normal",60,12,,,
"charm","4 Feb 2025, 18:37","4 Feb 2025, 19:34","","Reverse Curl (Cable)",,"",0,"normal",45,15,,,
"charm","4 Feb 2025, 18:37","4 Feb 2025, 19:34","","Reverse Curl (Cable)",,"",1,"normal",45,15,,,
"charm","4 Feb 2025, 18:37","4 Feb 2025, 19:34","","Reverse Curl (Cable)",,"",2,"normal",45,15,,,
"barm","3 Feb 2025, 17:59","3 Feb 2025, 19:04","","Lat Pulldown (Cable)",,"",0,"warmup",100,15,,,
"barm","3 Feb 2025, 17:59","3 Feb 2025, 19:04","","Lat Pulldown (Cable)",,"",1,"normal",110,12,,,
"barm","3 Feb 2025, 17:59","3 Feb 2025, 19:04","","Lat Pulldown (Cable)",,"",2,"normal",120,12,,,
"barm","3 Feb 2025, 17:59","3 Feb 2025, 19:04","","Lat Pulldown (Cable)",,"",3,"normal",120,12,,,
"barm","3 Feb 2025, 17:59","3 Feb 2025, 19:04","","Triceps Pushdown",,"",0,"normal",50,15,,,
"barm","3 Feb 2025, 17:59","3 Feb 2025, 19:04","","Triceps Pushdown",,"",1,"normal",50,15,,,
"barm","3 Feb 2025, 17:59","3 Feb 2025, 19:04","","Triceps Pushdown",,"",2,"normal",60,12,,,
"barm","3 Feb 2025, 17:59","3 Feb 2025, 19:04","","Upright Row (Cable)",,"",0,"normal",100,12,,,
"barm","3 Feb 2025, 17:59","3 Feb 2025, 19:04","","Upright Row (Cable)",,"",1,"normal",100,12,,,
"barm","3 Feb 2025, 17:59","3 Feb 2025, 19:04","","Upright Row (Cable)",,"",2,"normal",100,12,,,
"barm","3 Feb 2025, 17:59","3 Feb 2025, 19:04","","Bicep Curl (Cable)",,"",0,"normal",50,12,,,
"barm","3 Feb 2025, 17:59","3 Feb 2025, 19:04","","Bicep Curl (Cable)",,"",1,"normal",50,15,,,
"barm","3 Feb 2025, 17:59","3 Feb 2025, 19:04","","Bicep Curl (Cable)",,"",2,"normal",50,12,,,
"barm","3 Feb 2025, 17:59","3 Feb 2025, 19:04","","Seated Cable Row - Bar Grip",,"",0,"normal",120,12,,,
"barm","3 Feb 2025, 17:59","3 Feb 2025, 19:04","","Seated Cable Row - Bar Grip",,"",1,"normal",120,12,,,
"barm","3 Feb 2025, 17:59","3 Feb 2025, 19:04","","Seated Cable Row - Bar Grip",,"",2,"normal",120,12,,,
"barm","3 Feb 2025, 17:59","3 Feb 2025, 19:04","","Front Raise (Cable)",,"",0,"normal",25,20,,,
"barm","3 Feb 2025, 17:59","3 Feb 2025, 19:04","","Front Raise (Cable)",,"",1,"normal",25,20,,,
"barm","3 Feb 2025, 17:59","3 Feb 2025, 19:04","","Front Raise (Cable)",,"",2,"normal",25,20,,,
"barm","3 Feb 2025, 17:59","3 Feb 2025, 19:04","","Shrug (Cable)",,"",0,"normal",120,15,,,
"barm","3 Feb 2025, 17:59","3 Feb 2025, 19:04","","Shrug (Cable)",,"",1,"normal",120,15,,,
"barm","3 Feb 2025, 17:59","3 Feb 2025, 19:04","","Shrug (Cable)",,"",2,"normal",120,15,,,
"barm","3 Feb 2025, 17:59","3 Feb 2025, 19:04","","Reverse Curl (Cable)",,"",0,"normal",40,15,,,
"barm","3 Feb 2025, 17:59","3 Feb 2025, 19:04","","Reverse Curl (Cable)",,"",1,"normal",40,15,,,
"barm","3 Feb 2025, 17:59","3 Feb 2025, 19:04","","Reverse Curl (Cable)",,"",2,"normal",40,15,,,
"charm","31 Jan 2025, 17:47","31 Jan 2025, 18:47","","Chest Press (Machine)",,"",0,"normal",140,12,,,
"charm","31 Jan 2025, 17:47","31 Jan 2025, 18:47","","Chest Press (Machine)",,"",1,"normal",140,12,,,
"charm","31 Jan 2025, 17:47","31 Jan 2025, 18:47","","Chest Press (Machine)",,"",2,"normal",140,10,,,
"charm","31 Jan 2025, 17:47","31 Jan 2025, 18:47","","Bicep Curl (Cable)",,"",0,"normal",45,15,,,
"charm","31 Jan 2025, 17:47","31 Jan 2025, 18:47","","Bicep Curl (Cable)",,"",1,"normal",45,15,,,
"charm","31 Jan 2025, 17:47","31 Jan 2025, 18:47","","Bicep Curl (Cable)",,"",2,"normal",45,15,,,
"charm","31 Jan 2025, 17:47","31 Jan 2025, 18:47","","Incline Chest Press (Machine)",,"",0,"normal",90,15,,,
"charm","31 Jan 2025, 17:47","31 Jan 2025, 18:47","","Incline Chest Press (Machine)",,"",1,"normal",80,12,,,
"charm","31 Jan 2025, 17:47","31 Jan 2025, 18:47","","Incline Chest Press (Machine)",,"",2,"normal",80,12,,,
"charm","31 Jan 2025, 17:47","31 Jan 2025, 18:47","","Triceps Pushdown",,"",0,"normal",50,15,,,
"charm","31 Jan 2025, 17:47","31 Jan 2025, 18:47","","Triceps Pushdown",,"",1,"normal",50,15,,,
"charm","31 Jan 2025, 17:47","31 Jan 2025, 18:47","","Triceps Pushdown",,"",2,"normal",50,15,,,
"charm","31 Jan 2025, 17:47","31 Jan 2025, 18:47","","Decline Bench Press (Machine)",,"",0,"normal",100,15,,,
"charm","31 Jan 2025, 17:47","31 Jan 2025, 18:47","","Decline Bench Press (Machine)",,"",1,"normal",110,12,,,
"charm","31 Jan 2025, 17:47","31 Jan 2025, 18:47","","Decline Bench Press (Machine)",,"",2,"normal",110,12,,,
"charm","31 Jan 2025, 17:47","31 Jan 2025, 18:47","","Front Raise (Cable)",,"",0,"normal",25,20,,,
"charm","31 Jan 2025, 17:47","31 Jan 2025, 18:47","","Front Raise (Cable)",,"",1,"normal",25,15,,,
"charm","31 Jan 2025, 17:47","31 Jan 2025, 18:47","","Front Raise (Cable)",,"",2,"normal",25,20,,,
"charm","31 Jan 2025, 17:47","31 Jan 2025, 18:47","","Reverse Curl (Cable)",,"",0,"normal",35,15,,,
"charm","31 Jan 2025, 17:47","31 Jan 2025, 18:47","","Reverse Curl (Cable)",,"",1,"normal",40,15,,,
"charm","31 Jan 2025, 17:47","31 Jan 2025, 18:47","","Reverse Curl (Cable)",,"",2,"normal",40,15,,,
"charm","31 Jan 2025, 17:47","31 Jan 2025, 18:47","","Seated Shoulder Press (Machine)",,"",0,"normal",70,15,,,
"charm","31 Jan 2025, 17:47","31 Jan 2025, 18:47","","Seated Shoulder Press (Machine)",,"",1,"normal",70,12,,,
"charm","31 Jan 2025, 17:47","31 Jan 2025, 18:47","","Seated Shoulder Press (Machine)",,"",2,"normal",60,20,,,
"back arm day","30 Jan 2025, 18:03","30 Jan 2025, 18:55","","Lat Pulldown (Cable)",,"",0,"normal",120,12,,,
"back arm day","30 Jan 2025, 18:03","30 Jan 2025, 18:55","","Lat Pulldown (Cable)",,"",1,"normal",120,12,,,
"back arm day","30 Jan 2025, 18:03","30 Jan 2025, 18:55","","Lat Pulldown (Cable)",,"",2,"normal",120,12,,,
"back arm day","30 Jan 2025, 18:03","30 Jan 2025, 18:55","","Bicep Curl (Cable)",,"",0,"normal",50,12,,,
"back arm day","30 Jan 2025, 18:03","30 Jan 2025, 18:55","","Bicep Curl (Cable)",,"",1,"normal",50,12,,,
"back arm day","30 Jan 2025, 18:03","30 Jan 2025, 18:55","","Bicep Curl (Cable)",,"",2,"normal",50,12,,,
"back arm day","30 Jan 2025, 18:03","30 Jan 2025, 18:55","","Upright Row (Cable)",,"",0,"normal",90,15,,,
"back arm day","30 Jan 2025, 18:03","30 Jan 2025, 18:55","","Upright Row (Cable)",,"",1,"normal",90,15,,,
"back arm day","30 Jan 2025, 18:03","30 Jan 2025, 18:55","","Upright Row (Cable)",,"",2,"normal",100,12,,,
"back arm day","30 Jan 2025, 18:03","30 Jan 2025, 18:55","","Triceps Pushdown",,"",0,"normal",50,15,,,
"back arm day","30 Jan 2025, 18:03","30 Jan 2025, 18:55","","Triceps Pushdown",,"",1,"normal",50,15,,,
"back arm day","30 Jan 2025, 18:03","30 Jan 2025, 18:55","","Triceps Pushdown",,"",2,"normal",50,15,,,
"back arm day","30 Jan 2025, 18:03","30 Jan 2025, 18:55","","Seated Cable Row - Bar Grip",,"",0,"normal",120,12,,,
"back arm day","30 Jan 2025, 18:03","30 Jan 2025, 18:55","","Seated Cable Row - Bar Grip",,"",1,"normal",110,15,,,
"back arm day","30 Jan 2025, 18:03","30 Jan 2025, 18:55","","Seated Cable Row - Bar Grip",,"",2,"normal",120,12,,,
"back arm day","30 Jan 2025, 18:03","30 Jan 2025, 18:55","","Front Raise (Cable)",,"",0,"normal",25,20,,,
"back arm day","30 Jan 2025, 18:03","30 Jan 2025, 18:55","","Front Raise (Cable)",,"",1,"normal",25,20,,,
"back arm day","30 Jan 2025, 18:03","30 Jan 2025, 18:55","","Front Raise (Cable)",,"",2,"normal",25,20,,,
"back arm day","30 Jan 2025, 18:03","30 Jan 2025, 18:55","","Shrug (Cable)",,"",0,"normal",120,15,,,
"back arm day","30 Jan 2025, 18:03","30 Jan 2025, 18:55","","Shrug (Cable)",,"",1,"normal",120,15,,,
"back arm day","30 Jan 2025, 18:03","30 Jan 2025, 18:55","","Shrug (Cable)",,"",2,"normal",120,15,,,
"back arm day","30 Jan 2025, 18:03","30 Jan 2025, 18:55","","Reverse Curl (Cable)",,"",0,"normal",40,15,,,
"back arm day","30 Jan 2025, 18:03","30 Jan 2025, 18:55","","Reverse Curl (Cable)",,"",1,"normal",40,15,,,
"back arm day","30 Jan 2025, 18:03","30 Jan 2025, 18:55","","Reverse Curl (Cable)",,"",2,"normal",40,15,,,
"push day at mcmaster","24 Jan 2025, 18:09","24 Jan 2025, 20:07","","Bench Press (Barbell)",,"",0,"warmup",45,4,,,
"push day at mcmaster","24 Jan 2025, 18:09","24 Jan 2025, 20:07","","Bench Press (Barbell)",,"",1,"normal",115,4,,,
"push day at mcmaster","24 Jan 2025, 18:09","24 Jan 2025, 20:07","","Bench Press (Barbell)",,"",2,"normal",135,10,,,
"push day at mcmaster","24 Jan 2025, 18:09","24 Jan 2025, 20:07","","Bench Press (Barbell)",,"",3,"normal",155,9,,,
"push day at mcmaster","24 Jan 2025, 18:09","24 Jan 2025, 20:07","","Bench Press (Barbell)",,"",4,"normal",175,4,,,
"push day at mcmaster","24 Jan 2025, 18:09","24 Jan 2025, 20:07","","Bench Press (Barbell)",,"",5,"normal",185,2,,,
"push day at mcmaster","24 Jan 2025, 18:09","24 Jan 2025, 20:07","","Lateral Raise (Machine)",,"",0,"normal",88,6,,,
"push day at mcmaster","24 Jan 2025, 18:09","24 Jan 2025, 20:07","","Lateral Raise (Machine)",,"",1,"normal",99,4,,,
"push day at mcmaster","24 Jan 2025, 18:09","24 Jan 2025, 20:07","","Lateral Raise (Machine)",,"",2,"normal",88,10,,,
"push day at mcmaster","24 Jan 2025, 18:09","24 Jan 2025, 20:07","","Lateral Raise (Machine)",,"",3,"normal",77,8,,,
"push day at mcmaster","24 Jan 2025, 18:09","24 Jan 2025, 20:07","","Decline Bench Press (Machine)",,"",0,"normal",70,12,,,
"push day at mcmaster","24 Jan 2025, 18:09","24 Jan 2025, 20:07","","Decline Bench Press (Machine)",,"",1,"normal",110,15,,,
"push day at mcmaster","24 Jan 2025, 18:09","24 Jan 2025, 20:07","","Decline Bench Press (Machine)",,"",2,"normal",130,10,,,
"push day at mcmaster","24 Jan 2025, 18:09","24 Jan 2025, 20:07","","Decline Bench Press (Machine)",,"",3,"normal",140,10,,,
"push day at mcmaster","24 Jan 2025, 18:09","24 Jan 2025, 20:07","","Cable Fly Crossovers",,"",0,"normal",32.5,8,,,
"push day at mcmaster","24 Jan 2025, 18:09","24 Jan 2025, 20:07","","Cable Fly Crossovers",,"",1,"normal",32.5,9,,,
"push day at mcmaster","24 Jan 2025, 18:09","24 Jan 2025, 20:07","","Cable Fly Crossovers",,"",2,"normal",32.5,8,,,
"push day at mcmaster","24 Jan 2025, 18:09","24 Jan 2025, 20:07","","Incline Bench Press (Dumbbell)",,"",0,"normal",45,12,,,
"push day at mcmaster","24 Jan 2025, 18:09","24 Jan 2025, 20:07","","Incline Bench Press (Dumbbell)",,"",1,"normal",50,5,,,
"push day at mcmaster","24 Jan 2025, 18:09","24 Jan 2025, 20:07","","Incline Bench Press (Dumbbell)",,"",2,"normal",50,8,,,
"push day at mcmaster","24 Jan 2025, 18:09","24 Jan 2025, 20:07","","Incline Bench Press (Dumbbell)",,"",3,"normal",50,12,,,
"push day at mcmaster","24 Jan 2025, 18:09","24 Jan 2025, 20:07","","Incline Bench Press (Dumbbell)",,"",4,"normal",52.5,8,,,
"push day at mcmaster","24 Jan 2025, 18:09","24 Jan 2025, 20:07","","Bicep Curl (Dumbbell)",,"",0,"normal",20,15,,,
"push day at mcmaster","24 Jan 2025, 18:09","24 Jan 2025, 20:07","","Bicep Curl (Dumbbell)",,"",1,"normal",17.5,12,,,
"push day at mcmaster","24 Jan 2025, 18:09","24 Jan 2025, 20:07","","Hammer Curl (Dumbbell)",,"",0,"normal",20,15,,,
"push day at mcmaster","24 Jan 2025, 18:09","24 Jan 2025, 20:07","","Shoulder Press (Dumbbell)",,"",0,"normal",30,15,,,
"push day at mcmaster","24 Jan 2025, 18:09","24 Jan 2025, 20:07","","Shoulder Press (Dumbbell)",,"",1,"normal",35,12,,,
"push day at mcmaster","24 Jan 2025, 18:09","24 Jan 2025, 20:07","","Seated Dip Machine",,"",0,"normal",130,12,,,
"push day at mcmaster","24 Jan 2025, 18:09","24 Jan 2025, 20:07","","Seated Dip Machine",,"",1,"normal",160,8,,,
"push day at mcmaster","24 Jan 2025, 18:09","24 Jan 2025, 20:07","","Triceps Rope Pushdown",,"",0,"normal",65,12,,,
"push day at mcmaster","24 Jan 2025, 18:09","24 Jan 2025, 20:07","","Triceps Rope Pushdown",,"",1,"normal",70,8,,,
"push day at mcmaster","24 Jan 2025, 18:09","24 Jan 2025, 20:07","","Triceps Rope Pushdown",,"",2,"normal",70,10,,,
"push day at mcmaster","24 Jan 2025, 18:09","24 Jan 2025, 20:07","","Lat Pulldown (Cable)",,"",0,"normal",110,12,,,
"push day at mcmaster","24 Jan 2025, 18:09","24 Jan 2025, 20:07","","Low Cable Fly Crossovers",,"",0,"normal",15,12,,,
"push day at mcmaster","24 Jan 2025, 18:09","24 Jan 2025, 20:07","","Low Cable Fly Crossovers",,"",1,"normal",20.3,12,,,
"push day at mcmaster","24 Jan 2025, 18:09","24 Jan 2025, 20:07","","Low Cable Fly Crossovers",,"",2,"normal",20.3,12,,,
"back and arm","21 Jan 2025, 17:18","21 Jan 2025, 18:15","","Seated Cable Row - Bar Grip",,"",0,"normal",120,15,,,
"back and arm","21 Jan 2025, 17:18","21 Jan 2025, 18:15","","Seated Cable Row - Bar Grip",,"",1,"normal",130,10,,,
"back and arm","21 Jan 2025, 17:18","21 Jan 2025, 18:15","","Seated Cable Row - Bar Grip",,"",2,"normal",130,10,,,
"back and arm","21 Jan 2025, 17:18","21 Jan 2025, 18:15","","Bicep Curl (Cable)",,"",0,"normal",50,15,,,
"back and arm","21 Jan 2025, 17:18","21 Jan 2025, 18:15","","Bicep Curl (Cable)",,"",1,"normal",50,12,,,
"back and arm","21 Jan 2025, 17:18","21 Jan 2025, 18:15","","Bicep Curl (Cable)",,"",2,"normal",50,15,,,
"back and arm","21 Jan 2025, 17:18","21 Jan 2025, 18:15","","Upright Row (Cable)",,"",0,"normal",90,15,,,
"back and arm","21 Jan 2025, 17:18","21 Jan 2025, 18:15","","Upright Row (Cable)",,"",1,"normal",90,15,,,
"back and arm","21 Jan 2025, 17:18","21 Jan 2025, 18:15","","Upright Row (Cable)",,"",2,"normal",90,15,,,
"back and arm","21 Jan 2025, 17:18","21 Jan 2025, 18:15","","Front Raise (Cable)",,"",0,"normal",25,20,,,
"back and arm","21 Jan 2025, 17:18","21 Jan 2025, 18:15","","Front Raise (Cable)",,"",1,"normal",25,15,,,
"back and arm","21 Jan 2025, 17:18","21 Jan 2025, 18:15","","Front Raise (Cable)",,"",2,"normal",25,15,,,
"back and arm","21 Jan 2025, 17:18","21 Jan 2025, 18:15","","Lat Pulldown (Cable)",,"",0,"normal",120,12,,,
"back and arm","21 Jan 2025, 17:18","21 Jan 2025, 18:15","","Lat Pulldown (Cable)",,"",1,"normal",120,12,,,
"back and arm","21 Jan 2025, 17:18","21 Jan 2025, 18:15","","Lat Pulldown (Cable)",,"",2,"normal",110,15,,,
"back and arm","21 Jan 2025, 17:18","21 Jan 2025, 18:15","","Triceps Pushdown",,"",0,"normal",50,15,,,
"back and arm","21 Jan 2025, 17:18","21 Jan 2025, 18:15","","Triceps Pushdown",,"",1,"normal",50,15,,,
"back and arm","21 Jan 2025, 17:18","21 Jan 2025, 18:15","","Triceps Pushdown",,"",2,"normal",50,15,,,
"back and arm","21 Jan 2025, 17:18","21 Jan 2025, 18:15","","Shrug (Cable)",,"",0,"normal",120,15,,,
"back and arm","21 Jan 2025, 17:18","21 Jan 2025, 18:15","","Shrug (Cable)",,"",1,"normal",120,15,,,
"back and arm","21 Jan 2025, 17:18","21 Jan 2025, 18:15","","Shrug (Cable)",,"",2,"normal",120,15,,,
"back and arm","21 Jan 2025, 17:18","21 Jan 2025, 18:15","","Reverse Curl (Cable)",,"",0,"normal",40,15,,,
"back and arm","21 Jan 2025, 17:18","21 Jan 2025, 18:15","","Reverse Curl (Cable)",,"",1,"normal",40,15,,,
"back and arm","21 Jan 2025, 17:18","21 Jan 2025, 18:15","","Reverse Curl (Cable)",,"",2,"normal",40,15,,,
"short chest arm","20 Jan 2025, 20:16","20 Jan 2025, 21:09","","Chest Press (Machine)",,"",0,"normal",140,12,,,
"short chest arm","20 Jan 2025, 20:16","20 Jan 2025, 21:09","","Chest Press (Machine)",,"",1,"normal",140,12,,,
"short chest arm","20 Jan 2025, 20:16","20 Jan 2025, 21:09","","Chest Press (Machine)",,"",2,"normal",140,12,,,
"short chest arm","20 Jan 2025, 20:16","20 Jan 2025, 21:09","","Bicep Curl (Cable)",,"",0,"normal",50,12,,,
"short chest arm","20 Jan 2025, 20:16","20 Jan 2025, 21:09","","Bicep Curl (Cable)",,"",1,"normal",50,15,,,
"short chest arm","20 Jan 2025, 20:16","20 Jan 2025, 21:09","","Bicep Curl (Cable)",,"",2,"normal",50,15,,,
"short chest arm","20 Jan 2025, 20:16","20 Jan 2025, 21:09","","Incline Chest Press (Machine)",,"",0,"normal",90,15,,,
"short chest arm","20 Jan 2025, 20:16","20 Jan 2025, 21:09","","Incline Chest Press (Machine)",,"",1,"normal",90,15,,,
"short chest arm","20 Jan 2025, 20:16","20 Jan 2025, 21:09","","Incline Chest Press (Machine)",,"",2,"normal",90,12,,,
"short chest arm","20 Jan 2025, 20:16","20 Jan 2025, 21:09","","Triceps Pushdown",,"",0,"normal",50,15,,,
"short chest arm","20 Jan 2025, 20:16","20 Jan 2025, 21:09","","Triceps Pushdown",,"",1,"normal",50,15,,,
"short chest arm","20 Jan 2025, 20:16","20 Jan 2025, 21:09","","Triceps Pushdown",,"",2,"normal",50,15,,,
"short chest arm","20 Jan 2025, 20:16","20 Jan 2025, 21:09","","Decline Bench Press (Machine)",,"",0,"normal",110,12,,,
"short chest arm","20 Jan 2025, 20:16","20 Jan 2025, 21:09","","Decline Bench Press (Machine)",,"",1,"normal",110,15,,,
"short chest arm","20 Jan 2025, 20:16","20 Jan 2025, 21:09","","Decline Bench Press (Machine)",,"",2,"normal",110,13,,,
"short chest arm","20 Jan 2025, 20:16","20 Jan 2025, 21:09","","Front Raise (Cable)",,"",0,"normal",25,15,,,
"short chest arm","20 Jan 2025, 20:16","20 Jan 2025, 21:09","","Front Raise (Cable)",,"",1,"normal",25,15,,,
"short chest arm","20 Jan 2025, 20:16","20 Jan 2025, 21:09","","Front Raise (Cable)",,"",2,"normal",25,15,,,
"back arms","19 Jan 2025, 12:04","19 Jan 2025, 13:01","","Lat Pulldown (Cable)",,"",0,"normal",120,15,,,
"back arms","19 Jan 2025, 12:04","19 Jan 2025, 13:01","","Lat Pulldown (Cable)",,"",1,"normal",120,12,,,
"back arms","19 Jan 2025, 12:04","19 Jan 2025, 13:01","","Lat Pulldown (Cable)",,"",2,"normal",120,12,,,
"back arms","19 Jan 2025, 12:04","19 Jan 2025, 13:01","","Bicep Curl (Cable)",,"",0,"normal",45,15,,,
"back arms","19 Jan 2025, 12:04","19 Jan 2025, 13:01","","Bicep Curl (Cable)",,"",1,"normal",45,15,,,
"back arms","19 Jan 2025, 12:04","19 Jan 2025, 13:01","","Bicep Curl (Cable)",,"",2,"normal",45,15,,,
"back arms","19 Jan 2025, 12:04","19 Jan 2025, 13:01","","Seated Cable Row - Bar Grip",,"",0,"normal",110,15,,,
"back arms","19 Jan 2025, 12:04","19 Jan 2025, 13:01","","Seated Cable Row - Bar Grip",,"",1,"normal",110,15,,,
"back arms","19 Jan 2025, 12:04","19 Jan 2025, 13:01","","Seated Cable Row - Bar Grip",,"",2,"normal",120,12,,,
"back arms","19 Jan 2025, 12:04","19 Jan 2025, 13:01","","Front Raise (Cable)",,"",0,"normal",25,15,,,
"back arms","19 Jan 2025, 12:04","19 Jan 2025, 13:01","","Front Raise (Cable)",,"",1,"normal",25,15,,,
"back arms","19 Jan 2025, 12:04","19 Jan 2025, 13:01","","Front Raise (Cable)",,"",2,"normal",25,15,,,
"back arms","19 Jan 2025, 12:04","19 Jan 2025, 13:01","","Upright Row (Cable)",,"",0,"normal",100,12,,,
"back arms","19 Jan 2025, 12:04","19 Jan 2025, 13:01","","Upright Row (Cable)",,"",1,"normal",90,15,,,
"back arms","19 Jan 2025, 12:04","19 Jan 2025, 13:01","","Upright Row (Cable)",,"",2,"normal",90,15,,,
"back arms","19 Jan 2025, 12:04","19 Jan 2025, 13:01","","Triceps Pushdown",,"",0,"normal",50,15,,,
"back arms","19 Jan 2025, 12:04","19 Jan 2025, 13:01","","Triceps Pushdown",,"",1,"normal",50,15,,,
"back arms","19 Jan 2025, 12:04","19 Jan 2025, 13:01","","Triceps Pushdown",,"",2,"normal",50,15,,,
"back arms","19 Jan 2025, 12:04","19 Jan 2025, 13:01","","Shrug (Cable)",,"",0,"normal",110,20,,,
"back arms","19 Jan 2025, 12:04","19 Jan 2025, 13:01","","Shrug (Cable)",,"",1,"normal",110,20,,,
"back arms","19 Jan 2025, 12:04","19 Jan 2025, 13:01","","Shrug (Cable)",,"",2,"normal",110,20,,,
"back arms","19 Jan 2025, 12:04","19 Jan 2025, 13:01","","Reverse Curl (Cable)",,"",0,"normal",35,15,,,
"back arms","19 Jan 2025, 12:04","19 Jan 2025, 13:01","","Reverse Curl (Cable)",,"",1,"normal",40,12,,,
"back arms","19 Jan 2025, 12:04","19 Jan 2025, 13:01","","Reverse Curl (Cable)",,"",2,"normal",40,15,,,
"chest arms","17 Jan 2025, 17:52","17 Jan 2025, 18:56","","Chest Press (Machine)",,"",0,"normal",130,15,,,
"chest arms","17 Jan 2025, 17:52","17 Jan 2025, 18:56","","Chest Press (Machine)",,"",1,"normal",130,15,,,
"chest arms","17 Jan 2025, 17:52","17 Jan 2025, 18:56","","Chest Press (Machine)",,"",2,"normal",130,12,,,
"chest arms","17 Jan 2025, 17:52","17 Jan 2025, 18:56","","Bicep Curl (Cable)",,"",0,"normal",45,15,,,
"chest arms","17 Jan 2025, 17:52","17 Jan 2025, 18:56","","Bicep Curl (Cable)",,"",1,"normal",45,15,,,
"chest arms","17 Jan 2025, 17:52","17 Jan 2025, 18:56","","Bicep Curl (Cable)",,"",2,"normal",50,12,,,
"chest arms","17 Jan 2025, 17:52","17 Jan 2025, 18:56","","Incline Chest Press (Machine)",,"",0,"normal",90,12,,,
"chest arms","17 Jan 2025, 17:52","17 Jan 2025, 18:56","","Incline Chest Press (Machine)",,"",1,"normal",90,15,,,
"chest arms","17 Jan 2025, 17:52","17 Jan 2025, 18:56","","Incline Chest Press (Machine)",,"",2,"normal",90,15,,,
"chest arms","17 Jan 2025, 17:52","17 Jan 2025, 18:56","","Triceps Pushdown",,"",0,"normal",50,15,,,
"chest arms","17 Jan 2025, 17:52","17 Jan 2025, 18:56","","Triceps Pushdown",,"",1,"normal",50,15,,,
"chest arms","17 Jan 2025, 17:52","17 Jan 2025, 18:56","","Triceps Pushdown",,"",2,"normal",50,15,,,
"chest arms","17 Jan 2025, 17:52","17 Jan 2025, 18:56","","Decline Bench Press (Machine)",,"",0,"normal",100,15,,,
"chest arms","17 Jan 2025, 17:52","17 Jan 2025, 18:56","","Decline Bench Press (Machine)",,"",1,"normal",100,15,,,
"chest arms","17 Jan 2025, 17:52","17 Jan 2025, 18:56","","Decline Bench Press (Machine)",,"",2,"normal",100,15,,,
"chest arms","17 Jan 2025, 17:52","17 Jan 2025, 18:56","","Front Raise (Cable)",,"",0,"normal",25,15,,,
"chest arms","17 Jan 2025, 17:52","17 Jan 2025, 18:56","","Front Raise (Cable)",,"",1,"normal",25,15,,,
"chest arms","17 Jan 2025, 17:52","17 Jan 2025, 18:56","","Front Raise (Cable)",,"",2,"normal",25,15,,,
"chest arms","17 Jan 2025, 17:52","17 Jan 2025, 18:56","","Seated Shoulder Press (Machine)",,"",0,"normal",70,12,,,
"chest arms","17 Jan 2025, 17:52","17 Jan 2025, 18:56","","Seated Shoulder Press (Machine)",,"",1,"normal",70,12,,,
"chest arms","17 Jan 2025, 17:52","17 Jan 2025, 18:56","","Seated Shoulder Press (Machine)",,"",2,"normal",60,15,,,
"chest arms","17 Jan 2025, 17:52","17 Jan 2025, 18:56","","Reverse Curl (Cable)",,"",0,"normal",35,15,,,
"chest arms","17 Jan 2025, 17:52","17 Jan 2025, 18:56","","Reverse Curl (Cable)",,"",1,"normal",35,15,,,
"chest arms","17 Jan 2025, 17:52","17 Jan 2025, 18:56","","Reverse Curl (Cable)",,"",2,"normal",35,15,,,
"back and arms","16 Jan 2025, 08:07","16 Jan 2025, 09:02","","Lat Pulldown (Cable)",,"",0,"normal",120,15,,,
"back and arms","16 Jan 2025, 08:07","16 Jan 2025, 09:02","","Lat Pulldown (Cable)",,"",1,"normal",120,12,,,
"back and arms","16 Jan 2025, 08:07","16 Jan 2025, 09:02","","Lat Pulldown (Cable)",,"",2,"normal",120,12,,,
"back and arms","16 Jan 2025, 08:07","16 Jan 2025, 09:02","","Bicep Curl (Cable)",,"",0,"normal",45,15,,,
"back and arms","16 Jan 2025, 08:07","16 Jan 2025, 09:02","","Bicep Curl (Cable)",,"",1,"normal",45,15,,,
"back and arms","16 Jan 2025, 08:07","16 Jan 2025, 09:02","","Bicep Curl (Cable)",,"",2,"normal",45,15,,,
"back and arms","16 Jan 2025, 08:07","16 Jan 2025, 09:02","","Seated Cable Row - Bar Grip",,"",0,"normal",120,12,,,
"back and arms","16 Jan 2025, 08:07","16 Jan 2025, 09:02","","Seated Cable Row - Bar Grip",,"",1,"normal",110,12,,,
"back and arms","16 Jan 2025, 08:07","16 Jan 2025, 09:02","","Seated Cable Row - Bar Grip",,"",2,"normal",110,12,,,
"back and arms","16 Jan 2025, 08:07","16 Jan 2025, 09:02","","Triceps Pushdown",,"",0,"normal",50,15,,,
"back and arms","16 Jan 2025, 08:07","16 Jan 2025, 09:02","","Triceps Pushdown",,"",1,"normal",50,15,,,
"back and arms","16 Jan 2025, 08:07","16 Jan 2025, 09:02","","Triceps Pushdown",,"",2,"normal",50,15,,,
"back and arms","16 Jan 2025, 08:07","16 Jan 2025, 09:02","","Upright Row (Cable)",,"",0,"normal",90,15,,,
"back and arms","16 Jan 2025, 08:07","16 Jan 2025, 09:02","","Upright Row (Cable)",,"",1,"normal",90,15,,,
"back and arms","16 Jan 2025, 08:07","16 Jan 2025, 09:02","","Upright Row (Cable)",,"",2,"normal",90,15,,,
"back and arms","16 Jan 2025, 08:07","16 Jan 2025, 09:02","","Front Raise (Cable)",,"",0,"normal",25,15,,,
"back and arms","16 Jan 2025, 08:07","16 Jan 2025, 09:02","","Front Raise (Cable)",,"",1,"normal",25,15,,,
"back and arms","16 Jan 2025, 08:07","16 Jan 2025, 09:02","","Front Raise (Cable)",,"",2,"normal",25,15,,,
"back and arms","16 Jan 2025, 08:07","16 Jan 2025, 09:02","","Shrug (Cable)",,"",0,"normal",110,15,,,
"back and arms","16 Jan 2025, 08:07","16 Jan 2025, 09:02","","Shrug (Cable)",,"",1,"normal",110,15,,,
"back and arms","16 Jan 2025, 08:07","16 Jan 2025, 09:02","","Shrug (Cable)",,"",2,"normal",110,15,,,
"back and arms","16 Jan 2025, 08:07","16 Jan 2025, 09:02","","Reverse Curl (Cable)",,"",0,"normal",35,15,,,
"back and arms","16 Jan 2025, 08:07","16 Jan 2025, 09:02","","Reverse Curl (Cable)",,"",1,"normal",35,15,,,
"back and arms","16 Jan 2025, 08:07","16 Jan 2025, 09:02","","Reverse Curl (Cable)",,"",2,"normal",35,15,,,
"chest + arms","13 Jan 2025, 17:53","13 Jan 2025, 18:54","","Chest Press (Machine)",,"",0,"normal",130,12,,,
"chest + arms","13 Jan 2025, 17:53","13 Jan 2025, 18:54","","Chest Press (Machine)",,"",1,"normal",130,12,,,
"chest + arms","13 Jan 2025, 17:53","13 Jan 2025, 18:54","","Chest Press (Machine)",,"",2,"normal",130,12,,,
"chest + arms","13 Jan 2025, 17:53","13 Jan 2025, 18:54","","Bicep Curl (Cable)",,"",0,"normal",45,15,,,
"chest + arms","13 Jan 2025, 17:53","13 Jan 2025, 18:54","","Bicep Curl (Cable)",,"",1,"normal",45,15,,,
"chest + arms","13 Jan 2025, 17:53","13 Jan 2025, 18:54","","Bicep Curl (Cable)",,"",2,"normal",45,15,,,
"chest + arms","13 Jan 2025, 17:53","13 Jan 2025, 18:54","","Incline Chest Press (Machine)",,"",0,"normal",90,15,,,
"chest + arms","13 Jan 2025, 17:53","13 Jan 2025, 18:54","","Incline Chest Press (Machine)",,"",1,"normal",90,12,,,
"chest + arms","13 Jan 2025, 17:53","13 Jan 2025, 18:54","","Incline Chest Press (Machine)",,"",2,"normal",90,15,,,
"chest + arms","13 Jan 2025, 17:53","13 Jan 2025, 18:54","","Triceps Pushdown",,"",0,"normal",50,15,,,
"chest + arms","13 Jan 2025, 17:53","13 Jan 2025, 18:54","","Triceps Pushdown",,"",1,"normal",50,15,,,
"chest + arms","13 Jan 2025, 17:53","13 Jan 2025, 18:54","","Triceps Pushdown",,"",2,"normal",50,12,,,
"chest + arms","13 Jan 2025, 17:53","13 Jan 2025, 18:54","","Decline Bench Press (Machine)",,"",0,"normal",110,10,,,
"chest + arms","13 Jan 2025, 17:53","13 Jan 2025, 18:54","","Decline Bench Press (Machine)",,"",1,"normal",100,12,,,
"chest + arms","13 Jan 2025, 17:53","13 Jan 2025, 18:54","","Decline Bench Press (Machine)",,"",2,"normal",100,12,,,
"chest + arms","13 Jan 2025, 17:53","13 Jan 2025, 18:54","","Front Raise (Cable)",,"",0,"normal",25,15,,,
"chest + arms","13 Jan 2025, 17:53","13 Jan 2025, 18:54","","Front Raise (Cable)",,"",1,"normal",25,15,,,
"chest + arms","13 Jan 2025, 17:53","13 Jan 2025, 18:54","","Front Raise (Cable)",,"",2,"normal",25,15,,,
"chest + arms","13 Jan 2025, 17:53","13 Jan 2025, 18:54","","Seated Shoulder Press (Machine)",,"",0,"normal",70,15,,,
"chest + arms","13 Jan 2025, 17:53","13 Jan 2025, 18:54","","Seated Shoulder Press (Machine)",,"",1,"normal",70,8,,,
"chest + arms","13 Jan 2025, 17:53","13 Jan 2025, 18:54","","Seated Shoulder Press (Machine)",,"",2,"normal",60,15,,,
"chest + arms","13 Jan 2025, 17:53","13 Jan 2025, 18:54","","Seated Shoulder Press (Machine)",,"",3,"normal",60,15,,,
"chest + arms","13 Jan 2025, 17:53","13 Jan 2025, 18:54","","Reverse Curl (Cable)",,"",0,"normal",35,15,,,
"chest + arms","13 Jan 2025, 17:53","13 Jan 2025, 18:54","","Reverse Curl (Cable)",,"",1,"normal",35,15,,,
"chest + arms","13 Jan 2025, 17:53","13 Jan 2025, 18:54","","Reverse Curl (Cable)",,"",2,"normal",35,15,,,
"chest + arms","13 Jan 2025, 17:53","13 Jan 2025, 18:54","","Reverse Curl (Cable)",,"",3,"normal",35,15,,,
"back and arms","12 Jan 2025, 10:34","12 Jan 2025, 11:37","gym closed for cleaning mid workout","Lat Pulldown (Cable)",,"",0,"normal",110,15,,,
"back and arms","12 Jan 2025, 10:34","12 Jan 2025, 11:37","gym closed for cleaning mid workout","Lat Pulldown (Cable)",,"",1,"normal",120,12,,,
"back and arms","12 Jan 2025, 10:34","12 Jan 2025, 11:37","gym closed for cleaning mid workout","Lat Pulldown (Cable)",,"",2,"normal",120,12,,,
"back and arms","12 Jan 2025, 10:34","12 Jan 2025, 11:37","gym closed for cleaning mid workout","Bicep Curl (Cable)",,"",0,"normal",45,12,,,
"back and arms","12 Jan 2025, 10:34","12 Jan 2025, 11:37","gym closed for cleaning mid workout","Bicep Curl (Cable)",,"",1,"normal",40,15,,,
"back and arms","12 Jan 2025, 10:34","12 Jan 2025, 11:37","gym closed for cleaning mid workout","Bicep Curl (Cable)",,"",2,"normal",40,15,,,
"back and arms","12 Jan 2025, 10:34","12 Jan 2025, 11:37","gym closed for cleaning mid workout","Seated Cable Row - Bar Grip",,"",0,"normal",120,12,,,
"back and arms","12 Jan 2025, 10:34","12 Jan 2025, 11:37","gym closed for cleaning mid workout","Seated Cable Row - Bar Grip",,"",1,"normal",120,12,,,
"back and arms","12 Jan 2025, 10:34","12 Jan 2025, 11:37","gym closed for cleaning mid workout","Seated Cable Row - Bar Grip",,"",2,"normal",120,12,,,
"back and arms","12 Jan 2025, 10:34","12 Jan 2025, 11:37","gym closed for cleaning mid workout","Triceps Pushdown",,"",0,"normal",50,15,,,
"back and arms","12 Jan 2025, 10:34","12 Jan 2025, 11:37","gym closed for cleaning mid workout","Triceps Pushdown",,"",1,"normal",50,15,,,
"back and arms","12 Jan 2025, 10:34","12 Jan 2025, 11:37","gym closed for cleaning mid workout","Triceps Pushdown",,"",2,"normal",50,15,,,
"back and arms","12 Jan 2025, 10:34","12 Jan 2025, 11:37","gym closed for cleaning mid workout","Upright Row (Cable)",,"",0,"normal",80,15,,,
"back and arms","12 Jan 2025, 10:34","12 Jan 2025, 11:37","gym closed for cleaning mid workout","Upright Row (Cable)",,"",1,"normal",80,15,,,
"back and arms","12 Jan 2025, 10:34","12 Jan 2025, 11:37","gym closed for cleaning mid workout","Upright Row (Cable)",,"",2,"normal",90,15,,,
"back and arms","12 Jan 2025, 10:34","12 Jan 2025, 11:37","gym closed for cleaning mid workout","Front Raise (Cable)",,"",0,"normal",25,15,,,
"back and arms","12 Jan 2025, 10:34","12 Jan 2025, 11:37","gym closed for cleaning mid workout","Front Raise (Cable)",,"",1,"normal",25,15,,,
"back and arms","12 Jan 2025, 10:34","12 Jan 2025, 11:37","gym closed for cleaning mid workout","Front Raise (Cable)",,"",2,"normal",25,15,,,
"back and arms","12 Jan 2025, 10:34","12 Jan 2025, 11:37","gym closed for cleaning mid workout","Shrug (Cable)",,"",0,"normal",110,15,,,
"back and arms","12 Jan 2025, 10:34","12 Jan 2025, 11:37","gym closed for cleaning mid workout","Shrug (Cable)",,"",1,"normal",110,15,,,
"back and arms","12 Jan 2025, 10:34","12 Jan 2025, 11:37","gym closed for cleaning mid workout","Shrug (Cable)",,"",2,"normal",110,15,,,
"back and arms","12 Jan 2025, 10:34","12 Jan 2025, 11:37","gym closed for cleaning mid workout","Reverse Curl (Cable)",,"",0,"normal",30,15,,,
"back and arms","12 Jan 2025, 10:34","12 Jan 2025, 11:37","gym closed for cleaning mid workout","Reverse Curl (Cable)",,"",1,"normal",35,12,,,
"back and arms","12 Jan 2025, 10:34","12 Jan 2025, 11:37","gym closed for cleaning mid workout","Reverse Curl (Cable)",,"",2,"normal",35,15,,,
"back and arms","12 Jan 2025, 10:34","12 Jan 2025, 11:37","gym closed for cleaning mid workout","Straight Arm Lat Pulldown (Cable)",,"",0,"normal",35,15,,,
"back and arms","12 Jan 2025, 10:34","12 Jan 2025, 11:37","gym closed for cleaning mid workout","Straight Arm Lat Pulldown (Cable)",,"",1,"normal",35,15,,,
"back and arms","12 Jan 2025, 10:34","12 Jan 2025, 11:37","gym closed for cleaning mid workout","Straight Arm Lat Pulldown (Cable)",,"",2,"normal",35,15,,,
"back and arms","12 Jan 2025, 10:34","12 Jan 2025, 11:37","gym closed for cleaning mid workout","Reverse Grip Lat Pulldown (Cable)",,"",0,"normal",80,12,,,
"back and arms","12 Jan 2025, 10:34","12 Jan 2025, 11:37","gym closed for cleaning mid workout","Reverse Grip Lat Pulldown (Cable)",,"",1,"normal",70,15,,,
"back and arms","12 Jan 2025, 10:34","12 Jan 2025, 11:37","gym closed for cleaning mid workout","Reverse Grip Lat Pulldown (Cable)",,"",2,"normal",70,15,,,
"quick chest and arms before work","9 Jan 2025, 08:07","9 Jan 2025, 08:59","","Chest Press (Machine)",,"",0,"normal",120,15,,,
"quick chest and arms before work","9 Jan 2025, 08:07","9 Jan 2025, 08:59","","Chest Press (Machine)",,"",1,"normal",130,12,,,
"quick chest and arms before work","9 Jan 2025, 08:07","9 Jan 2025, 08:59","","Chest Press (Machine)",,"",2,"normal",130,12,,,
"quick chest and arms before work","9 Jan 2025, 08:07","9 Jan 2025, 08:59","","Bicep Curl (Cable)",,"",0,"normal",45,15,,,
"quick chest and arms before work","9 Jan 2025, 08:07","9 Jan 2025, 08:59","","Bicep Curl (Cable)",,"",1,"normal",45,12,,,
"quick chest and arms before work","9 Jan 2025, 08:07","9 Jan 2025, 08:59","","Bicep Curl (Cable)",,"",2,"normal",45,12,,,
"quick chest and arms before work","9 Jan 2025, 08:07","9 Jan 2025, 08:59","","Incline Chest Press (Machine)",,"",0,"normal",100,12,,,
"quick chest and arms before work","9 Jan 2025, 08:07","9 Jan 2025, 08:59","","Incline Chest Press (Machine)",,"",1,"normal",90,10,,,
"quick chest and arms before work","9 Jan 2025, 08:07","9 Jan 2025, 08:59","","Incline Chest Press (Machine)",,"",2,"normal",90,12,,,
"quick chest and arms before work","9 Jan 2025, 08:07","9 Jan 2025, 08:59","","Triceps Pushdown",,"",0,"normal",50,12,,,
"quick chest and arms before work","9 Jan 2025, 08:07","9 Jan 2025, 08:59","","Triceps Pushdown",,"",1,"normal",45,15,,,
"quick chest and arms before work","9 Jan 2025, 08:07","9 Jan 2025, 08:59","","Triceps Pushdown",,"",2,"normal",45,15,,,
"quick chest and arms before work","9 Jan 2025, 08:07","9 Jan 2025, 08:59","","Decline Bench Press (Machine)",,"",0,"normal",110,12,,,
"quick chest and arms before work","9 Jan 2025, 08:07","9 Jan 2025, 08:59","","Decline Bench Press (Machine)",,"",1,"normal",110,12,,,
"quick chest and arms before work","9 Jan 2025, 08:07","9 Jan 2025, 08:59","","Decline Bench Press (Machine)",,"",2,"normal",100,15,,,
"quick chest and arms before work","9 Jan 2025, 08:07","9 Jan 2025, 08:59","","Front Raise (Cable)",,"",0,"normal",25,15,,,
"quick chest and arms before work","9 Jan 2025, 08:07","9 Jan 2025, 08:59","","Front Raise (Cable)",,"",1,"normal",25,15,,,
"quick chest and arms before work","9 Jan 2025, 08:07","9 Jan 2025, 08:59","","Front Raise (Cable)",,"",2,"normal",25,15,,,
"quick chest and arms before work","9 Jan 2025, 08:07","9 Jan 2025, 08:59","","Reverse Curl (Cable)",,"",0,"normal",30,15,,,
"quick chest and arms before work","9 Jan 2025, 08:07","9 Jan 2025, 08:59","","Reverse Curl (Cable)",,"",1,"normal",30,15,,,
"quick chest and arms before work","9 Jan 2025, 08:07","9 Jan 2025, 08:59","","Reverse Curl (Cable)",,"",2,"normal",35,15,,,
"quick chest and arms before work","9 Jan 2025, 08:07","9 Jan 2025, 08:59","","Seated Shoulder Press (Machine)",,"",0,"normal",60,15,,,
"quick chest and arms before work","9 Jan 2025, 08:07","9 Jan 2025, 08:59","","Seated Shoulder Press (Machine)",,"",1,"normal",60,15,,,
"quick chest and arms before work","9 Jan 2025, 08:07","9 Jan 2025, 08:59","","Seated Shoulder Press (Machine)",,"",2,"normal",60,15,,,
"back and arm","7 Jan 2025, 18:28","7 Jan 2025, 19:21","","Seated Cable Row - Bar Grip",,"",0,"normal",120,15,,,
"back and arm","7 Jan 2025, 18:28","7 Jan 2025, 19:21","","Seated Cable Row - Bar Grip",,"",1,"normal",120,12,,,
"back and arm","7 Jan 2025, 18:28","7 Jan 2025, 19:21","","Seated Cable Row - Bar Grip",,"",2,"normal",120,12,,,
"back and arm","7 Jan 2025, 18:28","7 Jan 2025, 19:21","","Bicep Curl (Cable)",,"",0,"normal",45,12,,,
"back and arm","7 Jan 2025, 18:28","7 Jan 2025, 19:21","","Bicep Curl (Cable)",,"",1,"normal",45,12,,,
"back and arm","7 Jan 2025, 18:28","7 Jan 2025, 19:21","","Bicep Curl (Cable)",,"",2,"normal",40,15,,,
"back and arm","7 Jan 2025, 18:28","7 Jan 2025, 19:21","","Upright Row (Cable)",,"",0,"normal",80,15,,,
"back and arm","7 Jan 2025, 18:28","7 Jan 2025, 19:21","","Upright Row (Cable)",,"",1,"normal",80,15,,,
"back and arm","7 Jan 2025, 18:28","7 Jan 2025, 19:21","","Upright Row (Cable)",,"",2,"normal",90,12,,,
"back and arm","7 Jan 2025, 18:28","7 Jan 2025, 19:21","","Front Raise (Cable)",,"",0,"normal",25,15,,,
"back and arm","7 Jan 2025, 18:28","7 Jan 2025, 19:21","","Front Raise (Cable)",,"",1,"normal",25,15,,,
"back and arm","7 Jan 2025, 18:28","7 Jan 2025, 19:21","","Front Raise (Cable)",,"",2,"normal",25,15,,,
"back and arm","7 Jan 2025, 18:28","7 Jan 2025, 19:21","","Triceps Pushdown",,"",0,"normal",45,15,,,
"back and arm","7 Jan 2025, 18:28","7 Jan 2025, 19:21","","Triceps Pushdown",,"",1,"normal",50,12,,,
"back and arm","7 Jan 2025, 18:28","7 Jan 2025, 19:21","","Triceps Pushdown",,"",2,"normal",50,12,,,
"back and arm","7 Jan 2025, 18:28","7 Jan 2025, 19:21","","Lat Pulldown (Cable)",,"",0,"normal",110,12,,,
"back and arm","7 Jan 2025, 18:28","7 Jan 2025, 19:21","","Lat Pulldown (Cable)",,"",1,"normal",110,12,,,
"back and arm","7 Jan 2025, 18:28","7 Jan 2025, 19:21","","Lat Pulldown (Cable)",,"",2,"normal",110,12,,,
"back and arm","7 Jan 2025, 18:28","7 Jan 2025, 19:21","","Shrug (Cable)",,"",0,"normal",100,15,,,
"back and arm","7 Jan 2025, 18:28","7 Jan 2025, 19:21","","Shrug (Cable)",,"",1,"normal",110,15,,,
"back and arm","7 Jan 2025, 18:28","7 Jan 2025, 19:21","","Shrug (Cable)",,"",2,"normal",110,15,,,
"back and arm","7 Jan 2025, 18:28","7 Jan 2025, 19:21","","Reverse Curl (Cable)",,"",0,"normal",35,15,,,
"back and arm","7 Jan 2025, 18:28","7 Jan 2025, 19:21","","Reverse Curl (Cable)",,"",1,"normal",35,15,,,
"back and arm","7 Jan 2025, 18:28","7 Jan 2025, 19:21","","Reverse Curl (Cable)",,"",2,"normal",35,15,,,
"chest n arms","5 Jan 2025, 07:02","5 Jan 2025, 08:13","","Chest Press (Machine)",,"",0,"normal",120,15,,,
"chest n arms","5 Jan 2025, 07:02","5 Jan 2025, 08:13","","Chest Press (Machine)",,"",1,"normal",130,14,,,
"chest n arms","5 Jan 2025, 07:02","5 Jan 2025, 08:13","","Chest Press (Machine)",,"",2,"normal",130,10,,,
"chest n arms","5 Jan 2025, 07:02","5 Jan 2025, 08:13","","Bicep Curl (Cable)",,"",0,"normal",40,15,,,
"chest n arms","5 Jan 2025, 07:02","5 Jan 2025, 08:13","","Bicep Curl (Cable)",,"",1,"normal",40,15,,,
"chest n arms","5 Jan 2025, 07:02","5 Jan 2025, 08:13","","Bicep Curl (Cable)",,"",2,"normal",40,15,,,
"chest n arms","5 Jan 2025, 07:02","5 Jan 2025, 08:13","","Incline Chest Press (Machine)",,"",0,"normal",100,10,,,
"chest n arms","5 Jan 2025, 07:02","5 Jan 2025, 08:13","","Incline Chest Press (Machine)",,"",1,"normal",100,10,,,
"chest n arms","5 Jan 2025, 07:02","5 Jan 2025, 08:13","","Incline Chest Press (Machine)",,"",2,"normal",90,15,,,
"chest n arms","5 Jan 2025, 07:02","5 Jan 2025, 08:13","","Triceps Pushdown",,"",0,"normal",45,12,,,
"chest n arms","5 Jan 2025, 07:02","5 Jan 2025, 08:13","","Triceps Pushdown",,"",1,"normal",45,15,,,
"chest n arms","5 Jan 2025, 07:02","5 Jan 2025, 08:13","","Triceps Pushdown",,"",2,"normal",45,15,,,
"chest n arms","5 Jan 2025, 07:02","5 Jan 2025, 08:13","","Decline Bench Press (Machine)",,"",0,"normal",100,15,,,
"chest n arms","5 Jan 2025, 07:02","5 Jan 2025, 08:13","","Decline Bench Press (Machine)",,"",1,"normal",110,15,,,
"chest n arms","5 Jan 2025, 07:02","5 Jan 2025, 08:13","","Decline Bench Press (Machine)",,"",2,"normal",110,15,,,
"chest n arms","5 Jan 2025, 07:02","5 Jan 2025, 08:13","","Front Raise (Cable)",,"",0,"normal",25,20,,,
"chest n arms","5 Jan 2025, 07:02","5 Jan 2025, 08:13","","Front Raise (Cable)",,"",1,"normal",25,15,,,
"chest n arms","5 Jan 2025, 07:02","5 Jan 2025, 08:13","","Front Raise (Cable)",,"",2,"normal",20,20,,,
"chest n arms","5 Jan 2025, 07:02","5 Jan 2025, 08:13","","Seated Shoulder Press (Machine)",,"",0,"normal",60,15,,,
"chest n arms","5 Jan 2025, 07:02","5 Jan 2025, 08:13","","Seated Shoulder Press (Machine)",,"",1,"normal",60,12,,,
"chest n arms","5 Jan 2025, 07:02","5 Jan 2025, 08:13","","Seated Shoulder Press (Machine)",,"",2,"normal",60,10,,,
"chest n arms","5 Jan 2025, 07:02","5 Jan 2025, 08:13","","Reverse Curl (Cable)",,"",0,"normal",35,15,,,
"chest n arms","5 Jan 2025, 07:02","5 Jan 2025, 08:13","","Reverse Curl (Cable)",,"",1,"normal",35,15,,,
"chest n arms","5 Jan 2025, 07:02","5 Jan 2025, 08:13","","Reverse Curl (Cable)",,"",2,"normal",35,15,,,
"new year pull","2 Jan 2025, 17:58","2 Jan 2025, 19:03","","Lat Pulldown (Cable)",,"",0,"normal",120,15,,,
"new year pull","2 Jan 2025, 17:58","2 Jan 2025, 19:03","","Lat Pulldown (Cable)",,"",1,"normal",120,12,,,
"new year pull","2 Jan 2025, 17:58","2 Jan 2025, 19:03","","Lat Pulldown (Cable)",,"",2,"normal",120,12,,,
"new year pull","2 Jan 2025, 17:58","2 Jan 2025, 19:03","","Bicep Curl (Cable)",,"",0,"normal",40,15,,,
"new year pull","2 Jan 2025, 17:58","2 Jan 2025, 19:03","","Bicep Curl (Cable)",,"",1,"normal",40,15,,,
"new year pull","2 Jan 2025, 17:58","2 Jan 2025, 19:03","","Bicep Curl (Cable)",,"",2,"normal",45,12,,,
"new year pull","2 Jan 2025, 17:58","2 Jan 2025, 19:03","","Seated Cable Row - Bar Grip",,"",0,"normal",110,15,,,
"new year pull","2 Jan 2025, 17:58","2 Jan 2025, 19:03","","Seated Cable Row - Bar Grip",,"",1,"normal",110,15,,,
"new year pull","2 Jan 2025, 17:58","2 Jan 2025, 19:03","","Seated Cable Row - Bar Grip",,"",2,"normal",110,13,,,
"new year pull","2 Jan 2025, 17:58","2 Jan 2025, 19:03","","Front Raise (Cable)",,"",0,"normal",20,15,,,
"new year pull","2 Jan 2025, 17:58","2 Jan 2025, 19:03","","Front Raise (Cable)",,"",1,"normal",20,10,,,
"new year pull","2 Jan 2025, 17:58","2 Jan 2025, 19:03","","Front Raise (Cable)",,"",2,"normal",20,20,,,
"new year pull","2 Jan 2025, 17:58","2 Jan 2025, 19:03","","Front Raise (Cable)",,"",3,"normal",20,20,,,
"new year pull","2 Jan 2025, 17:58","2 Jan 2025, 19:03","","Upright Row (Cable)",,"",0,"normal",70,15,,,
"new year pull","2 Jan 2025, 17:58","2 Jan 2025, 19:03","","Upright Row (Cable)",,"",1,"normal",80,13,,,
"new year pull","2 Jan 2025, 17:58","2 Jan 2025, 19:03","","Upright Row (Cable)",,"",2,"normal",80,13,,,
"new year pull","2 Jan 2025, 17:58","2 Jan 2025, 19:03","","Reverse Curl (Cable)",,"",0,"normal",35,10,,,
"new year pull","2 Jan 2025, 17:58","2 Jan 2025, 19:03","","Reverse Curl (Cable)",,"",1,"normal",30,11,,,
"new year pull","2 Jan 2025, 17:58","2 Jan 2025, 19:03","","Reverse Curl (Cable)",,"",2,"normal",25,20,,,
"new year pull","2 Jan 2025, 17:58","2 Jan 2025, 19:03","","Shrug (Cable)",,"",0,"normal",100,15,,,
"new year pull","2 Jan 2025, 17:58","2 Jan 2025, 19:03","","Shrug (Cable)",,"",1,"normal",100,15,,,
"new year pull","2 Jan 2025, 17:58","2 Jan 2025, 19:03","","Shrug (Cable)",,"",2,"normal",100,15,,,
"new year pull","2 Jan 2025, 17:58","2 Jan 2025, 19:03","","Straight Arm Lat Pulldown (Cable)",,"",0,"normal",30,15,,,
"new year pull","2 Jan 2025, 17:58","2 Jan 2025, 19:03","","Straight Arm Lat Pulldown (Cable)",,"",1,"normal",30,15,,,
"new year pull","2 Jan 2025, 17:58","2 Jan 2025, 19:03","","Straight Arm Lat Pulldown (Cable)",,"",2,"normal",30,12,,,
"new year pull","2 Jan 2025, 17:58","2 Jan 2025, 19:03","","Straight Arm Lat Pulldown (Cable)",,"",3,"normal",25,15,,,
"new year pull","2 Jan 2025, 17:58","2 Jan 2025, 19:03","","Triceps Pushdown",,"",0,"normal",40,15,,,
"new year pull","2 Jan 2025, 17:58","2 Jan 2025, 19:03","","Triceps Pushdown",,"",1,"normal",40,5,,,
"new year pull","2 Jan 2025, 17:58","2 Jan 2025, 19:03","","Triceps Pushdown",,"",2,"normal",35,12,,,
"new year pull","2 Jan 2025, 17:58","2 Jan 2025, 19:03","","Triceps Pushdown",,"",3,"normal",30,15,,,
"post holiday push","27 Dec 2024, 12:47","27 Dec 2024, 13:51","","Chest Press (Machine)",,"",0,"normal",120,15,,,
"post holiday push","27 Dec 2024, 12:47","27 Dec 2024, 13:51","","Chest Press (Machine)",,"",1,"normal",130,12,,,
"post holiday push","27 Dec 2024, 12:47","27 Dec 2024, 13:51","","Chest Press (Machine)",,"",2,"normal",130,12,,,
"post holiday push","27 Dec 2024, 12:47","27 Dec 2024, 13:51","","Bicep Curl (Cable)",,"",0,"normal",40,15,,,
"post holiday push","27 Dec 2024, 12:47","27 Dec 2024, 13:51","","Bicep Curl (Cable)",,"",1,"normal",40,15,,,
"post holiday push","27 Dec 2024, 12:47","27 Dec 2024, 13:51","","Bicep Curl (Cable)",,"",2,"normal",40,15,,,
"post holiday push","27 Dec 2024, 12:47","27 Dec 2024, 13:51","","Incline Chest Press (Machine)",,"",0,"normal",90,15,,,
"post holiday push","27 Dec 2024, 12:47","27 Dec 2024, 13:51","","Incline Chest Press (Machine)",,"",1,"normal",90,8,,,
"post holiday push","27 Dec 2024, 12:47","27 Dec 2024, 13:51","","Incline Chest Press (Machine)",,"",2,"normal",80,5,,,
"post holiday push","27 Dec 2024, 12:47","27 Dec 2024, 13:51","","Triceps Pushdown",,"",0,"normal",40,15,,,
"post holiday push","27 Dec 2024, 12:47","27 Dec 2024, 13:51","","Triceps Pushdown",,"",1,"normal",40,15,,,
"post holiday push","27 Dec 2024, 12:47","27 Dec 2024, 13:51","","Triceps Pushdown",,"",2,"normal",40,15,,,
"post holiday push","27 Dec 2024, 12:47","27 Dec 2024, 13:51","","Decline Bench Press (Machine)",,"",0,"normal",100,12,,,
"post holiday push","27 Dec 2024, 12:47","27 Dec 2024, 13:51","","Decline Bench Press (Machine)",,"",1,"normal",100,12,,,
"post holiday push","27 Dec 2024, 12:47","27 Dec 2024, 13:51","","Decline Bench Press (Machine)",,"",2,"normal",100,12,,,
"post holiday push","27 Dec 2024, 12:47","27 Dec 2024, 13:51","","Front Raise (Cable)",,"",0,"normal",20,20,,,
"post holiday push","27 Dec 2024, 12:47","27 Dec 2024, 13:51","","Front Raise (Cable)",,"",1,"normal",20,20,,,
"post holiday push","27 Dec 2024, 12:47","27 Dec 2024, 13:51","","Front Raise (Cable)",,"",2,"normal",20,20,,,
"post holiday push","27 Dec 2024, 12:47","27 Dec 2024, 13:51","","Reverse Curl (Cable)",,"",0,"normal",30,15,,,
"post holiday push","27 Dec 2024, 12:47","27 Dec 2024, 13:51","","Reverse Curl (Cable)",,"",1,"normal",35,15,,,
"post holiday push","27 Dec 2024, 12:47","27 Dec 2024, 13:51","","Reverse Curl (Cable)",,"",2,"normal",35,15,,,
"post holiday push","27 Dec 2024, 12:47","27 Dec 2024, 13:51","","Seated Shoulder Press (Machine)",,"",0,"normal",50,15,,,
"post holiday push","27 Dec 2024, 12:47","27 Dec 2024, 13:51","","Seated Shoulder Press (Machine)",,"",1,"normal",60,12,,,
"post holiday push","27 Dec 2024, 12:47","27 Dec 2024, 13:51","","Seated Shoulder Press (Machine)",,"",2,"normal",60,10,,,
"post holiday push","27 Dec 2024, 12:47","27 Dec 2024, 13:51","","Seated Shoulder Press (Machine)",,"",3,"normal",50,5,,,
"backarm","19 Dec 2024, 18:25","19 Dec 2024, 19:28","","Lat Pulldown (Cable)",,"",0,"normal",110,15,,,
"backarm","19 Dec 2024, 18:25","19 Dec 2024, 19:28","","Lat Pulldown (Cable)",,"",1,"normal",120,13,,,
"backarm","19 Dec 2024, 18:25","19 Dec 2024, 19:28","","Lat Pulldown (Cable)",,"",2,"normal",120,12,,,
"backarm","19 Dec 2024, 18:25","19 Dec 2024, 19:28","","Bicep Curl (Cable)",,"",0,"normal",40,15,,,
"backarm","19 Dec 2024, 18:25","19 Dec 2024, 19:28","","Bicep Curl (Cable)",,"",1,"normal",40,15,,,
"backarm","19 Dec 2024, 18:25","19 Dec 2024, 19:28","","Bicep Curl (Cable)",,"",2,"normal",40,8,,,
"backarm","19 Dec 2024, 18:25","19 Dec 2024, 19:28","","Bicep Curl (Cable)",,"",3,"normal",30,15,,,
"backarm","19 Dec 2024, 18:25","19 Dec 2024, 19:28","","Seated Cable Row - Bar Grip",,"",0,"normal",100,15,,,
"backarm","19 Dec 2024, 18:25","19 Dec 2024, 19:28","","Seated Cable Row - Bar Grip",,"",1,"normal",110,15,,,
"backarm","19 Dec 2024, 18:25","19 Dec 2024, 19:28","","Seated Cable Row - Bar Grip",,"",2,"normal",110,12,,,
"backarm","19 Dec 2024, 18:25","19 Dec 2024, 19:28","","Triceps Pushdown",,"",0,"normal",40,16,,,
"backarm","19 Dec 2024, 18:25","19 Dec 2024, 19:28","","Triceps Pushdown",,"",1,"normal",40,15,,,
"backarm","19 Dec 2024, 18:25","19 Dec 2024, 19:28","","Triceps Pushdown",,"",2,"normal",40,14,,,
"backarm","19 Dec 2024, 18:25","19 Dec 2024, 19:28","","Straight Arm Lat Pulldown (Cable)",,"",0,"normal",30,10,,,
"backarm","19 Dec 2024, 18:25","19 Dec 2024, 19:28","","Straight Arm Lat Pulldown (Cable)",,"",1,"normal",25,18,,,
"backarm","19 Dec 2024, 18:25","19 Dec 2024, 19:28","","Straight Arm Lat Pulldown (Cable)",,"",2,"normal",30,15,,,
"backarm","19 Dec 2024, 18:25","19 Dec 2024, 19:28","","Front Raise (Cable)",,"",0,"normal",20,20,,,
"backarm","19 Dec 2024, 18:25","19 Dec 2024, 19:28","","Front Raise (Cable)",,"",1,"normal",20,20,,,
"backarm","19 Dec 2024, 18:25","19 Dec 2024, 19:28","","Front Raise (Cable)",,"",2,"normal",20,20,,,
"backarm","19 Dec 2024, 18:25","19 Dec 2024, 19:28","","Upright Row (Cable)",,"",0,"normal",60,20,,,
"backarm","19 Dec 2024, 18:25","19 Dec 2024, 19:28","","Upright Row (Cable)",,"",1,"normal",70,15,,,
"backarm","19 Dec 2024, 18:25","19 Dec 2024, 19:28","","Upright Row (Cable)",,"",2,"normal",70,15,,,
"backarm","19 Dec 2024, 18:25","19 Dec 2024, 19:28","","Shrug (Cable)",,"",0,"normal",100,15,,,
"backarm","19 Dec 2024, 18:25","19 Dec 2024, 19:28","","Shrug (Cable)",,"",1,"normal",100,15,,,
"backarm","19 Dec 2024, 18:25","19 Dec 2024, 19:28","","Shrug (Cable)",,"",2,"normal",100,15,,,
"backarm","19 Dec 2024, 18:25","19 Dec 2024, 19:28","","Seated Shoulder Press (Machine)",,"",0,"normal",45,15,,,
"backarm","19 Dec 2024, 18:25","19 Dec 2024, 19:28","","Seated Shoulder Press (Machine)",,"",1,"normal",45,15,,,
"backarm","19 Dec 2024, 18:25","19 Dec 2024, 19:28","","Seated Shoulder Press (Machine)",,"",2,"normal",50,15,,,
"backarm","19 Dec 2024, 18:25","19 Dec 2024, 19:28","","Reverse Curl (Cable)",,"",0,"normal",30,12,,,
"backarm","19 Dec 2024, 18:25","19 Dec 2024, 19:28","","Reverse Curl (Cable)",,"",1,"normal",30,15,,,
"backarm","19 Dec 2024, 18:25","19 Dec 2024, 19:28","","Reverse Curl (Cable)",,"",2,"normal",30,15,,,
"chest arm shoulder","18 Dec 2024, 18:02","18 Dec 2024, 19:03","","Chest Press (Machine)",,"",0,"normal",120,12,,,
"chest arm shoulder","18 Dec 2024, 18:02","18 Dec 2024, 19:03","","Chest Press (Machine)",,"",1,"normal",120,12,,,
"chest arm shoulder","18 Dec 2024, 18:02","18 Dec 2024, 19:03","","Chest Press (Machine)",,"",2,"normal",120,12,,,
"chest arm shoulder","18 Dec 2024, 18:02","18 Dec 2024, 19:03","","Bicep Curl (Cable)",,"",0,"normal",40,12,,,
"chest arm shoulder","18 Dec 2024, 18:02","18 Dec 2024, 19:03","","Bicep Curl (Cable)",,"",1,"normal",40,15,,,
"chest arm shoulder","18 Dec 2024, 18:02","18 Dec 2024, 19:03","","Bicep Curl (Cable)",,"",2,"normal",40,15,,,
"chest arm shoulder","18 Dec 2024, 18:02","18 Dec 2024, 19:03","","Incline Chest Press (Machine)",,"",0,"normal",90,13,,,
"chest arm shoulder","18 Dec 2024, 18:02","18 Dec 2024, 19:03","","Incline Chest Press (Machine)",,"",1,"normal",90,12,,,
"chest arm shoulder","18 Dec 2024, 18:02","18 Dec 2024, 19:03","","Incline Chest Press (Machine)",,"",2,"normal",90,9,,,
"chest arm shoulder","18 Dec 2024, 18:02","18 Dec 2024, 19:03","","Front Raise (Cable)",,"",0,"normal",20,20,,,
"chest arm shoulder","18 Dec 2024, 18:02","18 Dec 2024, 19:03","","Front Raise (Cable)",,"",1,"normal",20,20,,,
"chest arm shoulder","18 Dec 2024, 18:02","18 Dec 2024, 19:03","","Front Raise (Cable)",,"",2,"normal",20,20,,,
"chest arm shoulder","18 Dec 2024, 18:02","18 Dec 2024, 19:03","","Decline Bench Press (Machine)",,"",0,"normal",100,13,,,
"chest arm shoulder","18 Dec 2024, 18:02","18 Dec 2024, 19:03","","Decline Bench Press (Machine)",,"",1,"normal",110,10,,,
"chest arm shoulder","18 Dec 2024, 18:02","18 Dec 2024, 19:03","","Decline Bench Press (Machine)",,"",2,"normal",110,6,,,
"chest arm shoulder","18 Dec 2024, 18:02","18 Dec 2024, 19:03","","Decline Bench Press (Machine)",,"",3,"dropset",80,5,,,
"chest arm shoulder","18 Dec 2024, 18:02","18 Dec 2024, 19:03","","Triceps Pushdown",,"",0,"normal",50,10,,,
"chest arm shoulder","18 Dec 2024, 18:02","18 Dec 2024, 19:03","","Triceps Pushdown",,"",1,"normal",45,12,,,
"chest arm shoulder","18 Dec 2024, 18:02","18 Dec 2024, 19:03","","Triceps Pushdown",,"",2,"normal",45,12,,,
"chest arm shoulder","18 Dec 2024, 18:02","18 Dec 2024, 19:03","","Reverse Curl (Cable)",,"",0,"normal",30,15,,,
"chest arm shoulder","18 Dec 2024, 18:02","18 Dec 2024, 19:03","","Reverse Curl (Cable)",,"",1,"normal",30,15,,,
"chest arm shoulder","18 Dec 2024, 18:02","18 Dec 2024, 19:03","","Reverse Curl (Cable)",,"",2,"normal",30,15,,,
"chest arm shoulder","18 Dec 2024, 18:02","18 Dec 2024, 19:03","","Seated Shoulder Press (Machine)",,"",0,"normal",45,15,,,
"chest arm shoulder","18 Dec 2024, 18:02","18 Dec 2024, 19:03","","Seated Shoulder Press (Machine)",,"",1,"normal",50,12,,,
"chest arm shoulder","18 Dec 2024, 18:02","18 Dec 2024, 19:03","","Seated Shoulder Press (Machine)",,"",2,"normal",50,12,,,
"back and arms","16 Dec 2024, 17:33","16 Dec 2024, 18:32","","Lat Pulldown (Cable)",,"",0,"normal",110,15,,,
"back and arms","16 Dec 2024, 17:33","16 Dec 2024, 18:32","","Lat Pulldown (Cable)",,"",1,"normal",110,15,,,
"back and arms","16 Dec 2024, 17:33","16 Dec 2024, 18:32","","Lat Pulldown (Cable)",,"",2,"normal",120,11,,,
"back and arms","16 Dec 2024, 17:33","16 Dec 2024, 18:32","","Bicep Curl (Cable)",,"",0,"normal",40,15,,,
"back and arms","16 Dec 2024, 17:33","16 Dec 2024, 18:32","","Bicep Curl (Cable)",,"",1,"normal",40,12,,,
"back and arms","16 Dec 2024, 17:33","16 Dec 2024, 18:32","","Bicep Curl (Cable)",,"",2,"normal",40,15,,,
"back and arms","16 Dec 2024, 17:33","16 Dec 2024, 18:32","","Seated Cable Row - Bar Grip",,"",0,"normal",100,15,,,
"back and arms","16 Dec 2024, 17:33","16 Dec 2024, 18:32","","Seated Cable Row - Bar Grip",,"",1,"normal",110,12,,,
"back and arms","16 Dec 2024, 17:33","16 Dec 2024, 18:32","","Seated Cable Row - Bar Grip",,"",2,"normal",110,12,,,
"back and arms","16 Dec 2024, 17:33","16 Dec 2024, 18:32","","Triceps Pushdown",,"",0,"normal",45,15,,,
"back and arms","16 Dec 2024, 17:33","16 Dec 2024, 18:32","","Triceps Pushdown",,"",1,"normal",50,12,,,
"back and arms","16 Dec 2024, 17:33","16 Dec 2024, 18:32","","Triceps Pushdown",,"",2,"normal",50,12,,,
"back and arms","16 Dec 2024, 17:33","16 Dec 2024, 18:32","","Front Raise (Cable)",,"",0,"normal",20,20,,,
"back and arms","16 Dec 2024, 17:33","16 Dec 2024, 18:32","","Front Raise (Cable)",,"",1,"normal",20,20,,,
"back and arms","16 Dec 2024, 17:33","16 Dec 2024, 18:32","","Front Raise (Cable)",,"",2,"normal",20,20,,,
"back and arms","16 Dec 2024, 17:33","16 Dec 2024, 18:32","","Straight Arm Lat Pulldown (Cable)",,"",0,"normal",35,10,,,
"back and arms","16 Dec 2024, 17:33","16 Dec 2024, 18:32","","Straight Arm Lat Pulldown (Cable)",,"",1,"normal",30,15,,,
"back and arms","16 Dec 2024, 17:33","16 Dec 2024, 18:32","","Straight Arm Lat Pulldown (Cable)",,"",2,"normal",30,15,,,
"back and arms","16 Dec 2024, 17:33","16 Dec 2024, 18:32","","Reverse Curl (Cable)",,"",0,"normal",30,15,,,
"back and arms","16 Dec 2024, 17:33","16 Dec 2024, 18:32","","Reverse Curl (Cable)",,"",1,"normal",30,15,,,
"back and arms","16 Dec 2024, 17:33","16 Dec 2024, 18:32","","Reverse Curl (Cable)",,"",2,"normal",30,15,,,
"back and arms","16 Dec 2024, 17:33","16 Dec 2024, 18:32","","Upright Row (Cable)",,"",0,"normal",50,20,,,
"back and arms","16 Dec 2024, 17:33","16 Dec 2024, 18:32","","Upright Row (Cable)",,"",1,"normal",60,15,,,
"back and arms","16 Dec 2024, 17:33","16 Dec 2024, 18:32","","Upright Row (Cable)",,"",2,"normal",60,15,,,
"chest arms","15 Dec 2024, 09:05","15 Dec 2024, 10:07","","Chest Press (Machine)",,"",0,"normal",110,15,,,
"chest arms","15 Dec 2024, 09:05","15 Dec 2024, 10:07","","Chest Press (Machine)",,"",1,"normal",120,12,,,
"chest arms","15 Dec 2024, 09:05","15 Dec 2024, 10:07","","Chest Press (Machine)",,"",2,"normal",120,14,,,
"chest arms","15 Dec 2024, 09:05","15 Dec 2024, 10:07","","Bicep Curl (Cable)",,"",0,"normal",35,15,,,
"chest arms","15 Dec 2024, 09:05","15 Dec 2024, 10:07","","Bicep Curl (Cable)",,"",1,"normal",35,15,,,
"chest arms","15 Dec 2024, 09:05","15 Dec 2024, 10:07","","Bicep Curl (Cable)",,"",2,"normal",40,15,,,
"chest arms","15 Dec 2024, 09:05","15 Dec 2024, 10:07","","Incline Chest Press (Machine)",,"",0,"normal",80,15,,,
"chest arms","15 Dec 2024, 09:05","15 Dec 2024, 10:07","","Incline Chest Press (Machine)",,"",1,"normal",90,9,,,
"chest arms","15 Dec 2024, 09:05","15 Dec 2024, 10:07","","Incline Chest Press (Machine)",,"",2,"normal",90,10,,,
"chest arms","15 Dec 2024, 09:05","15 Dec 2024, 10:07","","Triceps Pushdown",,"",0,"normal",45,12,,,
"chest arms","15 Dec 2024, 09:05","15 Dec 2024, 10:07","","Triceps Pushdown",,"",1,"normal",45,12,,,
"chest arms","15 Dec 2024, 09:05","15 Dec 2024, 10:07","","Triceps Pushdown",,"",2,"normal",45,12,,,
"chest arms","15 Dec 2024, 09:05","15 Dec 2024, 10:07","","Decline Bench Press (Machine)",,"",0,"normal",90,15,,,
"chest arms","15 Dec 2024, 09:05","15 Dec 2024, 10:07","","Decline Bench Press (Machine)",,"",1,"normal",100,15,,,
"chest arms","15 Dec 2024, 09:05","15 Dec 2024, 10:07","","Decline Bench Press (Machine)",,"",2,"normal",110,8,,,
"chest arms","15 Dec 2024, 09:05","15 Dec 2024, 10:07","","Front Raise (Cable)",,"",0,"normal",25,15,,,
"chest arms","15 Dec 2024, 09:05","15 Dec 2024, 10:07","","Front Raise (Cable)",,"",1,"normal",20,15,,,
"chest arms","15 Dec 2024, 09:05","15 Dec 2024, 10:07","","Front Raise (Cable)",,"",2,"normal",20,15,,,
"chest arms","15 Dec 2024, 09:05","15 Dec 2024, 10:07","","Seated Shoulder Press (Machine)",,"",0,"normal",40,15,,,
"chest arms","15 Dec 2024, 09:05","15 Dec 2024, 10:07","","Seated Shoulder Press (Machine)",,"",1,"normal",45,14,,,
"chest arms","15 Dec 2024, 09:05","15 Dec 2024, 10:07","","Seated Shoulder Press (Machine)",,"",2,"normal",45,12,,,
"chest arms","15 Dec 2024, 09:05","15 Dec 2024, 10:07","","Reverse Curl (Cable)",,"",0,"normal",30,15,,,
"chest arms","15 Dec 2024, 09:05","15 Dec 2024, 10:07","","Reverse Curl (Cable)",,"",1,"normal",30,15,,,
"chest arms","15 Dec 2024, 09:05","15 Dec 2024, 10:07","","Reverse Curl (Cable)",,"",2,"normal",35,15,,,
"pull yerrrr","12 Dec 2024, 20:23","12 Dec 2024, 21:17","","Lat Pulldown (Cable)",,"",0,"warmup",90,15,,,
"pull yerrrr","12 Dec 2024, 20:23","12 Dec 2024, 21:17","","Lat Pulldown (Cable)",,"",1,"normal",110,12,,,
"pull yerrrr","12 Dec 2024, 20:23","12 Dec 2024, 21:17","","Lat Pulldown (Cable)",,"",2,"normal",110,10,,,
"pull yerrrr","12 Dec 2024, 20:23","12 Dec 2024, 21:17","","Lat Pulldown (Cable)",,"",3,"normal",100,10,,,
"pull yerrrr","12 Dec 2024, 20:23","12 Dec 2024, 21:17","","Bicep Curl (Cable)",,"",0,"warmup",30,15,,,
"pull yerrrr","12 Dec 2024, 20:23","12 Dec 2024, 21:17","","Bicep Curl (Cable)",,"",1,"normal",35,15,,,
"pull yerrrr","12 Dec 2024, 20:23","12 Dec 2024, 21:17","","Bicep Curl (Cable)",,"",2,"normal",35,12,,,
"pull yerrrr","12 Dec 2024, 20:23","12 Dec 2024, 21:17","","Bicep Curl (Cable)",,"",3,"normal",35,15,,,
"pull yerrrr","12 Dec 2024, 20:23","12 Dec 2024, 21:17","","Seated Cable Row - Bar Grip",,"",0,"normal",90,12,,,
"pull yerrrr","12 Dec 2024, 20:23","12 Dec 2024, 21:17","","Seated Cable Row - Bar Grip",,"",1,"normal",90,12,,,
"pull yerrrr","12 Dec 2024, 20:23","12 Dec 2024, 21:17","","Seated Cable Row - Bar Grip",,"",2,"normal",90,12,,,
"pull yerrrr","12 Dec 2024, 20:23","12 Dec 2024, 21:17","","Triceps Pushdown",,"",0,"normal",40,15,,,
"pull yerrrr","12 Dec 2024, 20:23","12 Dec 2024, 21:17","","Triceps Pushdown",,"",1,"normal",45,12,,,
"pull yerrrr","12 Dec 2024, 20:23","12 Dec 2024, 21:17","","Triceps Pushdown",,"",2,"normal",45,12,,,
"pull yerrrr","12 Dec 2024, 20:23","12 Dec 2024, 21:17","","Front Raise (Cable)",,"",0,"normal",25,15,,,
"pull yerrrr","12 Dec 2024, 20:23","12 Dec 2024, 21:17","","Front Raise (Cable)",,"",1,"normal",25,15,,,
"pull yerrrr","12 Dec 2024, 20:23","12 Dec 2024, 21:17","","Front Raise (Cable)",,"",2,"normal",25,15,,,
"pull yerrrr","12 Dec 2024, 20:23","12 Dec 2024, 21:17","","Straight Arm Lat Pulldown (Cable)",,"",0,"normal",25,15,,,
"pull yerrrr","12 Dec 2024, 20:23","12 Dec 2024, 21:17","","Straight Arm Lat Pulldown (Cable)",,"",1,"normal",25,15,,,
"pull yerrrr","12 Dec 2024, 20:23","12 Dec 2024, 21:17","","Straight Arm Lat Pulldown (Cable)",,"",2,"normal",30,15,,,
"pull yerrrr","12 Dec 2024, 20:23","12 Dec 2024, 21:17","","Shrug (Cable)",,"",0,"normal",100,15,,,
"pull yerrrr","12 Dec 2024, 20:23","12 Dec 2024, 21:17","","Shrug (Cable)",,"",1,"normal",100,15,,,
"pull yerrrr","12 Dec 2024, 20:23","12 Dec 2024, 21:17","","Shrug (Cable)",,"",2,"normal",110,12,,,
"pull yerrrr","12 Dec 2024, 20:23","12 Dec 2024, 21:17","","Reverse Curl (Cable)",,"",0,"normal",25,15,,,
"pull yerrrr","12 Dec 2024, 20:23","12 Dec 2024, 21:17","","Reverse Curl (Cable)",,"",1,"normal",30,15,,,
"pull yerrrr","12 Dec 2024, 20:23","12 Dec 2024, 21:17","","Reverse Curl (Cable)",,"",2,"normal",30,15,,,
"push day","8 Dec 2024, 09:26","8 Dec 2024, 10:23","","Chest Press (Machine)",,"",0,"normal",110,12,,,
"push day","8 Dec 2024, 09:26","8 Dec 2024, 10:23","","Chest Press (Machine)",,"",1,"normal",100,15,,,
"push day","8 Dec 2024, 09:26","8 Dec 2024, 10:23","","Chest Press (Machine)",,"",2,"normal",100,12,,,
"push day","8 Dec 2024, 09:26","8 Dec 2024, 10:23","","Bicep Curl (Cable)",,"",0,"normal",35,20,,,
"push day","8 Dec 2024, 09:26","8 Dec 2024, 10:23","","Bicep Curl (Cable)",,"",1,"normal",35,15,,,
"push day","8 Dec 2024, 09:26","8 Dec 2024, 10:23","","Bicep Curl (Cable)",,"",2,"normal",35,16,,,
"push day","8 Dec 2024, 09:26","8 Dec 2024, 10:23","","Incline Chest Press (Machine)",,"",0,"normal",70,12,,,
"push day","8 Dec 2024, 09:26","8 Dec 2024, 10:23","","Incline Chest Press (Machine)",,"",1,"normal",70,12,,,
"push day","8 Dec 2024, 09:26","8 Dec 2024, 10:23","","Incline Chest Press (Machine)",,"",2,"normal",70,12,,,
"push day","8 Dec 2024, 09:26","8 Dec 2024, 10:23","","Front Raise (Cable)",,"",0,"normal",25,15,,,
"push day","8 Dec 2024, 09:26","8 Dec 2024, 10:23","","Front Raise (Cable)",,"",1,"normal",25,15,,,
"push day","8 Dec 2024, 09:26","8 Dec 2024, 10:23","","Front Raise (Cable)",,"",2,"normal",20,15,,,
"push day","8 Dec 2024, 09:26","8 Dec 2024, 10:23","","Decline Bench Press (Machine)",,"",0,"normal",90,12,,,
"push day","8 Dec 2024, 09:26","8 Dec 2024, 10:23","","Decline Bench Press (Machine)",,"",1,"normal",90,12,,,
"push day","8 Dec 2024, 09:26","8 Dec 2024, 10:23","","Decline Bench Press (Machine)",,"",2,"normal",90,12,,,
"push day","8 Dec 2024, 09:26","8 Dec 2024, 10:23","","Triceps Pushdown",,"",0,"normal",40,12,,,
"push day","8 Dec 2024, 09:26","8 Dec 2024, 10:23","","Triceps Pushdown",,"",1,"normal",40,12,,,
"push day","8 Dec 2024, 09:26","8 Dec 2024, 10:23","","Triceps Pushdown",,"",2,"normal",35,15,,,
"push day","8 Dec 2024, 09:26","8 Dec 2024, 10:23","","Seated Shoulder Press (Machine)",,"",0,"normal",35,12,,,
"push day","8 Dec 2024, 09:26","8 Dec 2024, 10:23","","Seated Shoulder Press (Machine)",,"",1,"normal",35,12,,,
"push day","8 Dec 2024, 09:26","8 Dec 2024, 10:23","","Reverse Curl (Cable)",,"",0,"normal",25,15,,,
"push day","8 Dec 2024, 09:26","8 Dec 2024, 10:23","","Reverse Curl (Cable)",,"",1,"normal",25,15,,,
"pulley","7 Dec 2024, 19:18","7 Dec 2024, 20:11","","Lat Pulldown (Cable)",,"",0,"normal",110,12,,,
"pulley","7 Dec 2024, 19:18","7 Dec 2024, 20:11","","Lat Pulldown (Cable)",,"",1,"normal",110,12,,,
"pulley","7 Dec 2024, 19:18","7 Dec 2024, 20:11","","Lat Pulldown (Cable)",,"",2,"normal",100,15,,,
"pulley","7 Dec 2024, 19:18","7 Dec 2024, 20:11","","Bicep Curl (Cable)",,"",0,"normal",40,15,,,
"pulley","7 Dec 2024, 19:18","7 Dec 2024, 20:11","","Bicep Curl (Cable)",,"",1,"normal",40,12,,,
"pulley","7 Dec 2024, 19:18","7 Dec 2024, 20:11","","Bicep Curl (Cable)",,"",2,"normal",35,12,,,
"pulley","7 Dec 2024, 19:18","7 Dec 2024, 20:11","","Seated Cable Row - Bar Grip",,"",0,"normal",80,15,,,
"pulley","7 Dec 2024, 19:18","7 Dec 2024, 20:11","","Seated Cable Row - Bar Grip",,"",1,"normal",90,15,,,
"pulley","7 Dec 2024, 19:18","7 Dec 2024, 20:11","","Seated Cable Row - Bar Grip",,"",2,"normal",100,15,,,
"pulley","7 Dec 2024, 19:18","7 Dec 2024, 20:11","","Triceps Pushdown",,"",0,"normal",45,15,,,
"pulley","7 Dec 2024, 19:18","7 Dec 2024, 20:11","","Triceps Pushdown",,"",1,"normal",45,12,,,
"pulley","7 Dec 2024, 19:18","7 Dec 2024, 20:11","","Triceps Pushdown",,"",2,"normal",45,12,,,
"pulley","7 Dec 2024, 19:18","7 Dec 2024, 20:11","","Front Raise (Cable)",,"",0,"normal",20,15,,,
"pulley","7 Dec 2024, 19:18","7 Dec 2024, 20:11","","Front Raise (Cable)",,"",1,"normal",25,15,,,
"pulley","7 Dec 2024, 19:18","7 Dec 2024, 20:11","","Front Raise (Cable)",,"",2,"normal",25,15,,,
"pulley","7 Dec 2024, 19:18","7 Dec 2024, 20:11","","Reverse Curl (Cable)",,"",0,"normal",25,15,,,
"pulley","7 Dec 2024, 19:18","7 Dec 2024, 20:11","","Reverse Curl (Cable)",,"",1,"normal",25,15,,,
"pulley","7 Dec 2024, 19:18","7 Dec 2024, 20:11","","Reverse Curl (Cable)",,"",2,"normal",25,15,,,
"pulley","7 Dec 2024, 19:18","7 Dec 2024, 20:11","","Straight Arm Lat Pulldown (Cable)",,"",0,"normal",25,15,,,
"pulley","7 Dec 2024, 19:18","7 Dec 2024, 20:11","","Straight Arm Lat Pulldown (Cable)",,"",1,"normal",30,13,,,
"pulley","7 Dec 2024, 19:18","7 Dec 2024, 20:11","","Straight Arm Lat Pulldown (Cable)",,"",2,"normal",20,16,,,
"pulley","7 Dec 2024, 19:18","7 Dec 2024, 20:11","","Shrug (Cable)",,"",0,"normal",100,12,,,
"pulley","7 Dec 2024, 19:18","7 Dec 2024, 20:11","","Shrug (Cable)",,"",1,"normal",100,12,,,
"pulley","7 Dec 2024, 19:18","7 Dec 2024, 20:11","","Shrug (Cable)",,"",2,"normal",100,12,,,
"fast back","6 Dec 2024, 22:13","6 Dec 2024, 22:26","","Lat Pulldown (Cable)",,"",0,"normal",100,15,,,
"fast back","6 Dec 2024, 22:13","6 Dec 2024, 22:26","","Lat Pulldown (Cable)",,"",1,"normal",110,12,,,
"fast back","6 Dec 2024, 22:13","6 Dec 2024, 22:26","","Lat Pulldown (Cable)",,"",2,"normal",110,10,,,
"fast back","6 Dec 2024, 22:13","6 Dec 2024, 22:26","","Bent Over Row (Machine)",,"",0,"normal",70,12,,,
"fast back","6 Dec 2024, 22:13","6 Dec 2024, 22:26","","Bent Over Row (Machine)",,"",1,"normal",70,12,,,
"fast back","6 Dec 2024, 22:13","6 Dec 2024, 22:26","","Bent Over Row (Machine)",,"",2,"normal",70,12,,,
"push","2 Dec 2024, 18:13","2 Dec 2024, 19:12","","Chest Press (Machine)",,"",0,"normal",100,15,,,
"push","2 Dec 2024, 18:13","2 Dec 2024, 19:12","","Chest Press (Machine)",,"",1,"normal",110,12,,,
"push","2 Dec 2024, 18:13","2 Dec 2024, 19:12","","Chest Press (Machine)",,"",2,"normal",110,12,,,
"push","2 Dec 2024, 18:13","2 Dec 2024, 19:12","","Bicep Curl (Cable)",,"",0,"normal",40,15,,,
"push","2 Dec 2024, 18:13","2 Dec 2024, 19:12","","Bicep Curl (Cable)",,"",1,"normal",40,12,,,
"push","2 Dec 2024, 18:13","2 Dec 2024, 19:12","","Bicep Curl (Cable)",,"",2,"normal",30,20,,,
"push","2 Dec 2024, 18:13","2 Dec 2024, 19:12","","Incline Chest Press (Machine)",,"",0,"normal",80,15,,,
"push","2 Dec 2024, 18:13","2 Dec 2024, 19:12","","Incline Chest Press (Machine)",,"",1,"normal",90,12,,,
"push","2 Dec 2024, 18:13","2 Dec 2024, 19:12","","Incline Chest Press (Machine)",,"",2,"normal",90,12,,,
"push","2 Dec 2024, 18:13","2 Dec 2024, 19:12","","Front Raise (Cable)",,"",0,"normal",25,12,,,
"push","2 Dec 2024, 18:13","2 Dec 2024, 19:12","","Front Raise (Cable)",,"",1,"normal",25,15,,,
"push","2 Dec 2024, 18:13","2 Dec 2024, 19:12","","Front Raise (Cable)",,"",2,"normal",25,12,,,
"push","2 Dec 2024, 18:13","2 Dec 2024, 19:12","","Decline Bench Press (Machine)",,"",0,"normal",90,12,,,
"push","2 Dec 2024, 18:13","2 Dec 2024, 19:12","","Decline Bench Press (Machine)",,"",1,"normal",90,10,,,
"push","2 Dec 2024, 18:13","2 Dec 2024, 19:12","","Decline Bench Press (Machine)",,"",2,"normal",90,12,,,
"push","2 Dec 2024, 18:13","2 Dec 2024, 19:12","","Triceps Pushdown",,"",0,"normal",40,15,,,
"push","2 Dec 2024, 18:13","2 Dec 2024, 19:12","","Triceps Pushdown",,"",1,"normal",45,12,,,
"push","2 Dec 2024, 18:13","2 Dec 2024, 19:12","","Triceps Pushdown",,"",2,"normal",45,12,,,
"push","2 Dec 2024, 18:13","2 Dec 2024, 19:12","","Reverse Curl (Cable)",,"",0,"normal",15,20,,,
"push","2 Dec 2024, 18:13","2 Dec 2024, 19:12","","Reverse Curl (Cable)",,"",1,"normal",20,15,,,
"push","2 Dec 2024, 18:13","2 Dec 2024, 19:12","","Reverse Curl (Cable)",,"",2,"normal",25,15,,,
"push","2 Dec 2024, 18:13","2 Dec 2024, 19:12","","Seated Shoulder Press (Machine)",,"",0,"normal",35,15,,,
"push","2 Dec 2024, 18:13","2 Dec 2024, 19:12","","Seated Shoulder Press (Machine)",,"",1,"normal",40,12,,,
"push","2 Dec 2024, 18:13","2 Dec 2024, 19:12","","Seated Shoulder Press (Machine)",,"",2,"normal",45,10,,,
"push","2 Dec 2024, 18:13","2 Dec 2024, 19:12","","Shrug (Cable)",,"",0,"normal",100,12,,,
"push","2 Dec 2024, 18:13","2 Dec 2024, 19:12","","Shrug (Cable)",,"",1,"normal",100,12,,,
"push","2 Dec 2024, 18:13","2 Dec 2024, 19:12","","Shrug (Cable)",,"",2,"normal",100,12,,,
"bit of everything except legs","1 Dec 2024, 20:23","1 Dec 2024, 21:11","","Bicep Curl (Cable)",,"",0,"normal",35,15,,,
"bit of everything except legs","1 Dec 2024, 20:23","1 Dec 2024, 21:11","","Bicep Curl (Cable)",,"",1,"normal",40,12,,,
"bit of everything except legs","1 Dec 2024, 20:23","1 Dec 2024, 21:11","","Bicep Curl (Cable)",,"",2,"normal",40,12,,,
"bit of everything except legs","1 Dec 2024, 20:23","1 Dec 2024, 21:11","","Seated Cable Row - Bar Grip",,"",0,"normal",80,15,,,
"bit of everything except legs","1 Dec 2024, 20:23","1 Dec 2024, 21:11","","Seated Cable Row - Bar Grip",,"",1,"normal",90,15,,,
"bit of everything except legs","1 Dec 2024, 20:23","1 Dec 2024, 21:11","","Seated Cable Row - Bar Grip",,"",2,"normal",100,12,,,
"bit of everything except legs","1 Dec 2024, 20:23","1 Dec 2024, 21:11","","Front Raise (Cable)",,"",0,"normal",20,15,,,
"bit of everything except legs","1 Dec 2024, 20:23","1 Dec 2024, 21:11","","Front Raise (Cable)",,"",1,"normal",25,12,,,
"bit of everything except legs","1 Dec 2024, 20:23","1 Dec 2024, 21:11","","Front Raise (Cable)",,"",2,"normal",25,12,,,
"bit of everything except legs","1 Dec 2024, 20:23","1 Dec 2024, 21:11","","Chest Press (Machine)",,"",0,"normal",80,15,,,
"bit of everything except legs","1 Dec 2024, 20:23","1 Dec 2024, 21:11","","Chest Press (Machine)",,"",1,"normal",100,12,,,
"bit of everything except legs","1 Dec 2024, 20:23","1 Dec 2024, 21:11","","Chest Press (Machine)",,"",2,"normal",110,7,,,
"bit of everything except legs","1 Dec 2024, 20:23","1 Dec 2024, 21:11","","Triceps Pushdown",,"",0,"normal",40,15,,,
"bit of everything except legs","1 Dec 2024, 20:23","1 Dec 2024, 21:11","","Triceps Pushdown",,"",1,"normal",40,15,,,
"bit of everything except legs","1 Dec 2024, 20:23","1 Dec 2024, 21:11","","Triceps Pushdown",,"",2,"normal",40,12,,,
"bit of everything except legs","1 Dec 2024, 20:23","1 Dec 2024, 21:11","","Incline Chest Press (Machine)",,"",0,"normal",80,12,,,
"bit of everything except legs","1 Dec 2024, 20:23","1 Dec 2024, 21:11","","Incline Chest Press (Machine)",,"",1,"normal",80,12,,,
"bit of everything except legs","1 Dec 2024, 20:23","1 Dec 2024, 21:11","","Incline Chest Press (Machine)",,"",2,"normal",90,10,,,
"bit of everything except legs","1 Dec 2024, 20:23","1 Dec 2024, 21:11","","Shrug (Cable)",,"",0,"normal",90,12,,,
"bit of everything except legs","1 Dec 2024, 20:23","1 Dec 2024, 21:11","","Shrug (Cable)",,"",1,"normal",90,12,,,
"bit of everything except legs","1 Dec 2024, 20:23","1 Dec 2024, 21:11","","Shrug (Cable)",,"",2,"normal",100,10,,,
"pull but i hurt my back mid row","26 Nov 2024, 18:20","26 Nov 2024, 18:59","","Lat Pulldown (Cable)",,"",0,"normal",100,12,,,
"pull but i hurt my back mid row","26 Nov 2024, 18:20","26 Nov 2024, 18:59","","Lat Pulldown (Cable)",,"",1,"normal",100,10,,,
"pull but i hurt my back mid row","26 Nov 2024, 18:20","26 Nov 2024, 18:59","","Lat Pulldown (Cable)",,"",2,"normal",90,12,,,
"pull but i hurt my back mid row","26 Nov 2024, 18:20","26 Nov 2024, 18:59","","Bicep Curl (Cable)",,"",0,"normal",35,15,,,
"pull but i hurt my back mid row","26 Nov 2024, 18:20","26 Nov 2024, 18:59","","Bicep Curl (Cable)",,"",1,"normal",35,15,,,
"pull but i hurt my back mid row","26 Nov 2024, 18:20","26 Nov 2024, 18:59","","Bicep Curl (Cable)",,"",2,"normal",35,15,,,
"pull but i hurt my back mid row","26 Nov 2024, 18:20","26 Nov 2024, 18:59","","Triceps Pushdown",,"",0,"normal",40,15,,,
"pull but i hurt my back mid row","26 Nov 2024, 18:20","26 Nov 2024, 18:59","","Triceps Pushdown",,"",1,"normal",40,15,,,
"pull but i hurt my back mid row","26 Nov 2024, 18:20","26 Nov 2024, 18:59","","Triceps Pushdown",,"",2,"normal",40,15,,,
"pull but i hurt my back mid row","26 Nov 2024, 18:20","26 Nov 2024, 18:59","","Seated Cable Row - Bar Grip",,"",0,"normal",80,12,,,
"pull but i hurt my back mid row","26 Nov 2024, 18:20","26 Nov 2024, 18:59","","Front Raise (Cable)",,"",0,"normal",20,15,,,
"pull but i hurt my back mid row","26 Nov 2024, 18:20","26 Nov 2024, 18:59","","Front Raise (Cable)",,"",1,"normal",25,12,,,
"pull but i hurt my back mid row","26 Nov 2024, 18:20","26 Nov 2024, 18:59","","Front Raise (Cable)",,"",2,"normal",20,15,,,
"pull but i hurt my back mid row","26 Nov 2024, 18:20","26 Nov 2024, 18:59","","Shrug (Cable)",,"",0,"normal",70,15,,,
"pull but i hurt my back mid row","26 Nov 2024, 18:20","26 Nov 2024, 18:59","","Shrug (Cable)",,"",1,"normal",80,15,,,
"pull but i hurt my back mid row","26 Nov 2024, 18:20","26 Nov 2024, 18:59","","Shrug (Cable)",,"",2,"normal",90,15,,,
"push","20 Nov 2024, 21:23","20 Nov 2024, 22:10","","Chest Press (Machine)",,"",0,"normal",90,15,,,
"push","20 Nov 2024, 21:23","20 Nov 2024, 22:10","","Chest Press (Machine)",,"",1,"normal",100,15,,,
"push","20 Nov 2024, 21:23","20 Nov 2024, 22:10","","Chest Press (Machine)",,"",2,"normal",110,10,,,
"push","20 Nov 2024, 21:23","20 Nov 2024, 22:10","","Bicep Curl (Cable)",,"",0,"normal",35,15,,,
"push","20 Nov 2024, 21:23","20 Nov 2024, 22:10","","Bicep Curl (Cable)",,"",1,"normal",35,15,,,
"push","20 Nov 2024, 21:23","20 Nov 2024, 22:10","","Bicep Curl (Cable)",,"",2,"normal",35,15,,,
"push","20 Nov 2024, 21:23","20 Nov 2024, 22:10","","Incline Chest Press (Machine)",,"",0,"normal",70,12,,,
"push","20 Nov 2024, 21:23","20 Nov 2024, 22:10","","Incline Chest Press (Machine)",,"",1,"normal",70,12,,,
"push","20 Nov 2024, 21:23","20 Nov 2024, 22:10","","Incline Chest Press (Machine)",,"",2,"normal",70,12,,,
"push","20 Nov 2024, 21:23","20 Nov 2024, 22:10","","Front Raise (Cable)",,"",0,"normal",15,15,,,
"push","20 Nov 2024, 21:23","20 Nov 2024, 22:10","","Front Raise (Cable)",,"",1,"normal",20,15,,,
"push","20 Nov 2024, 21:23","20 Nov 2024, 22:10","","Front Raise (Cable)",,"",2,"normal",20,15,,,
"push","20 Nov 2024, 21:23","20 Nov 2024, 22:10","","Decline Bench Press (Machine)",,"",0,"normal",90,12,,,
"push","20 Nov 2024, 21:23","20 Nov 2024, 22:10","","Decline Bench Press (Machine)",,"",1,"normal",90,15,,,
"push","20 Nov 2024, 21:23","20 Nov 2024, 22:10","","Decline Bench Press (Machine)",,"",2,"normal",100,12,,,
"push","20 Nov 2024, 21:23","20 Nov 2024, 22:10","","Triceps Pushdown",,"",0,"normal",40,12,,,
"push","20 Nov 2024, 21:23","20 Nov 2024, 22:10","","Triceps Pushdown",,"",1,"normal",45,12,,,
"push","20 Nov 2024, 21:23","20 Nov 2024, 22:10","","Triceps Pushdown",,"",2,"normal",40,15,,,
"quick pull","12 Nov 2024, 18:33","12 Nov 2024, 19:10","","Lat Pulldown (Cable)",,"",0,"normal",90,12,,,
"quick pull","12 Nov 2024, 18:33","12 Nov 2024, 19:10","","Lat Pulldown (Cable)",,"",1,"normal",100,8,,,
"quick pull","12 Nov 2024, 18:33","12 Nov 2024, 19:10","","Lat Pulldown (Cable)",,"",2,"normal",90,12,,,
"quick pull","12 Nov 2024, 18:33","12 Nov 2024, 19:10","","Lat Pulldown (Cable)",,"",3,"normal",80,12,,,
"quick pull","12 Nov 2024, 18:33","12 Nov 2024, 19:10","","Bicep Curl (Cable)",,"",0,"normal",35,15,,,
"quick pull","12 Nov 2024, 18:33","12 Nov 2024, 19:10","","Bicep Curl (Cable)",,"",1,"normal",35,15,,,
"quick pull","12 Nov 2024, 18:33","12 Nov 2024, 19:10","","Bicep Curl (Cable)",,"",2,"normal",35,8,,,
"quick pull","12 Nov 2024, 18:33","12 Nov 2024, 19:10","","Straight Arm Lat Pulldown (Cable)",,"",0,"normal",25,15,,,
"quick pull","12 Nov 2024, 18:33","12 Nov 2024, 19:10","","Straight Arm Lat Pulldown (Cable)",,"",1,"normal",30,12,,,
"quick pull","12 Nov 2024, 18:33","12 Nov 2024, 19:10","","Straight Arm Lat Pulldown (Cable)",,"",2,"normal",30,10,,,
"quick pull","12 Nov 2024, 18:33","12 Nov 2024, 19:10","","Front Raise (Cable)",,"",0,"normal",15,15,,,
"quick pull","12 Nov 2024, 18:33","12 Nov 2024, 19:10","","Front Raise (Cable)",,"",1,"normal",15,15,,,
"quick pull","12 Nov 2024, 18:33","12 Nov 2024, 19:10","","Front Raise (Cable)",,"",2,"normal",20,15,,,
"quick pull","12 Nov 2024, 18:33","12 Nov 2024, 19:10","","Bent Over Row (Machine)",,"",0,"normal",70,12,,,
"quick pull","12 Nov 2024, 18:33","12 Nov 2024, 19:10","","Bent Over Row (Machine)",,"",1,"normal",70,12,,,
"quick pull","12 Nov 2024, 18:33","12 Nov 2024, 19:10","","Seated Cable Row - Bar Grip",,"",0,"normal",70,15,,,
"quick pull","12 Nov 2024, 18:33","12 Nov 2024, 19:10","","Seated Cable Row - Bar Grip",,"",1,"normal",80,12,,,
"quick chest and arms","11 Nov 2024, 18:20","11 Nov 2024, 19:06","","Chest Press (Machine)",,"",0,"normal",80,15,,,
"quick chest and arms","11 Nov 2024, 18:20","11 Nov 2024, 19:06","","Chest Press (Machine)",,"",1,"normal",90,12,,,
"quick chest and arms","11 Nov 2024, 18:20","11 Nov 2024, 19:06","","Chest Press (Machine)",,"",2,"normal",90,12,,,
"quick chest and arms","11 Nov 2024, 18:20","11 Nov 2024, 19:06","","Bicep Curl (Cable)",,"",0,"normal",35,15,,,
"quick chest and arms","11 Nov 2024, 18:20","11 Nov 2024, 19:06","","Bicep Curl (Cable)",,"",1,"normal",35,15,,,
"quick chest and arms","11 Nov 2024, 18:20","11 Nov 2024, 19:06","","Bicep Curl (Cable)",,"",2,"normal",35,15,,,
"quick chest and arms","11 Nov 2024, 18:20","11 Nov 2024, 19:06","","Triceps Pushdown",,"",0,"normal",40,12,,,
"quick chest and arms","11 Nov 2024, 18:20","11 Nov 2024, 19:06","","Triceps Pushdown",,"",1,"normal",45,12,,,
"quick chest and arms","11 Nov 2024, 18:20","11 Nov 2024, 19:06","","Triceps Pushdown",,"",2,"normal",40,15,,,
"quick chest and arms","11 Nov 2024, 18:20","11 Nov 2024, 19:06","","Front Raise (Cable)",,"",0,"normal",15,15,,,
"quick chest and arms","11 Nov 2024, 18:20","11 Nov 2024, 19:06","","Front Raise (Cable)",,"",1,"normal",20,12,,,
"quick chest and arms","11 Nov 2024, 18:20","11 Nov 2024, 19:06","","Front Raise (Cable)",,"",2,"normal",20,15,,,
"quick chest and arms","11 Nov 2024, 18:20","11 Nov 2024, 19:06","","Incline Chest Press (Machine)",,"",0,"normal",70,12,,,
"quick chest and arms","11 Nov 2024, 18:20","11 Nov 2024, 19:06","","Incline Chest Press (Machine)",,"",1,"normal",70,12,,,
"quick chest and arms","11 Nov 2024, 18:20","11 Nov 2024, 19:06","","Decline Bench Press (Machine)",,"",0,"normal",100,12,,,
"quick chest and arms","11 Nov 2024, 18:20","11 Nov 2024, 19:06","","Decline Bench Press (Machine)",,"",1,"normal",100,8,,,
"pull","30 Oct 2024, 19:00","30 Oct 2024, 19:50","","Lat Pulldown (Cable)",,"",0,"normal",100,12,,,
"pull","30 Oct 2024, 19:00","30 Oct 2024, 19:50","","Lat Pulldown (Cable)",,"",1,"normal",100,8,,,
"pull","30 Oct 2024, 19:00","30 Oct 2024, 19:50","","Lat Pulldown (Cable)",,"",2,"normal",80,12,,,
"pull","30 Oct 2024, 19:00","30 Oct 2024, 19:50","","Lat Pulldown (Cable)",,"",3,"normal",80,12,,,
"pull","30 Oct 2024, 19:00","30 Oct 2024, 19:50","","Bicep Curl (Cable)",,"",0,"normal",40,10,,,
"pull","30 Oct 2024, 19:00","30 Oct 2024, 19:50","","Bicep Curl (Cable)",,"",1,"normal",35,12,,,
"pull","30 Oct 2024, 19:00","30 Oct 2024, 19:50","","Bicep Curl (Cable)",,"",2,"normal",35,12,,,
"pull","30 Oct 2024, 19:00","30 Oct 2024, 19:50","","Bicep Curl (Cable)",,"",3,"normal",35,8,,,
"pull","30 Oct 2024, 19:00","30 Oct 2024, 19:50","","Straight Arm Lat Pulldown (Cable)",,"",0,"normal",25,12,,,
"pull","30 Oct 2024, 19:00","30 Oct 2024, 19:50","","Straight Arm Lat Pulldown (Cable)",,"",1,"normal",25,8,,,
"pull","30 Oct 2024, 19:00","30 Oct 2024, 19:50","","Decline Bench Press (Machine)",,"",0,"normal",100,12,,,
"pull","30 Oct 2024, 19:00","30 Oct 2024, 19:50","","Decline Bench Press (Machine)",,"",1,"normal",100,12,,,
"pull","30 Oct 2024, 19:00","30 Oct 2024, 19:50","","Decline Bench Press (Machine)",,"",2,"normal",100,12,,,
"pull","30 Oct 2024, 19:00","30 Oct 2024, 19:50","","Front Raise (Cable)",,"",0,"normal",15,15,,,
"pull","30 Oct 2024, 19:00","30 Oct 2024, 19:50","","Front Raise (Cable)",,"",1,"normal",15,15,,,
"pull","30 Oct 2024, 19:00","30 Oct 2024, 19:50","","Front Raise (Cable)",,"",2,"normal",15,15,,,
"pull","30 Oct 2024, 19:00","30 Oct 2024, 19:50","","Seated Cable Row - Bar Grip",,"",0,"normal",60,15,,,
"pull","30 Oct 2024, 19:00","30 Oct 2024, 19:50","","Seated Cable Row - Bar Grip",,"",1,"normal",60,15,,,
"pull","30 Oct 2024, 19:00","30 Oct 2024, 19:50","","Seated Cable Row - Bar Grip",,"",2,"normal",70,15,,,
"pull","30 Oct 2024, 19:00","30 Oct 2024, 19:50","","Seated Cable Row - Bar Grip",,"",3,"normal",70,15,,,
"push","27 Oct 2024, 12:26","27 Oct 2024, 13:21","","Chest Press (Machine)",,"",0,"normal",80,12,,,
"push","27 Oct 2024, 12:26","27 Oct 2024, 13:21","","Chest Press (Machine)",,"",1,"normal",90,8,,,
"push","27 Oct 2024, 12:26","27 Oct 2024, 13:21","","Chest Press (Machine)",,"",2,"normal",90,12,,,
"push","27 Oct 2024, 12:26","27 Oct 2024, 13:21","","Chest Press (Machine)",,"",3,"normal",90,12,,,
"push","27 Oct 2024, 12:26","27 Oct 2024, 13:21","","Bicep Curl (Cable)",,"",0,"normal",35,12,,,
"push","27 Oct 2024, 12:26","27 Oct 2024, 13:21","","Bicep Curl (Cable)",,"",1,"normal",35,12,,,
"push","27 Oct 2024, 12:26","27 Oct 2024, 13:21","","Bicep Curl (Cable)",,"",2,"normal",35,12,,,
"push","27 Oct 2024, 12:26","27 Oct 2024, 13:21","","Decline Bench Press (Machine)",,"",0,"normal",70,12,,,
"push","27 Oct 2024, 12:26","27 Oct 2024, 13:21","","Decline Bench Press (Machine)",,"",1,"normal",80,12,,,
"push","27 Oct 2024, 12:26","27 Oct 2024, 13:21","","Decline Bench Press (Machine)",,"",2,"normal",90,12,,,
"push","27 Oct 2024, 12:26","27 Oct 2024, 13:21","","Decline Bench Press (Machine)",,"",3,"normal",100,10,,,
"push","27 Oct 2024, 12:26","27 Oct 2024, 13:21","","Triceps Pushdown",,"",0,"normal",40,12,,,
"push","27 Oct 2024, 12:26","27 Oct 2024, 13:21","","Triceps Pushdown",,"",1,"normal",40,12,,,
"push","27 Oct 2024, 12:26","27 Oct 2024, 13:21","","Triceps Pushdown",,"",2,"normal",40,12,,,
"push","27 Oct 2024, 12:26","27 Oct 2024, 13:21","","Front Raise (Cable)",,"",0,"normal",10,15,,,
"push","27 Oct 2024, 12:26","27 Oct 2024, 13:21","","Front Raise (Cable)",,"",1,"normal",15,15,,,
"push","27 Oct 2024, 12:26","27 Oct 2024, 13:21","","Front Raise (Cable)",,"",2,"normal",15,15,,,
"push","27 Oct 2024, 12:26","27 Oct 2024, 13:21","","Incline Chest Press (Machine)",,"",0,"normal",70,15,,,
"push","27 Oct 2024, 12:26","27 Oct 2024, 13:21","","Incline Chest Press (Machine)",,"",1,"normal",80,12,,,
"push","27 Oct 2024, 12:26","27 Oct 2024, 13:21","","Incline Chest Press (Machine)",,"",2,"normal",80,6,,,
"back, shoulders, bicep","25 Oct 2024, 18:14","25 Oct 2024, 19:03","pre workout goes crazy only half scoop too","Lat Pulldown (Cable)",,"",0,"normal",90,12,,,
"back, shoulders, bicep","25 Oct 2024, 18:14","25 Oct 2024, 19:03","pre workout goes crazy only half scoop too","Lat Pulldown (Cable)",,"",1,"normal",100,8,,,
"back, shoulders, bicep","25 Oct 2024, 18:14","25 Oct 2024, 19:03","pre workout goes crazy only half scoop too","Lat Pulldown (Cable)",,"",2,"normal",80,12,,,
"back, shoulders, bicep","25 Oct 2024, 18:14","25 Oct 2024, 19:03","pre workout goes crazy only half scoop too","Lat Pulldown (Cable)",,"",3,"normal",80,10,,,
"back, shoulders, bicep","25 Oct 2024, 18:14","25 Oct 2024, 19:03","pre workout goes crazy only half scoop too","Bicep Curl (Cable)",,"",0,"normal",30,12,,,
"back, shoulders, bicep","25 Oct 2024, 18:14","25 Oct 2024, 19:03","pre workout goes crazy only half scoop too","Bicep Curl (Cable)",,"",1,"normal",35,10,,,
"back, shoulders, bicep","25 Oct 2024, 18:14","25 Oct 2024, 19:03","pre workout goes crazy only half scoop too","Bicep Curl (Cable)",,"",2,"normal",30,12,,,
"back, shoulders, bicep","25 Oct 2024, 18:14","25 Oct 2024, 19:03","pre workout goes crazy only half scoop too","Bicep Curl (Cable)",,"",3,"normal",30,12,,,
"back, shoulders, bicep","25 Oct 2024, 18:14","25 Oct 2024, 19:03","pre workout goes crazy only half scoop too","Straight Arm Lat Pulldown (Cable)",,"",0,"normal",40,8,,,
"back, shoulders, bicep","25 Oct 2024, 18:14","25 Oct 2024, 19:03","pre workout goes crazy only half scoop too","Straight Arm Lat Pulldown (Cable)",,"",1,"normal",30,8,,,
"back, shoulders, bicep","25 Oct 2024, 18:14","25 Oct 2024, 19:03","pre workout goes crazy only half scoop too","Decline Bench Press (Machine)",,"",0,"normal",50,25,,,
"back, shoulders, bicep","25 Oct 2024, 18:14","25 Oct 2024, 19:03","pre workout goes crazy only half scoop too","Decline Bench Press (Machine)",,"",1,"normal",70,15,,,
"back, shoulders, bicep","25 Oct 2024, 18:14","25 Oct 2024, 19:03","pre workout goes crazy only half scoop too","Decline Bench Press (Machine)",,"",2,"normal",80,12,,,
"back, shoulders, bicep","25 Oct 2024, 18:14","25 Oct 2024, 19:03","pre workout goes crazy only half scoop too","Front Raise (Cable)",,"",0,"normal",10,15,,,
"back, shoulders, bicep","25 Oct 2024, 18:14","25 Oct 2024, 19:03","pre workout goes crazy only half scoop too","Front Raise (Cable)",,"",1,"normal",15,15,,,
"back, shoulders, bicep","25 Oct 2024, 18:14","25 Oct 2024, 19:03","pre workout goes crazy only half scoop too","Front Raise (Cable)",,"",2,"normal",15,15,,,
"back, shoulders, bicep","25 Oct 2024, 18:14","25 Oct 2024, 19:03","pre workout goes crazy only half scoop too","Upright Row (Cable)",,"",0,"normal",40,15,,,
"back, shoulders, bicep","25 Oct 2024, 18:14","25 Oct 2024, 19:03","pre workout goes crazy only half scoop too","Upright Row (Cable)",,"",1,"normal",50,15,,,
"back, shoulders, bicep","25 Oct 2024, 18:14","25 Oct 2024, 19:03","pre workout goes crazy only half scoop too","Upright Row (Cable)",,"",2,"normal",60,12,,,
"back, shoulders, bicep","25 Oct 2024, 18:14","25 Oct 2024, 19:03","pre workout goes crazy only half scoop too","Seated Cable Row - Bar Grip",,"",0,"normal",60,15,,,
"back, shoulders, bicep","25 Oct 2024, 18:14","25 Oct 2024, 19:03","pre workout goes crazy only half scoop too","Seated Cable Row - Bar Grip",,"",1,"normal",60,12,,,
"back, shoulders, bicep","25 Oct 2024, 18:14","25 Oct 2024, 19:03","pre workout goes crazy only half scoop too","Shrug (Cable)",,"",0,"normal",60,15,,,
"back, shoulders, bicep","25 Oct 2024, 18:14","25 Oct 2024, 19:03","pre workout goes crazy only half scoop too","Shrug (Cable)",,"",1,"normal",70,15,,,
"back, shoulders, bicep","25 Oct 2024, 18:14","25 Oct 2024, 19:03","pre workout goes crazy only half scoop too","Shrug (Cable)",,"",2,"normal",80,15,,,
"back, shoulders, bicep","25 Oct 2024, 18:14","25 Oct 2024, 19:03","pre workout goes crazy only half scoop too","Seated Shoulder Press (Machine)",,"",0,"normal",35,20,,,
"back, shoulders, bicep","25 Oct 2024, 18:14","25 Oct 2024, 19:03","pre workout goes crazy only half scoop too","Seated Shoulder Press (Machine)",,"",1,"normal",40,15,,,
"back, shoulders, bicep","25 Oct 2024, 18:14","25 Oct 2024, 19:03","pre workout goes crazy only half scoop too","Seated Shoulder Press (Machine)",,"",2,"normal",45,12,,,
"quick pull day","24 Oct 2024, 12:12","24 Oct 2024, 12:31","gym was busy (had 4 ppl)","Bicep Curl (Cable)",,"",0,"normal",25,15,,,
"quick pull day","24 Oct 2024, 12:12","24 Oct 2024, 12:31","gym was busy (had 4 ppl)","Bicep Curl (Cable)",,"",1,"normal",30,12,,,
"quick pull day","24 Oct 2024, 12:12","24 Oct 2024, 12:31","gym was busy (had 4 ppl)","Bicep Curl (Cable)",,"",2,"normal",30,12,,,
"quick pull day","24 Oct 2024, 12:12","24 Oct 2024, 12:31","gym was busy (had 4 ppl)","Bicep Curl (Cable)",,"",3,"normal",25,15,,,
"quick pull day","24 Oct 2024, 12:12","24 Oct 2024, 12:31","gym was busy (had 4 ppl)","Seated Cable Row - Bar Grip",,"",0,"normal",50,16,,,
"quick pull day","24 Oct 2024, 12:12","24 Oct 2024, 12:31","gym was busy (had 4 ppl)","Seated Cable Row - Bar Grip",,"",1,"normal",60,15,,,
"quick pull day","24 Oct 2024, 12:12","24 Oct 2024, 12:31","gym was busy (had 4 ppl)","Seated Cable Row - Bar Grip",,"",2,"normal",70,12,,,
"quick pull day","24 Oct 2024, 12:12","24 Oct 2024, 12:31","gym was busy (had 4 ppl)","Seated Cable Row - Bar Grip",,"",3,"normal",70,12,,,
"quick pull day","24 Oct 2024, 12:12","24 Oct 2024, 12:31","gym was busy (had 4 ppl)","Air Bike",,"",0,"normal",,,,187,
"push","20 Oct 2024, 22:05","20 Oct 2024, 22:50","","Chest Press (Machine)",,"",0,"normal",80,12,,,
"push","20 Oct 2024, 22:05","20 Oct 2024, 22:50","","Chest Press (Machine)",,"",1,"normal",90,12,,,
"push","20 Oct 2024, 22:05","20 Oct 2024, 22:50","","Chest Press (Machine)",,"",2,"normal",90,12,,,
"push","20 Oct 2024, 22:05","20 Oct 2024, 22:50","","Incline Chest Press (Machine)",,"",0,"normal",70,12,,,
"push","20 Oct 2024, 22:05","20 Oct 2024, 22:50","","Incline Chest Press (Machine)",,"",1,"normal",80,12,,,
"push","20 Oct 2024, 22:05","20 Oct 2024, 22:50","","Incline Chest Press (Machine)",,"",2,"normal",80,12,,,
"push","20 Oct 2024, 22:05","20 Oct 2024, 22:50","","Seated Shoulder Press (Machine)",,"",0,"normal",40,8,,,
"push","20 Oct 2024, 22:05","20 Oct 2024, 22:50","","Seated Shoulder Press (Machine)",,"",1,"normal",35,12,,,
"push","20 Oct 2024, 22:05","20 Oct 2024, 22:50","","Seated Shoulder Press (Machine)",,"",2,"normal",35,15,,,
"push","20 Oct 2024, 22:05","20 Oct 2024, 22:50","","Triceps Pushdown",,"",0,"normal",40,12,,,
"push","20 Oct 2024, 22:05","20 Oct 2024, 22:50","","Triceps Pushdown",,"",1,"normal",40,10,,,
"push","20 Oct 2024, 22:05","20 Oct 2024, 22:50","","Triceps Pushdown",,"",2,"normal",35,12,,,
"push","20 Oct 2024, 22:05","20 Oct 2024, 22:50","","Front Raise (Cable)",,"",0,"normal",20,10,,,
"push","20 Oct 2024, 22:05","20 Oct 2024, 22:50","","Front Raise (Cable)",,"",1,"normal",15,12,,,
"push","20 Oct 2024, 22:05","20 Oct 2024, 22:50","","Treadmill",,"15 incline : 3.5 speed",0,"normal",,,0.3,300,
"quick pull while working remote","10 Oct 2024, 13:04","10 Oct 2024, 13:19","","Lat Pulldown (Cable)",,"",0,"normal",80,12,,,
"quick pull while working remote","10 Oct 2024, 13:04","10 Oct 2024, 13:19","","Lat Pulldown (Cable)",,"",1,"normal",90,12,,,
"quick pull while working remote","10 Oct 2024, 13:04","10 Oct 2024, 13:19","","Lat Pulldown (Cable)",,"",2,"normal",90,8,,,
"quick pull while working remote","10 Oct 2024, 13:04","10 Oct 2024, 13:19","","Upright Row (Cable)",,"",0,"normal",60,12,,,
"quick pull while working remote","10 Oct 2024, 13:04","10 Oct 2024, 13:19","","Upright Row (Cable)",,"",1,"normal",60,12,,,
"quick pull while working remote","10 Oct 2024, 13:04","10 Oct 2024, 13:19","","Upright Row (Cable)",,"",2,"normal",60,12,,,
"quick pull while working remote","10 Oct 2024, 13:04","10 Oct 2024, 13:19","","Seated Cable Row - Bar Grip",,"",0,"normal",60,12,,,
"quick pull while working remote","10 Oct 2024, 13:04","10 Oct 2024, 13:19","","Seated Cable Row - Bar Grip",,"",1,"normal",50,12,,,
"quick pull while working remote","10 Oct 2024, 13:04","10 Oct 2024, 13:19","","Bicep Curl (Cable)",,"",0,"normal",25,12,,,
"push day with cardio, one machine","8 Oct 2024, 18:07","8 Oct 2024, 19:10","f","Chest Press (Machine)",,"",0,"normal",80,15,,,
"push day with cardio, one machine","8 Oct 2024, 18:07","8 Oct 2024, 19:10","f","Chest Press (Machine)",,"",1,"normal",90,12,,,
"push day with cardio, one machine","8 Oct 2024, 18:07","8 Oct 2024, 19:10","f","Chest Press (Machine)",,"",2,"normal",90,12,,,
"push day with cardio, one machine","8 Oct 2024, 18:07","8 Oct 2024, 19:10","f","Incline Chest Press (Machine)",,"",0,"normal",70,12,,,
"push day with cardio, one machine","8 Oct 2024, 18:07","8 Oct 2024, 19:10","f","Incline Chest Press (Machine)",,"",1,"normal",70,12,,,
"push day with cardio, one machine","8 Oct 2024, 18:07","8 Oct 2024, 19:10","f","Incline Chest Press (Machine)",,"",2,"normal",80,6,,,
"push day with cardio, one machine","8 Oct 2024, 18:07","8 Oct 2024, 19:10","f","Incline Chest Press (Machine)",,"",3,"normal",60,8,,,
"push day with cardio, one machine","8 Oct 2024, 18:07","8 Oct 2024, 19:10","f","Seated Shoulder Press (Machine)",,"",0,"normal",35,15,,,
"push day with cardio, one machine","8 Oct 2024, 18:07","8 Oct 2024, 19:10","f","Seated Shoulder Press (Machine)",,"",1,"normal",45,9,,,
"push day with cardio, one machine","8 Oct 2024, 18:07","8 Oct 2024, 19:10","f","Seated Shoulder Press (Machine)",,"",2,"normal",45,15,,,
"push day with cardio, one machine","8 Oct 2024, 18:07","8 Oct 2024, 19:10","f","Triceps Pushdown",,"",0,"normal",30,15,,,
"push day with cardio, one machine","8 Oct 2024, 18:07","8 Oct 2024, 19:10","f","Triceps Pushdown",,"",1,"normal",40,8,,,
"push day with cardio, one machine","8 Oct 2024, 18:07","8 Oct 2024, 19:10","f","Triceps Pushdown",,"",2,"normal",35,12,,,
"push day with cardio, one machine","8 Oct 2024, 18:07","8 Oct 2024, 19:10","f","Triceps Pushdown",,"",3,"normal",25,15,,,
"push day with cardio, one machine","8 Oct 2024, 18:07","8 Oct 2024, 19:10","f","Shrug (Cable)",,"",0,"normal",100,5,,,
"push day with cardio, one machine","8 Oct 2024, 18:07","8 Oct 2024, 19:10","f","Shrug (Cable)",,"",1,"normal",50,15,,,
"push day with cardio, one machine","8 Oct 2024, 18:07","8 Oct 2024, 19:10","f","Shrug (Cable)",,"",2,"normal",70,12,,,
"push day with cardio, one machine","8 Oct 2024, 18:07","8 Oct 2024, 19:10","f","Decline Crunch",,"",0,"normal",,15,,,
"push day with cardio, one machine","8 Oct 2024, 18:07","8 Oct 2024, 19:10","f","Treadmill",,"15 incline : 3 speed",0,"normal",,,2,605,
"quick workout at condo gym","7 Oct 2024, 21:37","7 Oct 2024, 21:48","","Lat Pulldown (Cable)",,"",0,"normal",80,12,,,
"quick workout at condo gym","7 Oct 2024, 21:37","7 Oct 2024, 21:48","","Lat Pulldown (Cable)",,"",1,"normal",90,12,,,
"quick workout at condo gym","7 Oct 2024, 21:37","7 Oct 2024, 21:48","","Lat Pulldown (Cable)",,"",2,"normal",90,6,,,
"quick workout at condo gym","7 Oct 2024, 21:37","7 Oct 2024, 21:48","","Seated Shoulder Press (Machine)",,"",0,"normal",50,20,,,
"quick workout at condo gym","7 Oct 2024, 21:37","7 Oct 2024, 21:48","","Incline Chest Press (Machine)",,"",0,"normal",70,15,,,
"quick workout at condo gym","7 Oct 2024, 21:37","7 Oct 2024, 21:48","","Incline Chest Press (Machine)",,"",1,"normal",90,5,,,
"push","26 Sep 2024, 20:40","26 Sep 2024, 21:32","","Bench Press (Dumbbell)",,"",0,"normal",50,12,,,
"push","26 Sep 2024, 20:40","26 Sep 2024, 21:32","","Bench Press (Dumbbell)",,"",1,"normal",50,10,,,
"push","26 Sep 2024, 20:40","26 Sep 2024, 21:32","","Bench Press (Dumbbell)",,"",2,"normal",50,11,,,
"push","26 Sep 2024, 20:40","26 Sep 2024, 21:32","","Bench Press (Dumbbell)",,"",3,"normal",50,8,,,
"push","26 Sep 2024, 20:40","26 Sep 2024, 21:32","","Incline Bench Press (Dumbbell)",,"",0,"normal",35,12,,,
"push","26 Sep 2024, 20:40","26 Sep 2024, 21:32","","Incline Bench Press (Dumbbell)",,"",1,"normal",35,12,,,
"push","26 Sep 2024, 20:40","26 Sep 2024, 21:32","","Incline Bench Press (Dumbbell)",,"",2,"normal",35,11,,,
"push","26 Sep 2024, 20:40","26 Sep 2024, 21:32","","Chest Fly (Machine)",,"",0,"normal",100,12,,,
"push","26 Sep 2024, 20:40","26 Sep 2024, 21:32","","Chest Fly (Machine)",,"",1,"normal",120,8,,,
"push","26 Sep 2024, 20:40","26 Sep 2024, 21:32","","Chest Fly (Machine)",,"",2,"normal",120,6,,,
"push","26 Sep 2024, 20:40","26 Sep 2024, 21:32","","Triceps Pushdown",,"",0,"normal",33,12,,,
"push","26 Sep 2024, 20:40","26 Sep 2024, 21:32","","Triceps Pushdown",,"",1,"normal",44,12,,,
"push","26 Sep 2024, 20:40","26 Sep 2024, 21:32","","Triceps Pushdown",,"",2,"normal",55,8,,,
"push","26 Sep 2024, 20:40","26 Sep 2024, 21:32","","Triceps Pushdown",,"",3,"normal",44,12,,,
"push","26 Sep 2024, 20:40","26 Sep 2024, 21:32","","Crunch (Machine)",,"",0,"normal",70,20,,,
"push","26 Sep 2024, 20:40","26 Sep 2024, 21:32","","Crunch (Machine)",,"",1,"normal",70,10,,,
"push","26 Sep 2024, 20:40","26 Sep 2024, 21:32","","Single Arm Lateral Raise (Cable)",,"",0,"normal",11,12,,,
"push","26 Sep 2024, 20:40","26 Sep 2024, 21:32","","Single Arm Lateral Raise (Cable)",,"",1,"normal",11,12,,,
"push","26 Sep 2024, 20:40","26 Sep 2024, 21:32","","Single Arm Lateral Raise (Cable)",,"",2,"normal",11,12,,,
"pushday after first sumaq","12 Sep 2024, 20:06","12 Sep 2024, 20:56","","Chest Press (Machine)",,"",0,"normal",80,12,,,
"pushday after first sumaq","12 Sep 2024, 20:06","12 Sep 2024, 20:56","","Chest Press (Machine)",,"",1,"normal",80,12,,,
"pushday after first sumaq","12 Sep 2024, 20:06","12 Sep 2024, 20:56","","Chest Press (Machine)",,"",2,"normal",80,8,,,
"pushday after first sumaq","12 Sep 2024, 20:06","12 Sep 2024, 20:56","","Chest Fly (Machine)",,"",0,"normal",100,12,,,
"pushday after first sumaq","12 Sep 2024, 20:06","12 Sep 2024, 20:56","","Chest Fly (Machine)",,"",1,"normal",120,8,,,
"pushday after first sumaq","12 Sep 2024, 20:06","12 Sep 2024, 20:56","","Chest Fly (Machine)",,"",2,"normal",120,8,,,
"pushday after first sumaq","12 Sep 2024, 20:06","12 Sep 2024, 20:56","","Incline Bench Press (Dumbbell)",,"",0,"normal",40,12,,,
"pushday after first sumaq","12 Sep 2024, 20:06","12 Sep 2024, 20:56","","Incline Bench Press (Dumbbell)",,"",1,"normal",40,12,,,
"pushday after first sumaq","12 Sep 2024, 20:06","12 Sep 2024, 20:56","","Incline Bench Press (Dumbbell)",,"",2,"normal",40,8,,,
"pushday after first sumaq","12 Sep 2024, 20:06","12 Sep 2024, 20:56","","Shoulder Press (Dumbbell)",,"",0,"normal",30,10,,,
"pushday after first sumaq","12 Sep 2024, 20:06","12 Sep 2024, 20:56","","Shoulder Press (Dumbbell)",,"",1,"normal",30,12,,,
"pushday after first sumaq","12 Sep 2024, 20:06","12 Sep 2024, 20:56","","Shoulder Press (Dumbbell)",,"",2,"normal",30,10,,,
"pushday after first sumaq","12 Sep 2024, 20:06","12 Sep 2024, 20:56","","Triceps Extension (Machine)",,"",0,"normal",80,8,,,
"pushday after first sumaq","12 Sep 2024, 20:06","12 Sep 2024, 20:56","","Triceps Extension (Machine)",,"",1,"normal",60,12,,,
"pushday after first sumaq","12 Sep 2024, 20:06","12 Sep 2024, 20:56","","Crunch (Machine)",,"",0,"normal",50,15,,,
"pushday after first sumaq","12 Sep 2024, 20:06","12 Sep 2024, 20:56","","Crunch (Machine)",,"",1,"normal",60,15,,,
"pushday after first sumaq","12 Sep 2024, 20:06","12 Sep 2024, 20:56","","Crunch (Machine)",,"",2,"normal",70,10,,,
"pullllllllllllll","4 Sep 2024, 21:29","4 Sep 2024, 22:14","","Lat Pulldown (Cable)",,"",0,"normal",88,12,,,
"pullllllllllllll","4 Sep 2024, 21:29","4 Sep 2024, 22:14","","Lat Pulldown (Cable)",,"",1,"normal",99,12,,,
"pullllllllllllll","4 Sep 2024, 21:29","4 Sep 2024, 22:14","","Lat Pulldown (Cable)",,"",2,"normal",110,9,,,
"pullllllllllllll","4 Sep 2024, 21:29","4 Sep 2024, 22:14","","Lat Pulldown (Cable)",,"",3,"normal",99,9,,,
"pullllllllllllll","4 Sep 2024, 21:29","4 Sep 2024, 22:14","","EZ Bar Biceps Curl",,"",0,"normal",40,12,,,
"pullllllllllllll","4 Sep 2024, 21:29","4 Sep 2024, 22:14","","EZ Bar Biceps Curl",,"",1,"normal",40,12,,,
"pullllllllllllll","4 Sep 2024, 21:29","4 Sep 2024, 22:14","","EZ Bar Biceps Curl",,"",2,"normal",40,12,,,
"pullllllllllllll","4 Sep 2024, 21:29","4 Sep 2024, 22:14","","Incline Bench Press (Dumbbell)",,"",0,"normal",45,12,,,
"pullllllllllllll","4 Sep 2024, 21:29","4 Sep 2024, 22:14","","Incline Bench Press (Dumbbell)",,"",1,"normal",45,12,,,
"pullllllllllllll","4 Sep 2024, 21:29","4 Sep 2024, 22:14","","Seated Incline Curl (Dumbbell)",,"",0,"normal",20,6,,,
"pullllllllllllll","4 Sep 2024, 21:29","4 Sep 2024, 22:14","","Bicep Curl (Dumbbell)",,"",0,"normal",20,12,,,
"pullllllllllllll","4 Sep 2024, 21:29","4 Sep 2024, 22:14","","Single Arm Lateral Raise (Cable)",,"",0,"normal",11,12,,,
"pullllllllllllll","4 Sep 2024, 21:29","4 Sep 2024, 22:14","","Single Arm Lateral Raise (Cable)",,"",1,"normal",11,12,,,
"pullllllllllllll","4 Sep 2024, 21:29","4 Sep 2024, 22:14","","Straight Arm Lat Pulldown (Cable)",,"",0,"normal",44,12,,,
"pullllllllllllll","4 Sep 2024, 21:29","4 Sep 2024, 22:14","","Straight Arm Lat Pulldown (Cable)",,"",1,"normal",55,5,,,
"pullllllllllllll","4 Sep 2024, 21:29","4 Sep 2024, 22:14","","Seated Cable Row - V Grip (Cable)",,"",0,"normal",99,12,,,
"pullllllllllllll","4 Sep 2024, 21:29","4 Sep 2024, 22:14","","Seated Cable Row - V Grip (Cable)",,"",1,"normal",99,8,,,
"pushing","18 Aug 2024, 11:41","18 Aug 2024, 12:33","","Bench Press (Barbell)",,"",0,"normal",45,12,,,
"pushing","18 Aug 2024, 11:41","18 Aug 2024, 12:33","","Bench Press (Barbell)",,"",1,"normal",95,12,,,
"pushing","18 Aug 2024, 11:41","18 Aug 2024, 12:33","","Bench Press (Barbell)",,"",2,"normal",115,12,,,
"pushing","18 Aug 2024, 11:41","18 Aug 2024, 12:33","","Bench Press (Barbell)",,"",3,"normal",135,6,,,
"pushing","18 Aug 2024, 11:41","18 Aug 2024, 12:33","","Bench Press (Barbell)",,"",4,"normal",135,3,,,
"pushing","18 Aug 2024, 11:41","18 Aug 2024, 12:33","","Triceps Pushdown",,"",0,"normal",38.5,12,,,
"pushing","18 Aug 2024, 11:41","18 Aug 2024, 12:33","","Triceps Pushdown",,"",1,"normal",44,12,,,
"pushing","18 Aug 2024, 11:41","18 Aug 2024, 12:33","","Triceps Pushdown",,"",2,"normal",49.5,12,,,
"pushing","18 Aug 2024, 11:41","18 Aug 2024, 12:33","","Triceps Pushdown",,"",3,"normal",49.5,8,,,
"pushing","18 Aug 2024, 11:41","18 Aug 2024, 12:33","","Single Arm Lateral Raise (Cable)",,"",0,"normal",16.5,10,,,
"pushing","18 Aug 2024, 11:41","18 Aug 2024, 12:33","","Single Arm Lateral Raise (Cable)",,"",1,"normal",16.5,10,,,
"pushing","18 Aug 2024, 11:41","18 Aug 2024, 12:33","","Single Arm Lateral Raise (Cable)",,"",2,"normal",11,12,,,
"pushing","18 Aug 2024, 11:41","18 Aug 2024, 12:33","","Incline Bench Press (Dumbbell)",,"",0,"normal",40,12,,,
"pushing","18 Aug 2024, 11:41","18 Aug 2024, 12:33","","Incline Bench Press (Dumbbell)",,"",1,"normal",45,10,,,
"pushing","18 Aug 2024, 11:41","18 Aug 2024, 12:33","","Incline Bench Press (Dumbbell)",,"",2,"normal",45,8,,,
"pushing","18 Aug 2024, 11:41","18 Aug 2024, 12:33","","Shrug (Barbell)",,"",0,"normal",80,20,,,
"pushing","18 Aug 2024, 11:41","18 Aug 2024, 12:33","","Shrug (Barbell)",,"",1,"normal",90,15,,,
"pushing","18 Aug 2024, 11:41","18 Aug 2024, 12:33","","Shrug (Barbell)",,"",2,"normal",90,15,,,
"pushing","18 Aug 2024, 11:41","18 Aug 2024, 12:33","","Chest Fly (Machine)",,"",0,"normal",100,12,,,
"pushing","18 Aug 2024, 11:41","18 Aug 2024, 12:33","","Chest Fly (Machine)",,"",1,"normal",120,12,,,
"pushing","18 Aug 2024, 11:41","18 Aug 2024, 12:33","","Chest Fly (Machine)",,"",2,"normal",120,12,,,
"push day with work clothes","2 Aug 2024, 18:22","2 Aug 2024, 19:41","","Bench Press (Barbell)",,"",0,"normal",45,12,,,
"push day with work clothes","2 Aug 2024, 18:22","2 Aug 2024, 19:41","","Bench Press (Barbell)",,"",1,"normal",95,12,,,
"push day with work clothes","2 Aug 2024, 18:22","2 Aug 2024, 19:41","","Bench Press (Barbell)",,"",2,"normal",155,10,,,
"push day with work clothes","2 Aug 2024, 18:22","2 Aug 2024, 19:41","","Bench Press (Barbell)",,"",3,"normal",135,8,,,
"push day with work clothes","2 Aug 2024, 18:22","2 Aug 2024, 19:41","","Bench Press (Barbell)",,"",4,"normal",135,12,,,
"push day with work clothes","2 Aug 2024, 18:22","2 Aug 2024, 19:41","","Incline Bench Press (Dumbbell)",,"",0,"normal",50,9,,,
"push day with work clothes","2 Aug 2024, 18:22","2 Aug 2024, 19:41","","Incline Bench Press (Dumbbell)",,"",1,"normal",50,10,,,
"push day with work clothes","2 Aug 2024, 18:22","2 Aug 2024, 19:41","","Incline Bench Press (Dumbbell)",,"",2,"normal",50,8,,,
"push day with work clothes","2 Aug 2024, 18:22","2 Aug 2024, 19:41","","Triceps Extension (Cable)",,"",0,"normal",14.1,15,,,
"push day with work clothes","2 Aug 2024, 18:22","2 Aug 2024, 19:41","","Triceps Extension (Cable)",,"",1,"normal",20.1,12,,,
"push day with work clothes","2 Aug 2024, 18:22","2 Aug 2024, 19:41","","Low Cable Fly Crossovers",,"",0,"normal",15,12,,,
"push day with work clothes","2 Aug 2024, 18:22","2 Aug 2024, 19:41","","Low Cable Fly Crossovers",,"",1,"normal",18.7,12,,,
"short pull day","30 Jul 2024, 20:01","30 Jul 2024, 20:37","injured myself from lat pulldown brain hurts","Seated Row (Machine)",,"",0,"normal",80,12,,,
"short pull day","30 Jul 2024, 20:01","30 Jul 2024, 20:37","injured myself from lat pulldown brain hurts","Lat Pulldown (Cable)",,"",0,"normal",99,12,,,
"short pull day","30 Jul 2024, 20:01","30 Jul 2024, 20:37","injured myself from lat pulldown brain hurts","Lat Pulldown (Cable)",,"",1,"normal",110,10,,,
"short pull day","30 Jul 2024, 20:01","30 Jul 2024, 20:37","injured myself from lat pulldown brain hurts","Lat Pulldown (Cable)",,"",2,"normal",110,8,,,
"short pull day","30 Jul 2024, 20:01","30 Jul 2024, 20:37","injured myself from lat pulldown brain hurts","Lat Pulldown (Cable)",,"",3,"normal",99,10,,,
"short pull day","30 Jul 2024, 20:01","30 Jul 2024, 20:37","injured myself from lat pulldown brain hurts","Seated Cable Row - V Grip (Cable)",,"",0,"normal",99,12,,,
"short pull day","30 Jul 2024, 20:01","30 Jul 2024, 20:37","injured myself from lat pulldown brain hurts","Seated Cable Row - V Grip (Cable)",,"",1,"normal",99,12,,,
"short pull day","30 Jul 2024, 20:01","30 Jul 2024, 20:37","injured myself from lat pulldown brain hurts","Seated Cable Row - V Grip (Cable)",,"",2,"normal",110,6,,,
"short pull day","30 Jul 2024, 20:01","30 Jul 2024, 20:37","injured myself from lat pulldown brain hurts","Bicep Curl (Barbell)",,"",0,"normal",40,12,,,
"short pull day","30 Jul 2024, 20:01","30 Jul 2024, 20:37","injured myself from lat pulldown brain hurts","Bicep Curl (Barbell)",,"",1,"normal",40,12,,,
"short pull day","30 Jul 2024, 20:01","30 Jul 2024, 20:37","injured myself from lat pulldown brain hurts","EZ Bar Biceps Curl",,"",0,"normal",50,6,,,
"short pull day","30 Jul 2024, 20:01","30 Jul 2024, 20:37","injured myself from lat pulldown brain hurts","EZ Bar Biceps Curl",,"",1,"normal",50,6,,,
"short pull day","30 Jul 2024, 20:01","30 Jul 2024, 20:37","injured myself from lat pulldown brain hurts","Bicep Curl (Dumbbell)",,"",0,"normal",15,12,,,
"short pull day","30 Jul 2024, 20:01","30 Jul 2024, 20:37","injured myself from lat pulldown brain hurts","Front Raise (Dumbbell)",,"",0,"normal",10,12,,,
"short pull day","30 Jul 2024, 20:01","30 Jul 2024, 20:37","injured myself from lat pulldown brain hurts","Front Raise (Dumbbell)",,"",1,"normal",15,12,,,
"short pull day","30 Jul 2024, 20:01","30 Jul 2024, 20:37","injured myself from lat pulldown brain hurts","Front Raise (Dumbbell)",,"",2,"normal",15,12,,,
"haven't been gym in a while quick push","24 Jul 2024, 20:22","24 Jul 2024, 21:05","","Bench Press (Dumbbell)",,"",0,"normal",45,12,,,
"haven't been gym in a while quick push","24 Jul 2024, 20:22","24 Jul 2024, 21:05","","Bench Press (Dumbbell)",,"",1,"normal",50,12,,,
"haven't been gym in a while quick push","24 Jul 2024, 20:22","24 Jul 2024, 21:05","","Bench Press (Dumbbell)",,"",2,"normal",50,12,,,
"haven't been gym in a while quick push","24 Jul 2024, 20:22","24 Jul 2024, 21:05","","Bench Press (Dumbbell)",,"",3,"normal",50,8,,,
"haven't been gym in a while quick push","24 Jul 2024, 20:22","24 Jul 2024, 21:05","","Incline Bench Press (Dumbbell)",,"",0,"normal",40,12,,,
"haven't been gym in a while quick push","24 Jul 2024, 20:22","24 Jul 2024, 21:05","","Incline Bench Press (Dumbbell)",,"",1,"normal",45,12,,,
"haven't been gym in a while quick push","24 Jul 2024, 20:22","24 Jul 2024, 21:05","","Incline Bench Press (Dumbbell)",,"",2,"normal",45,10,,,
"haven't been gym in a while quick push","24 Jul 2024, 20:22","24 Jul 2024, 21:05","","Seated Shoulder Press (Machine)",,"",0,"normal",50,12,,,
"haven't been gym in a while quick push","24 Jul 2024, 20:22","24 Jul 2024, 21:05","","Seated Shoulder Press (Machine)",,"",1,"normal",60,12,,,
"haven't been gym in a while quick push","24 Jul 2024, 20:22","24 Jul 2024, 21:05","","Seated Shoulder Press (Machine)",,"",2,"normal",70,8,,,
"haven't been gym in a while quick push","24 Jul 2024, 20:22","24 Jul 2024, 21:05","","Chest Fly (Machine)",,"",0,"normal",120,12,,,
"haven't been gym in a while quick push","24 Jul 2024, 20:22","24 Jul 2024, 21:05","","Chest Fly (Machine)",,"",1,"normal",120,8,,,
"haven't been gym in a while quick push","24 Jul 2024, 20:22","24 Jul 2024, 21:05","","Chest Fly (Machine)",,"",2,"normal",100,12,,,
"haven't been gym in a while quick push","24 Jul 2024, 20:22","24 Jul 2024, 21:05","","Triceps Pushdown",,"",0,"normal",33,12,,,
"haven't been gym in a while quick push","24 Jul 2024, 20:22","24 Jul 2024, 21:05","","Triceps Pushdown",,"",1,"normal",44,12,,,
"haven't been gym in a while quick push","24 Jul 2024, 20:22","24 Jul 2024, 21:05","","Triceps Pushdown",,"",2,"normal",55,8,,,
"haven't been gym in a while quick push","24 Jul 2024, 20:22","24 Jul 2024, 21:05","","Triceps Extension (Machine)",,"",0,"normal",80,12,,,
"push day","14 Jul 2024, 21:17","14 Jul 2024, 22:15","","Bench Press (Dumbbell)",,"",0,"normal",50,12,,,
"push day","14 Jul 2024, 21:17","14 Jul 2024, 22:15","","Bench Press (Dumbbell)",,"",1,"normal",55,12,,,
"push day","14 Jul 2024, 21:17","14 Jul 2024, 22:15","","Bench Press (Dumbbell)",,"",2,"normal",60,6,,,
"push day","14 Jul 2024, 21:17","14 Jul 2024, 22:15","","Bench Press (Dumbbell)",,"",3,"dropset",50,12,,,
"push day","14 Jul 2024, 21:17","14 Jul 2024, 22:15","","Incline Bench Press (Dumbbell)",,"",0,"normal",40,12,,,
"push day","14 Jul 2024, 21:17","14 Jul 2024, 22:15","","Incline Bench Press (Dumbbell)",,"",1,"normal",45,12,,,
"push day","14 Jul 2024, 21:17","14 Jul 2024, 22:15","","Incline Bench Press (Dumbbell)",,"",2,"normal",45,8,,,
"push day","14 Jul 2024, 21:17","14 Jul 2024, 22:15","","Single Arm Lateral Raise (Cable)",,"",0,"normal",11,12,,,
"push day","14 Jul 2024, 21:17","14 Jul 2024, 22:15","","Single Arm Lateral Raise (Cable)",,"",1,"normal",11,12,,,
"push day","14 Jul 2024, 21:17","14 Jul 2024, 22:15","","Single Arm Lateral Raise (Cable)",,"",2,"normal",11,12,,,
"push day","14 Jul 2024, 21:17","14 Jul 2024, 22:15","","Single Arm Lateral Raise (Cable)",,"",3,"normal",11,12,,,
"push day","14 Jul 2024, 21:17","14 Jul 2024, 22:15","","Chest Fly (Machine)",,"",0,"normal",120,12,,,
"push day","14 Jul 2024, 21:17","14 Jul 2024, 22:15","","Chest Fly (Machine)",,"",1,"normal",140,8,,,
"push day","14 Jul 2024, 21:17","14 Jul 2024, 22:15","","Chest Fly (Machine)",,"",2,"normal",160,1,,,
"push day","14 Jul 2024, 21:17","14 Jul 2024, 22:15","","Chest Fly (Machine)",,"",3,"dropset",120,12,,,
"push day","14 Jul 2024, 21:17","14 Jul 2024, 22:15","","Triceps Extension (Machine)",,"",0,"normal",80,12,,,
"push day","14 Jul 2024, 21:17","14 Jul 2024, 22:15","","Triceps Extension (Machine)",,"",1,"normal",90,7,,,
"push day","14 Jul 2024, 21:17","14 Jul 2024, 22:15","","Triceps Extension (Machine)",,"",2,"normal",80,10,,,
"push day","14 Jul 2024, 21:17","14 Jul 2024, 22:15","","Crunch (Machine)",,"",0,"normal",50,25,,,
"push day","14 Jul 2024, 21:17","14 Jul 2024, 22:15","","Crunch (Machine)",,"",1,"normal",60,15,,,
"back and bicep","11 Jul 2024, 22:14","11 Jul 2024, 23:22","","Seated Row (Machine)",,"",0,"normal",60,12,,,
"back and bicep","11 Jul 2024, 22:14","11 Jul 2024, 23:22","","Seated Row (Machine)",,"",1,"normal",70,12,,,
"back and bicep","11 Jul 2024, 22:14","11 Jul 2024, 23:22","","Lat Pulldown (Cable)",,"",0,"normal",99,12,,,
"back and bicep","11 Jul 2024, 22:14","11 Jul 2024, 23:22","","Lat Pulldown (Cable)",,"",1,"normal",110,8,,,
"back and bicep","11 Jul 2024, 22:14","11 Jul 2024, 23:22","","Lat Pulldown (Cable)",,"",2,"normal",110,8,,,
"back and bicep","11 Jul 2024, 22:14","11 Jul 2024, 23:22","","Seated Cable Row - V Grip (Cable)",,"",0,"normal",99,12,,,
"back and bicep","11 Jul 2024, 22:14","11 Jul 2024, 23:22","","Seated Cable Row - V Grip (Cable)",,"",1,"normal",110,12,,,
"back and bicep","11 Jul 2024, 22:14","11 Jul 2024, 23:22","","Seated Cable Row - V Grip (Cable)",,"",2,"normal",121,8,,,
"back and bicep","11 Jul 2024, 22:14","11 Jul 2024, 23:22","","Bicep Curl (Barbell)",,"",0,"normal",40,12,,,
"back and bicep","11 Jul 2024, 22:14","11 Jul 2024, 23:22","","Bicep Curl (Barbell)",,"",1,"normal",50,12,,,
"back and bicep","11 Jul 2024, 22:14","11 Jul 2024, 23:22","","Bicep Curl (Barbell)",,"",2,"normal",50,10,,,
"back and bicep","11 Jul 2024, 22:14","11 Jul 2024, 23:22","","Single Arm Lateral Raise (Cable)",,"",0,"normal",11,12,,,
"back and bicep","11 Jul 2024, 22:14","11 Jul 2024, 23:22","","Single Arm Lateral Raise (Cable)",,"",1,"normal",11,12,,,
"back and bicep","11 Jul 2024, 22:14","11 Jul 2024, 23:22","","Single Arm Lateral Raise (Cable)",,"",2,"normal",16.5,4,,,
"back and bicep","11 Jul 2024, 22:14","11 Jul 2024, 23:22","","Single Arm Lateral Raise (Cable)",,"",3,"normal",11,12,,,
"back and bicep","11 Jul 2024, 22:14","11 Jul 2024, 23:22","","Dumbbell Row",,"",0,"normal",35,12,,,
"back and bicep","11 Jul 2024, 22:14","11 Jul 2024, 23:22","","Dumbbell Row",,"",1,"normal",40,12,,,
"back and bicep","11 Jul 2024, 22:14","11 Jul 2024, 23:22","","Dumbbell Row",,"",2,"normal",40,12,,,
"back and bicep","11 Jul 2024, 22:14","11 Jul 2024, 23:22","","Shrug (Barbell)",,"",0,"normal",90,12,,,
"back and bicep","11 Jul 2024, 22:14","11 Jul 2024, 23:22","","Shrug (Barbell)",,"",1,"normal",90,12,,,
"back and bicep","11 Jul 2024, 22:14","11 Jul 2024, 23:22","","Shrug (Barbell)",,"",2,"normal",100,12,,,
"back and bicep","11 Jul 2024, 22:14","11 Jul 2024, 23:22","","Hammer Curl (Dumbbell)",,"",0,"normal",15,12,,,
"back and bicep","11 Jul 2024, 22:14","11 Jul 2024, 23:22","","Hammer Curl (Dumbbell)",,"",1,"normal",20,12,,,
"back and bicep","11 Jul 2024, 22:14","11 Jul 2024, 23:22","","Hammer Curl (Dumbbell)",,"",2,"normal",20,8,,,
"push day w abs at peak hour","10 Jul 2024, 20:58","10 Jul 2024, 21:56","","Overhead Press (Barbell)",,"",0,"normal",50,12,,,
"push day w abs at peak hour","10 Jul 2024, 20:58","10 Jul 2024, 21:56","","Overhead Press (Barbell)",,"",1,"normal",60,12,,,
"push day w abs at peak hour","10 Jul 2024, 20:58","10 Jul 2024, 21:56","","Overhead Press (Barbell)",,"",2,"normal",70,10,,,
"push day w abs at peak hour","10 Jul 2024, 20:58","10 Jul 2024, 21:56","","Overhead Press (Barbell)",,"",3,"normal",70,8,,,
"push day w abs at peak hour","10 Jul 2024, 20:58","10 Jul 2024, 21:56","","Chest Press (Machine)",,"",0,"normal",70,12,,,
"push day w abs at peak hour","10 Jul 2024, 20:58","10 Jul 2024, 21:56","","Chest Press (Machine)",,"",1,"normal",80,6,,,
"push day w abs at peak hour","10 Jul 2024, 20:58","10 Jul 2024, 21:56","","Chest Press (Machine)",,"",2,"normal",80,8,,,
"push day w abs at peak hour","10 Jul 2024, 20:58","10 Jul 2024, 21:56","","Chest Press (Machine)",,"",3,"normal",60,10,,,
"push day w abs at peak hour","10 Jul 2024, 20:58","10 Jul 2024, 21:56","","Triceps Extension (Machine)",,"",0,"warmup",30,12,,,
"push day w abs at peak hour","10 Jul 2024, 20:58","10 Jul 2024, 21:56","","Triceps Extension (Machine)",,"",1,"normal",70,12,,,
"push day w abs at peak hour","10 Jul 2024, 20:58","10 Jul 2024, 21:56","","Triceps Extension (Machine)",,"",2,"normal",80,12,,,
"push day w abs at peak hour","10 Jul 2024, 20:58","10 Jul 2024, 21:56","","Triceps Extension (Machine)",,"",3,"normal",90,8,,,
"push day w abs at peak hour","10 Jul 2024, 20:58","10 Jul 2024, 21:56","","Chest Fly (Machine)",,"",0,"normal",100,12,,,
"push day w abs at peak hour","10 Jul 2024, 20:58","10 Jul 2024, 21:56","","Chest Fly (Machine)",,"",1,"normal",120,12,,,
"push day w abs at peak hour","10 Jul 2024, 20:58","10 Jul 2024, 21:56","","Chest Fly (Machine)",,"",2,"normal",140,4,,,
"push day w abs at peak hour","10 Jul 2024, 20:58","10 Jul 2024, 21:56","","Chest Fly (Machine)",,"",3,"normal",120,8,,,
"push day w abs at peak hour","10 Jul 2024, 20:58","10 Jul 2024, 21:56","","Crunch (Machine)",,"",0,"normal",50,20,,,
"push day w abs at peak hour","10 Jul 2024, 20:58","10 Jul 2024, 21:56","","Crunch (Machine)",,"",1,"normal",60,20,,,
"push day w abs at peak hour","10 Jul 2024, 20:58","10 Jul 2024, 21:56","","Crunch (Machine)",,"",2,"normal",70,6,,,
"push day w abs at peak hour","10 Jul 2024, 20:58","10 Jul 2024, 21:56","","Reverse Crunch",,"",0,"normal",,25,,,
"push day w abs at peak hour","10 Jul 2024, 20:58","10 Jul 2024, 21:56","","Reverse Crunch",,"",1,"normal",,25,,,
"push day w abs at peak hour","10 Jul 2024, 20:58","10 Jul 2024, 21:56","","Russian Twist (Weighted)",,"",0,"normal",20,25,,,
"push day w abs at peak hour","10 Jul 2024, 20:58","10 Jul 2024, 21:56","","Russian Twist (Weighted)",,"",1,"normal",20,25,,,
"push day w abs at peak hour","10 Jul 2024, 20:58","10 Jul 2024, 21:56","","Incline Bench Press (Barbell)",,"",0,"normal",45,12,,,
"push day w abs at peak hour","10 Jul 2024, 20:58","10 Jul 2024, 21:56","","Incline Bench Press (Barbell)",,"",1,"normal",95,8,,,
"back and bicep","5 Jul 2024, 00:17","5 Jul 2024, 01:23","","Lat Pulldown (Cable)",,"",0,"warmup",99,12,,,
"back and bicep","5 Jul 2024, 00:17","5 Jul 2024, 01:23","","Lat Pulldown (Cable)",,"",1,"normal",110,8,,,
"back and bicep","5 Jul 2024, 00:17","5 Jul 2024, 01:23","","Lat Pulldown (Cable)",,"",2,"normal",132,6,,,
"back and bicep","5 Jul 2024, 00:17","5 Jul 2024, 01:23","","Lat Pulldown (Cable)",,"",3,"normal",132,6,,,
"back and bicep","5 Jul 2024, 00:17","5 Jul 2024, 01:23","","Bent Over Row (Barbell)",,"",0,"normal",50,12,,,
"back and bicep","5 Jul 2024, 00:17","5 Jul 2024, 01:23","","Bent Over Row (Barbell)",,"",1,"normal",60,12,,,
"back and bicep","5 Jul 2024, 00:17","5 Jul 2024, 01:23","","Bent Over Row (Barbell)",,"",2,"normal",70,12,,,
"back and bicep","5 Jul 2024, 00:17","5 Jul 2024, 01:23","","Bent Over Row (Barbell)",,"",3,"normal",80,12,,,
"back and bicep","5 Jul 2024, 00:17","5 Jul 2024, 01:23","","Seated Cable Row - V Grip (Cable)",,"",0,"normal",77,12,,,
"back and bicep","5 Jul 2024, 00:17","5 Jul 2024, 01:23","","Seated Cable Row - V Grip (Cable)",,"",1,"normal",88,12,,,
"back and bicep","5 Jul 2024, 00:17","5 Jul 2024, 01:23","","Seated Cable Row - V Grip (Cable)",,"",2,"normal",99,12,,,
"back and bicep","5 Jul 2024, 00:17","5 Jul 2024, 01:23","","Bicep Curl (Cable)",,"",0,"normal",38.5,8,,,
"back and bicep","5 Jul 2024, 00:17","5 Jul 2024, 01:23","","EZ Bar Biceps Curl",,"",0,"normal",30,12,,,
"back and bicep","5 Jul 2024, 00:17","5 Jul 2024, 01:23","","Bicep Curl (Barbell)",,"",0,"normal",40,12,,,
"back and bicep","5 Jul 2024, 00:17","5 Jul 2024, 01:23","","Bicep Curl (Barbell)",,"",1,"normal",40,12,,,
"back and bicep","5 Jul 2024, 00:17","5 Jul 2024, 01:23","","Bicep Curl (Barbell)",,"",2,"normal",50,8,,,
"back and bicep","5 Jul 2024, 00:17","5 Jul 2024, 01:23","","Seated Incline Curl (Dumbbell)",,"",0,"normal",10,12,,,
"back and bicep","5 Jul 2024, 00:17","5 Jul 2024, 01:23","","Seated Incline Curl (Dumbbell)",,"",1,"normal",15,8,,,
"back and bicep","5 Jul 2024, 00:17","5 Jul 2024, 01:23","","Shrug (Barbell)",,"",0,"normal",50,15,,,
"back and bicep","5 Jul 2024, 00:17","5 Jul 2024, 01:23","","Shrug (Barbell)",,"",1,"normal",80,15,,,
"back and bicep","5 Jul 2024, 00:17","5 Jul 2024, 01:23","","Shrug (Barbell)",,"",2,"normal",80,15,,,
"back and bicep","5 Jul 2024, 00:17","5 Jul 2024, 01:23","","Crunch (Machine)",,"",0,"normal",50,20,,,
"back and bicep","5 Jul 2024, 00:17","5 Jul 2024, 01:23","","Crunch (Machine)",,"",1,"normal",60,20,,,
"back and bicep","5 Jul 2024, 00:17","5 Jul 2024, 01:23","","Crunch (Machine)",,"",2,"normal",60,12,,,
"LEGS!!! (jk push day)","3 Jul 2024, 23:42","4 Jul 2024, 00:38","","Bench Press (Dumbbell)",,"",0,"normal",45,12,,,
"LEGS!!! (jk push day)","3 Jul 2024, 23:42","4 Jul 2024, 00:38","","Bench Press (Dumbbell)",,"",1,"normal",50,12,,,
"LEGS!!! (jk push day)","3 Jul 2024, 23:42","4 Jul 2024, 00:38","","Bench Press (Dumbbell)",,"",2,"normal",55,8,,,
"LEGS!!! (jk push day)","3 Jul 2024, 23:42","4 Jul 2024, 00:38","","Bench Press (Dumbbell)",,"",3,"normal",60,5,,,
"LEGS!!! (jk push day)","3 Jul 2024, 23:42","4 Jul 2024, 00:38","","Incline Bench Press (Dumbbell)",,"",0,"normal",40,12,,,
"LEGS!!! (jk push day)","3 Jul 2024, 23:42","4 Jul 2024, 00:38","","Incline Bench Press (Dumbbell)",,"",1,"normal",45,8,,,
"LEGS!!! (jk push day)","3 Jul 2024, 23:42","4 Jul 2024, 00:38","","Incline Bench Press (Dumbbell)",,"",2,"normal",45,12,,,
"LEGS!!! (jk push day)","3 Jul 2024, 23:42","4 Jul 2024, 00:38","","Arnold Press (Dumbbell)",,"",0,"normal",30,12,,,
"LEGS!!! (jk push day)","3 Jul 2024, 23:42","4 Jul 2024, 00:38","","Arnold Press (Dumbbell)",,"",1,"normal",30,12,,,
"LEGS!!! (jk push day)","3 Jul 2024, 23:42","4 Jul 2024, 00:38","","Arnold Press (Dumbbell)",,"",2,"normal",30,8,,,
"LEGS!!! (jk push day)","3 Jul 2024, 23:42","4 Jul 2024, 00:38","","Chest Fly (Machine)",,"",0,"normal",100,12,,,
"LEGS!!! (jk push day)","3 Jul 2024, 23:42","4 Jul 2024, 00:38","","Chest Fly (Machine)",,"",1,"normal",120,8,,,
"LEGS!!! (jk push day)","3 Jul 2024, 23:42","4 Jul 2024, 00:38","","Chest Fly (Machine)",,"",2,"normal",120,4,,,
"LEGS!!! (jk push day)","3 Jul 2024, 23:42","4 Jul 2024, 00:38","","Triceps Pushdown",,"",0,"warmup",33,12,,,
"LEGS!!! (jk push day)","3 Jul 2024, 23:42","4 Jul 2024, 00:38","","Triceps Pushdown",,"",1,"normal",44,12,,,
"LEGS!!! (jk push day)","3 Jul 2024, 23:42","4 Jul 2024, 00:38","","Triceps Pushdown",,"",2,"normal",55,10,,,
"LEGS!!! (jk push day)","3 Jul 2024, 23:42","4 Jul 2024, 00:38","","Triceps Pushdown",,"",3,"normal",44,12,,,
"random 2am motivation (abs, shoulders)","30 Jun 2024, 02:24","30 Jun 2024, 03:09","","In & Outs",,"",0,"normal",,10,,,
"random 2am motivation (abs, shoulders)","30 Jun 2024, 02:24","30 Jun 2024, 03:09","","Jackknife Sit Up",,"",0,"normal",,10,,,
"random 2am motivation (abs, shoulders)","30 Jun 2024, 02:24","30 Jun 2024, 03:09","","V Up",,"",0,"normal",,12,,,
"random 2am motivation (abs, shoulders)","30 Jun 2024, 02:24","30 Jun 2024, 03:09","","Sit Up",,"",0,"normal",,15,,,
"random 2am motivation (abs, shoulders)","30 Jun 2024, 02:24","30 Jun 2024, 03:09","","Flutter Kicks",,"",0,"normal",,40,,,
"random 2am motivation (abs, shoulders)","30 Jun 2024, 02:24","30 Jun 2024, 03:09","","Incline Push Ups",,"",0,"normal",,12,,,
"random 2am motivation (abs, shoulders)","30 Jun 2024, 02:24","30 Jun 2024, 03:09","","Incline Push Ups",,"",1,"normal",,25,,,
"random 2am motivation (abs, shoulders)","30 Jun 2024, 02:24","30 Jun 2024, 03:09","","Incline Push Ups",,"",2,"normal",,20,,,
"random 2am motivation (abs, shoulders)","30 Jun 2024, 02:24","30 Jun 2024, 03:09","","Lateral Raise (Dumbbell)",,"",0,"normal",10,12,,,
"random 2am motivation (abs, shoulders)","30 Jun 2024, 02:24","30 Jun 2024, 03:09","","Lateral Raise (Dumbbell)",,"",1,"normal",10,15,,,
"random 2am motivation (abs, shoulders)","30 Jun 2024, 02:24","30 Jun 2024, 03:09","","Lateral Raise (Dumbbell)",,"",2,"normal",10,12,,,
"random 2am motivation (abs, shoulders)","30 Jun 2024, 02:24","30 Jun 2024, 03:09","","Heel Taps",,"",0,"normal",,20,,,
"random 2am motivation (abs, shoulders)","30 Jun 2024, 02:24","30 Jun 2024, 03:09","","Oblique Crunch",,"",0,"normal",,15,,,
"random 2am motivation (abs, shoulders)","30 Jun 2024, 02:24","30 Jun 2024, 03:09","","Side Plank",,"",0,"normal",,,,30,
"random 2am motivation (abs, shoulders)","30 Jun 2024, 02:24","30 Jun 2024, 03:09","","Russian Twist (Bodyweight)",,"",0,"normal",,20,,,
"random 2am motivation (abs, shoulders)","30 Jun 2024, 02:24","30 Jun 2024, 03:09","","Russian Twist (Weighted)",,"",0,"normal",10,20,,,
"random 2am motivation (abs, shoulders)","30 Jun 2024, 02:24","30 Jun 2024, 03:09","","Side Bend (Dumbbell)",,"",0,"normal",35,15,,,
"random 2am motivation (abs, shoulders)","30 Jun 2024, 02:24","30 Jun 2024, 03:09","","Push Up",,"",0,"normal",,10,,,
"random 2am motivation (abs, shoulders)","30 Jun 2024, 02:24","30 Jun 2024, 03:09","","Hammer Curl (Dumbbell)",,"",0,"normal",35,10,,,
"random 2am motivation (abs, shoulders)","30 Jun 2024, 02:24","30 Jun 2024, 03:09","","Arnold Press (Dumbbell)",,"",0,"normal",35,6,,,
"random 2am motivation (abs, shoulders)","30 Jun 2024, 02:24","30 Jun 2024, 03:09","","Arnold Press (Dumbbell)",,"",1,"normal",25,12,,,
"random 2am motivation (abs, shoulders)","30 Jun 2024, 02:24","30 Jun 2024, 03:09","","Arnold Press (Dumbbell)",,"",2,"normal",25,12,,,
"push day with hot men","27 Jun 2024, 22:02","28 Jun 2024, 00:21","","Bench Press (Barbell)",,"",0,"warmup",45,12,,,
"push day with hot men","27 Jun 2024, 22:02","28 Jun 2024, 00:21","","Bench Press (Barbell)",,"",1,"normal",95,10,,,
"push day with hot men","27 Jun 2024, 22:02","28 Jun 2024, 00:21","","Bench Press (Barbell)",,"",2,"normal",115,10,,,
"push day with hot men","27 Jun 2024, 22:02","28 Jun 2024, 00:21","","Bench Press (Barbell)",,"",3,"normal",135,12,,,
"push day with hot men","27 Jun 2024, 22:02","28 Jun 2024, 00:21","","Incline Bench Press (Dumbbell)",,"",0,"normal",40,12,,,
"push day with hot men","27 Jun 2024, 22:02","28 Jun 2024, 00:21","","Incline Bench Press (Dumbbell)",,"",1,"normal",50,10,,,
"push day with hot men","27 Jun 2024, 22:02","28 Jun 2024, 00:21","","Incline Bench Press (Dumbbell)",,"",2,"normal",50,12,,,
"push day with hot men","27 Jun 2024, 22:02","28 Jun 2024, 00:21","","Low Cable Fly Crossovers",,"",0,"normal",15,10,,,
"push day with hot men","27 Jun 2024, 22:02","28 Jun 2024, 00:21","","Low Cable Fly Crossovers",,"",1,"normal",15,12,,,
"push day with hot men","27 Jun 2024, 22:02","28 Jun 2024, 00:21","","Seated Row (Machine)",,"",0,"normal",70,4,,,
"push day with hot men","27 Jun 2024, 22:02","28 Jun 2024, 00:21","","Seated Row (Machine)",,"",1,"normal",100,8,,,
"push day with hot men","27 Jun 2024, 22:02","28 Jun 2024, 00:21","","Butterfly (Pec Deck)",,"",0,"normal",115,12,,,
"push day with hot men","27 Jun 2024, 22:02","28 Jun 2024, 00:21","","Butterfly (Pec Deck)",,"",1,"normal",130,10,,,
"push day with hot men","27 Jun 2024, 22:02","28 Jun 2024, 00:21","","Triceps Pushdown",,"",0,"normal",44,12,,,
"push day with hot men","27 Jun 2024, 22:02","28 Jun 2024, 00:21","","Triceps Pushdown",,"",1,"normal",49.5,12,,,
"push day with hot men","27 Jun 2024, 22:02","28 Jun 2024, 00:21","","Triceps Extension (Cable)",,"",0,"normal",22,8,,,
"push day with hot men","27 Jun 2024, 22:02","28 Jun 2024, 00:21","","Triceps Extension (Cable)",,"",1,"normal",27.5,6,,,
"push day with hot men","27 Jun 2024, 22:02","28 Jun 2024, 00:21","","Leg Raise Parallel Bars",,"",0,"normal",,10,,,
"push day with hot men","27 Jun 2024, 22:02","28 Jun 2024, 00:21","","Crunch (Machine)",,"",0,"normal",50,20,,,
"push day with hot men","27 Jun 2024, 22:02","28 Jun 2024, 00:21","","Crunch (Machine)",,"",1,"normal",55,20,,,
"push day with hot men","27 Jun 2024, 22:02","28 Jun 2024, 00:21","","Crunch (Machine)",,"",2,"normal",60,15,,,
"push day with hot men","27 Jun 2024, 22:02","28 Jun 2024, 00:21","","Lying Leg Raise",,"",0,"normal",,20,,,
"push day with hot men","27 Jun 2024, 22:02","28 Jun 2024, 00:21","","Lying Leg Raise",,"",1,"normal",,20,,,
"push day with hot men","27 Jun 2024, 22:02","28 Jun 2024, 00:21","","Lying Leg Raise",,"",2,"normal",,20,,,
"push day with hot men","27 Jun 2024, 22:02","28 Jun 2024, 00:21","","Plank",,"",0,"normal",,,,60,
"back and bicep and cockadoodle","25 Jun 2024, 22:05","25 Jun 2024, 23:13","gym was busy at 11pm 😔","Seated Row (Machine)",,"",0,"warmup",60,12,,,
"back and bicep and cockadoodle","25 Jun 2024, 22:05","25 Jun 2024, 23:13","gym was busy at 11pm 😔","Seated Row (Machine)",,"",1,"normal",80,8,,,
"back and bicep and cockadoodle","25 Jun 2024, 22:05","25 Jun 2024, 23:13","gym was busy at 11pm 😔","Seated Row (Machine)",,"",2,"normal",80,8,,,
"back and bicep and cockadoodle","25 Jun 2024, 22:05","25 Jun 2024, 23:13","gym was busy at 11pm 😔","Seated Row (Machine)",,"",3,"normal",80,8,,,
"back and bicep and cockadoodle","25 Jun 2024, 22:05","25 Jun 2024, 23:13","gym was busy at 11pm 😔","Lat Pulldown (Cable)",,"",0,"warmup",53,12,,,
"back and bicep and cockadoodle","25 Jun 2024, 22:05","25 Jun 2024, 23:13","gym was busy at 11pm 😔","Lat Pulldown (Cable)",,"",1,"normal",99,12,,,
"back and bicep and cockadoodle","25 Jun 2024, 22:05","25 Jun 2024, 23:13","gym was busy at 11pm 😔","Lat Pulldown (Cable)",,"",2,"normal",110,8,,,
"back and bicep and cockadoodle","25 Jun 2024, 22:05","25 Jun 2024, 23:13","gym was busy at 11pm 😔","Lat Pulldown (Cable)",,"",3,"normal",132,6,,,
"back and bicep and cockadoodle","25 Jun 2024, 22:05","25 Jun 2024, 23:13","gym was busy at 11pm 😔","Reverse Grip Lat Pulldown (Cable)",,"",0,"normal",53,12,,,
"back and bicep and cockadoodle","25 Jun 2024, 22:05","25 Jun 2024, 23:13","gym was busy at 11pm 😔","Reverse Grip Lat Pulldown (Cable)",,"",1,"normal",88,12,,,
"back and bicep and cockadoodle","25 Jun 2024, 22:05","25 Jun 2024, 23:13","gym was busy at 11pm 😔","Reverse Grip Lat Pulldown (Cable)",,"",2,"normal",99,6,,,
"back and bicep and cockadoodle","25 Jun 2024, 22:05","25 Jun 2024, 23:13","gym was busy at 11pm 😔","Bent Over Row (Dumbbell)",,"",0,"normal",25,12,,,
"back and bicep and cockadoodle","25 Jun 2024, 22:05","25 Jun 2024, 23:13","gym was busy at 11pm 😔","Bent Over Row (Dumbbell)",,"",1,"normal",35,8,,,
"back and bicep and cockadoodle","25 Jun 2024, 22:05","25 Jun 2024, 23:13","gym was busy at 11pm 😔","Bent Over Row (Barbell)",,"",0,"normal",40,12,,,
"back and bicep and cockadoodle","25 Jun 2024, 22:05","25 Jun 2024, 23:13","gym was busy at 11pm 😔","Bent Over Row (Barbell)",,"",1,"normal",50,12,,,
"back and bicep and cockadoodle","25 Jun 2024, 22:05","25 Jun 2024, 23:13","gym was busy at 11pm 😔","Bent Over Row (Barbell)",,"",2,"normal",60,12,,,
"back and bicep and cockadoodle","25 Jun 2024, 22:05","25 Jun 2024, 23:13","gym was busy at 11pm 😔","Bent Over Row (Barbell)",,"",3,"normal",70,12,,,
"back and bicep and cockadoodle","25 Jun 2024, 22:05","25 Jun 2024, 23:13","gym was busy at 11pm 😔","EZ Bar Biceps Curl",,"",0,"normal",30,12,,,
"back and bicep and cockadoodle","25 Jun 2024, 22:05","25 Jun 2024, 23:13","gym was busy at 11pm 😔","EZ Bar Biceps Curl",,"",1,"normal",30,12,,,
"back and bicep and cockadoodle","25 Jun 2024, 22:05","25 Jun 2024, 23:13","gym was busy at 11pm 😔","Bicep Curl (Barbell)",,"",0,"normal",40,10,,,
"back and bicep and cockadoodle","25 Jun 2024, 22:05","25 Jun 2024, 23:13","gym was busy at 11pm 😔","Bicep Curl (Barbell)",,"",1,"normal",40,10,,,
"back and bicep and cockadoodle","25 Jun 2024, 22:05","25 Jun 2024, 23:13","gym was busy at 11pm 😔","Cross Body Hammer Curl",,"",0,"normal",20,8,,,
"back and bicep and cockadoodle","25 Jun 2024, 22:05","25 Jun 2024, 23:13","gym was busy at 11pm 😔","Cross Body Hammer Curl",,"",1,"normal",15,12,,,
"back and bicep and cockadoodle","25 Jun 2024, 22:05","25 Jun 2024, 23:13","gym was busy at 11pm 😔","Cross Body Hammer Curl",,"",2,"normal",15,12,,,
"back and bicep and cockadoodle","25 Jun 2024, 22:05","25 Jun 2024, 23:13","gym was busy at 11pm 😔","Shrug (Dumbbell)",,"",0,"normal",45,12,,,
"back and bicep and cockadoodle","25 Jun 2024, 22:05","25 Jun 2024, 23:13","gym was busy at 11pm 😔","Shrug (Dumbbell)",,"",1,"normal",45,12,,,
"back and bicep and cockadoodle","25 Jun 2024, 22:05","25 Jun 2024, 23:13","gym was busy at 11pm 😔","Shrug (Dumbbell)",,"",2,"normal",45,12,,,
"workout in my room (chest, back, tricep, shlong)","20 Jun 2024, 20:54","20 Jun 2024, 21:36","","Shoulder Press (Dumbbell)",,"",0,"normal",35,15,,,
"workout in my room (chest, back, tricep, shlong)","20 Jun 2024, 20:54","20 Jun 2024, 21:36","","Shoulder Press (Dumbbell)",,"",1,"normal",35,15,,,
"workout in my room (chest, back, tricep, shlong)","20 Jun 2024, 20:54","20 Jun 2024, 21:36","","Shoulder Press (Dumbbell)",,"",2,"normal",35,10,,,
"workout in my room (chest, back, tricep, shlong)","20 Jun 2024, 20:54","20 Jun 2024, 21:36","","Dumbbell Row",,"",0,"normal",35,15,,,
"workout in my room (chest, back, tricep, shlong)","20 Jun 2024, 20:54","20 Jun 2024, 21:36","","Dumbbell Row",,"",1,"normal",35,15,,,
"workout in my room (chest, back, tricep, shlong)","20 Jun 2024, 20:54","20 Jun 2024, 21:36","","Dumbbell Row",,"",2,"normal",35,15,,,
"workout in my room (chest, back, tricep, shlong)","20 Jun 2024, 20:54","20 Jun 2024, 21:36","","Lateral Raise (Dumbbell)",,"",0,"normal",10,15,,,
"workout in my room (chest, back, tricep, shlong)","20 Jun 2024, 20:54","20 Jun 2024, 21:36","","Lateral Raise (Dumbbell)",,"",1,"normal",10,10,,,
"workout in my room (chest, back, tricep, shlong)","20 Jun 2024, 20:54","20 Jun 2024, 21:36","","Lateral Raise (Dumbbell)",,"",2,"normal",10,15,,,
"workout in my room (chest, back, tricep, shlong)","20 Jun 2024, 20:54","20 Jun 2024, 21:36","","Shrug (Dumbbell)",,"",0,"normal",35,20,,,
"workout in my room (chest, back, tricep, shlong)","20 Jun 2024, 20:54","20 Jun 2024, 21:36","","Shrug (Dumbbell)",,"",1,"normal",35,20,,,
"workout in my room (chest, back, tricep, shlong)","20 Jun 2024, 20:54","20 Jun 2024, 21:36","","Shrug (Dumbbell)",,"",2,"normal",35,20,,,
"workout in my room (chest, back, tricep, shlong)","20 Jun 2024, 20:54","20 Jun 2024, 21:36","","Triceps Extension (Dumbbell)",,"",0,"normal",35,10,,,
"workout in my room (chest, back, tricep, shlong)","20 Jun 2024, 20:54","20 Jun 2024, 21:36","","Bench Dip",,"",0,"normal",,15,,,
"workout in my room (chest, back, tricep, shlong)","20 Jun 2024, 20:54","20 Jun 2024, 21:36","","Bench Dip",,"",1,"normal",,15,,,
"workout in my room (chest, back, tricep, shlong)","20 Jun 2024, 20:54","20 Jun 2024, 21:36","","Bench Dip",,"",2,"normal",,15,,,
"workout in my room (chest, back, tricep, shlong)","20 Jun 2024, 20:54","20 Jun 2024, 21:36","","Decline Push Up",,"",0,"normal",,12,,,
"workout in my room (chest, back, tricep, shlong)","20 Jun 2024, 20:54","20 Jun 2024, 21:36","","Decline Push Up",,"",1,"normal",,12,,,
"workout in my room (chest, back, tricep, shlong)","20 Jun 2024, 20:54","20 Jun 2024, 21:36","","Decline Push Up",,"",2,"normal",,12,,,
"push","11 Jun 2024, 23:21","12 Jun 2024, 00:25","push","Bench Press (Dumbbell)",,"",0,"warmup",35,12,,,
"push","11 Jun 2024, 23:21","12 Jun 2024, 00:25","push","Bench Press (Dumbbell)",,"",1,"normal",40,12,,,
"push","11 Jun 2024, 23:21","12 Jun 2024, 00:25","push","Bench Press (Dumbbell)",,"",2,"normal",45,8,,,
"push","11 Jun 2024, 23:21","12 Jun 2024, 00:25","push","Bench Press (Dumbbell)",,"",3,"normal",45,12,,,
"push","11 Jun 2024, 23:21","12 Jun 2024, 00:25","push","Bench Press (Dumbbell)",,"",4,"normal",45,12,,,
"push","11 Jun 2024, 23:21","12 Jun 2024, 00:25","push","Incline Bench Press (Dumbbell)",,"",0,"normal",30,12,,,
"push","11 Jun 2024, 23:21","12 Jun 2024, 00:25","push","Incline Bench Press (Dumbbell)",,"",1,"normal",35,12,,,
"push","11 Jun 2024, 23:21","12 Jun 2024, 00:25","push","Incline Bench Press (Dumbbell)",,"",2,"normal",35,10,,,
"push","11 Jun 2024, 23:21","12 Jun 2024, 00:25","push","Incline Bench Press (Dumbbell)",,"",3,"failure",40,8,,,
"push","11 Jun 2024, 23:21","12 Jun 2024, 00:25","push","Triceps Extension (Dumbbell)",,"",0,"normal",40,5,,,
"push","11 Jun 2024, 23:21","12 Jun 2024, 00:25","push","Shoulder Press (Dumbbell)",,"",0,"normal",30,12,,,
"push","11 Jun 2024, 23:21","12 Jun 2024, 00:25","push","Shoulder Press (Dumbbell)",,"",1,"normal",30,12,,,
"push","11 Jun 2024, 23:21","12 Jun 2024, 00:25","push","Shoulder Press (Dumbbell)",,"",2,"normal",30,8,,,
"push","11 Jun 2024, 23:21","12 Jun 2024, 00:25","push","Chest Press (Machine)",,"",0,"warmup",40,12,,,
"push","11 Jun 2024, 23:21","12 Jun 2024, 00:25","push","Chest Press (Machine)",,"",1,"normal",60,8,,,
"push","11 Jun 2024, 23:21","12 Jun 2024, 00:25","push","Chest Press (Machine)",,"",2,"normal",60,10,,,
"push","11 Jun 2024, 23:21","12 Jun 2024, 00:25","push","Chest Press (Machine)",,"",3,"failure",50,12,,,
"push","11 Jun 2024, 23:21","12 Jun 2024, 00:25","push","Chest Fly (Machine)",,"",0,"normal",70,12,,,
"push","11 Jun 2024, 23:21","12 Jun 2024, 00:25","push","Chest Fly (Machine)",,"",1,"normal",80,12,,,
"push","11 Jun 2024, 23:21","12 Jun 2024, 00:25","push","Chest Fly (Machine)",,"",2,"normal",90,8,,,
"push","11 Jun 2024, 23:21","12 Jun 2024, 00:25","push","Chest Fly (Machine)",,"",3,"failure",100,5,,,
"push","11 Jun 2024, 23:21","12 Jun 2024, 00:25","push","Triceps Pushdown",,"",0,"warmup",33,12,,,
"push","11 Jun 2024, 23:21","12 Jun 2024, 00:25","push","Triceps Pushdown",,"",1,"normal",44,12,,,
"push","11 Jun 2024, 23:21","12 Jun 2024, 00:25","push","Triceps Pushdown",,"",2,"normal",44,12,,,